op_number,file,line,model,operation,hint_from_scanner,verdict,evidence_lines_read,evidence_quote,verified_at,verified_by
001,./server/src/services/advanced/acosService.ts,157,complianceGoal,.create(,ORG_IN_FUNC_NOT_IN_WRITE,ORG_IN_WHERE_OR_DATA,server/src/services/advanced/acosService.ts:89-204,"const goalData: any = { id: goalId; organizationId; goalType: goal.goalType",2026-05-25T17:00:00Z,L7_chunk_01
002,./server/src/services/advanced/acosService.ts,170,auditLog,.create(,ORG_SCOPED,ORG_IN_WHERE_OR_DATA,server/src/services/advanced/acosService.ts:170-178,"data: { action: 'acos.goal_created'; details: JSON.stringify(createdGoal); userId; organizationId;",2026-05-25T17:00:00Z,L7_chunk_01
003,./server/src/services/advanced/acosService.ts,273,controlLoop,.create(,ORG_SCOPED,ORG_IN_WHERE_OR_DATA,server/src/services/advanced/acosService.ts:209-308,"data: { id: loopId; organizationId; controlId;",2026-05-25T17:00:00Z,L7_chunk_01
004,./server/src/services/advanced/acosService.ts,296,auditLog,.create(,ORG_SCOPED,ORG_IN_WHERE_OR_DATA,server/src/services/advanced/acosService.ts:296-304,"data: { action: 'acos.control_loop_created'; details: JSON.stringify(createdLoop); userId; organizationId;",2026-05-25T17:00:00Z,L7_chunk_01
005,./server/src/services/advanced/acosService.ts,483,controlLoop,.update(,ORG_IN_FUNC_NOT_IN_WRITE,ORG_IN_PRIOR_findFirst,server/src/services/advanced/acosService.ts:346-608,"const loop = await prisma.controlLoop.findFirst({ where: { id: loopId; organizationId } });",2026-05-25T17:00:00Z,L7_chunk_01
006,./server/src/services/advanced/acosService.ts,549,controlLoop,.update(,ORG_IN_FUNC_NOT_IN_WRITE,ORG_IN_PRIOR_findFirst,server/src/services/advanced/acosService.ts:346-608,"const loop = await prisma.controlLoop.findFirst({ where: { id: loopId; organizationId } });",2026-05-25T17:00:00Z,L7_chunk_01
007,./server/src/services/advanced/acosService.ts,568,controlLoop,.update(,ORG_IN_FUNC_NOT_IN_WRITE,ORG_IN_PRIOR_findFirst,server/src/services/advanced/acosService.ts:346-608,"const loop = await prisma.controlLoop.findFirst({ where: { id: loopId; organizationId } });",2026-05-25T17:00:00Z,L7_chunk_01
008,./server/src/services/advanced/acosService.ts,595,controlLoop,.update(,ORG_IN_FUNC_NOT_IN_WRITE,ORG_IN_PRIOR_findFirst,server/src/services/advanced/acosService.ts:346-608,"const loop = await prisma.controlLoop.findFirst({ where: { id: loopId; organizationId } });",2026-05-25T17:00:00Z,L7_chunk_01
009,./server/src/services/advanced/acosService.ts,661,frameworkControl,.update(,ORG_IN_FUNC_NOT_IN_WRITE,PARENT_ORG_VERIFIED,server/src/services/advanced/acosService.ts:346-678,"control passed from executeControlLoop where prisma.controlLoop.findFirst({ where: { id: loopId; organizationId }; include: { control } }) verified parent",2026-05-25T17:00:00Z,L7_chunk_01
010,./server/src/services/advanced/acosService.ts,715,complianceDebt,.create(,ORG_SCOPED,ORG_IN_WHERE_OR_DATA,server/src/services/advanced/acosService.ts:697-762,"data: { id: debtId; organizationId; frameworkId: debt.frameworkId;",2026-05-25T17:00:00Z,L7_chunk_01
011,./server/src/services/advanced/acosService.ts,730,auditLog,.create(,ORG_IN_FUNC_NOT_IN_WRITE,ORG_IN_WHERE_OR_DATA,server/src/services/advanced/acosService.ts:730-743,"userId; organizationId; hash: crypto.randomBytes(16).toString('hex'),",2026-05-25T17:00:00Z,L7_chunk_01
012,./server/src/services/advanced/acosService.ts,903,changeImpact,.create(,ORG_SCOPED,ORG_IN_WHERE_OR_DATA,server/src/services/advanced/acosService.ts:852-935,"data: { id: impactId; organizationId; changeType: change.changeType;",2026-05-25T17:00:00Z,L7_chunk_01
013,./server/src/services/advanced/acosService.ts,919,auditLog,.create(,ORG_IN_FUNC_NOT_IN_WRITE,ORG_IN_WHERE_OR_DATA,server/src/services/advanced/acosService.ts:919-933,"userId; organizationId; hash: crypto.randomBytes(16).toString('hex'),",2026-05-25T17:00:00Z,L7_chunk_01
014,./server/src/services/advanced/acosService.ts,1198,auditLog,.create(,ORG_SCOPED,ORG_IN_WHERE_OR_DATA,server/src/services/advanced/acosService.ts:1179-1222,"userId; organizationId; hash: (await import('crypto')).randomBytes(16).toString('hex'),",2026-05-25T17:00:00Z,L7_chunk_01
015,./server/src/services/advanced/acosService.ts,1209,changeImpact,.update(,ORG_IN_FUNC_NOT_IN_WRITE,ORG_IN_PRIOR_findFirst,server/src/services/advanced/acosService.ts:1179-1222,"const impact = await prisma.changeImpact.findFirst({ where: { id: impactId; organizationId } });",2026-05-25T17:00:00Z,L7_chunk_01
016,./server/src/services/advanced/acosService.ts,1427,controlLoop,.update(,ORG_IN_FUNC_NOT_IN_WRITE,ORG_IN_PRIOR_findFirst,server/src/services/advanced/acosService.ts:1390-1466,"const existingLoop = await prisma.controlLoop.findFirst({ where: { id: loopId; organizationId } });",2026-05-25T17:00:00Z,L7_chunk_01
017,./server/src/services/advanced/acosService.ts,1433,auditLog,.create(,ORG_SCOPED,ORG_IN_WHERE_OR_DATA,server/src/services/advanced/acosService.ts:1433-1441,"action: 'acos.control_loop_updated'; details: JSON.stringify({ loopId; updates }); userId; organizationId;",2026-05-25T17:00:00Z,L7_chunk_01
018,./server/src/services/advanced/acosService.ts,1488,controlLoop,.update(,ORG_IN_FUNC_NOT_IN_WRITE,ORG_IN_PRIOR_findFirst,server/src/services/advanced/acosService.ts:1471-1527,"const loop = await prisma.controlLoop.findFirst({ where: { id: loopId; organizationId } });",2026-05-25T17:00:00Z,L7_chunk_01
019,./server/src/services/advanced/acosService.ts,1494,auditLog,.create(,ORG_SCOPED,ORG_IN_WHERE_OR_DATA,server/src/services/advanced/acosService.ts:1494-1502,"action: 'acos.control_loop_paused'; details: JSON.stringify({ loopId }); userId; organizationId;",2026-05-25T17:00:00Z,L7_chunk_01
020,./server/src/services/advanced/acosService.ts,1549,controlLoop,.update(,ORG_IN_FUNC_NOT_IN_WRITE,ORG_IN_PRIOR_findFirst,server/src/services/advanced/acosService.ts:1532-1588,"const loop = await prisma.controlLoop.findFirst({ where: { id: loopId; organizationId } });",2026-05-25T17:00:00Z,L7_chunk_01
021,./server/src/services/advanced/acosService.ts,1555,auditLog,.create(,ORG_SCOPED,ORG_IN_WHERE_OR_DATA,server/src/services/advanced/acosService.ts:1555-1563,"action: 'acos.control_loop_resumed'; details: JSON.stringify({ loopId }); userId; organizationId;",2026-05-25T17:00:00Z,L7_chunk_01
022,./server/src/services/advanced/acosService.ts,1620,controlLoop,.delete(,ORG_IN_FUNC_NOT_IN_WRITE,ORG_IN_PRIOR_findFirst,server/src/services/advanced/acosService.ts:1593-1640,"const loop = await prisma.controlLoop.findFirst({ where: { id: loopId; organizationId } });",2026-05-25T17:00:00Z,L7_chunk_01
023,./server/src/services/advanced/acosService.ts,1625,auditLog,.create(,ORG_SCOPED,ORG_IN_WHERE_OR_DATA,server/src/services/advanced/acosService.ts:1625-1633,"action: 'acos.control_loop_deleted'; details: JSON.stringify({ loopId }); userId; organizationId;",2026-05-25T17:00:00Z,L7_chunk_01
024,./server/src/services/advanced/acosService.ts,1781,complianceGoal,.update(,ORG_IN_FUNC_NOT_IN_WRITE,ORG_IN_PRIOR_findFirst,server/src/services/advanced/acosService.ts:1724-1821,"const existingGoal = await prisma.complianceGoal.findFirst({ where: { id: goalId; organizationId } });",2026-05-25T17:00:00Z,L7_chunk_01
025,./server/src/services/advanced/acosService.ts,1787,auditLog,.create(,ORG_SCOPED,ORG_IN_WHERE_OR_DATA,server/src/services/advanced/acosService.ts:1787-1795,"action: 'acos.goal_updated'; details: JSON.stringify({ goalId; updates }); userId; organizationId;",2026-05-25T17:00:00Z,L7_chunk_01
026,./server/src/services/advanced/acosService.ts,1799,complianceGoal,.update(,ORG_IN_FUNC_NOT_IN_WRITE,ORG_IN_PRIOR_findFirst,server/src/services/advanced/acosService.ts:1724-1821,"const existingGoal = await prisma.complianceGoal.findFirst({ where: { id: goalId; organizationId } });",2026-05-25T17:00:00Z,L7_chunk_01
027,./server/src/services/advanced/acosService.ts,1838,complianceGoal,.update(,ORG_IN_FUNC_NOT_IN_WRITE,ORG_IN_PRIOR_findFirst,server/src/services/advanced/acosService.ts:1823-1859,"const goal = await prisma.complianceGoal.findFirst({ where: { id: goalId; organizationId } });",2026-05-25T17:00:00Z,L7_chunk_01
028,./server/src/services/advanced/acosService.ts,1844,auditLog,.create(,ORG_SCOPED,ORG_IN_WHERE_OR_DATA,server/src/services/advanced/acosService.ts:1844-1852,"action: 'acos.goal_deleted'; details: JSON.stringify({ goalId }); userId; organizationId;",2026-05-25T17:00:00Z,L7_chunk_01
029,./server/src/services/advanced/acosService.ts,1876,complianceGoal,.update(,ORG_IN_FUNC_NOT_IN_WRITE,ORG_IN_PRIOR_findFirst,server/src/services/advanced/acosService.ts:1861-1907,"const goal = await prisma.complianceGoal.findFirst({ where: { id: goalId; organizationId } });",2026-05-25T17:00:00Z,L7_chunk_01
030,./server/src/services/advanced/acosService.ts,1882,auditLog,.create(,ORG_SCOPED,ORG_IN_WHERE_OR_DATA,server/src/services/advanced/acosService.ts:1882-1890,"action: 'acos.goal_restored'; details: JSON.stringify({ goalId }); userId; organizationId;",2026-05-25T17:00:00Z,L7_chunk_01
031,./server/src/services/advanced/acosService.ts,1925,controlLoop,.update(,ORG_IN_FUNC_NOT_IN_WRITE,GAP_HIGH,server/src/services/advanced/acosService.ts:1912-1952,"const updated = await prisma.controlLoop.update({ where: { id: loopId }; data: { ...updates; updatedAt: new Date() } }); -- organizationId parameter is unused; no prior findFirst with organizationId",2026-05-25T17:00:00Z,L7_chunk_01
032,./server/src/services/advanced/acosService.ts,2093,complianceDebt,.update(,ORG_IN_FUNC_NOT_IN_WRITE,ORG_IN_PRIOR_findFirst,server/src/services/advanced/acosService.ts:2071-2122,"const debt = await prisma.complianceDebt.findFirst({ where: { id: debtId; organizationId } });",2026-05-25T17:00:00Z,L7_chunk_01
033,./server/src/services/advanced/acosService.ts,2102,auditLog,.create(,ORG_SCOPED,ORG_IN_WHERE_OR_DATA,server/src/services/advanced/acosService.ts:2102-2110,"action: 'acos.debt_resolved'; details: JSON.stringify({ debtId; frameworkId: debt.frameworkId }); userId; organizationId;",2026-05-25T17:00:00Z,L7_chunk_01
034,./server/src/services/advanced/acosService.ts,2153,complianceFramework,.update(,ORG_IN_FUNC_NOT_IN_WRITE,PARENT_ORG_VERIFIED,server/src/services/advanced/acosService.ts:2127-2163,"private recalculateComplianceScore called only from resolveComplianceDebt (line 2113) with debt.frameworkId after debt was verified via findFirst({ id: debtId; organizationId })",2026-05-25T17:00:00Z,L7_chunk_01
035,./server/src/services/advanced/acosService.ts,2312,controlLoop,.updateMany(,ORG_SCOPED,ORG_IN_WHERE_OR_DATA,server/src/services/advanced/acosService.ts:2298-2328,"await prisma.controlLoop.updateMany({ where: { controlId; organizationId }; data: { confidence: calculatedConfidence;",2026-05-25T17:00:00Z,L7_chunk_01
036,./server/src/services/advanced/acosService.ts,2340,controlLoopHistory,.create(,ORG_SCOPED,ORG_IN_WHERE_OR_DATA,server/src/services/advanced/acosService.ts:2330-2355,"data: { loopId; organizationId; executionPhase; phaseResult; durationMs; success;",2026-05-25T17:00:00Z,L7_chunk_01
037,./server/src/services/advanced/agenticAIService.ts,469,agenticAction,.create(,ORG_SCOPED,ORG_IN_WHERE_OR_DATA,server/src/services/advanced/agenticAIService.ts:401-513,"data: { id: actionId; organizationId; actionType: action.actionType; targetId: action.targetId;",2026-05-25T17:00:00Z,L7_chunk_01
038,./server/src/services/advanced/agenticAIService.ts,529,agenticAction,.update(,ORG_IN_FUNC_NOT_IN_WRITE,PARENT_ORG_VERIFIED,server/src/services/advanced/agenticAIService.ts:518-630,"executeActionInternal receives agenticAction created by executeAction at line 469 with organizationId in data; update by id continues same org-bound record",2026-05-25T17:00:00Z,L7_chunk_01
039,./server/src/services/advanced/agenticAIService.ts,568,agenticAction,.update(,ORG_IN_FUNC_NOT_IN_WRITE,PARENT_ORG_VERIFIED,server/src/services/advanced/agenticAIService.ts:518-630,"agenticAction was created with organizationId in data at line 469; subsequent updates within executeActionInternal scope target same record",2026-05-25T17:00:00Z,L7_chunk_01
040,./server/src/services/advanced/agenticAIService.ts,580,agenticAction,.update(,ORG_IN_FUNC_NOT_IN_WRITE,PARENT_ORG_VERIFIED,server/src/services/advanced/agenticAIService.ts:518-630,"agenticAction.id originates from org-scoped prisma.agenticAction.create at line 469 with organizationId in data",2026-05-25T17:00:00Z,L7_chunk_01
041,./server/src/services/advanced/agenticAIService.ts,588,agenticAction,.update(,ORG_SCOPED,PARENT_ORG_VERIFIED,server/src/services/advanced/agenticAIService.ts:518-630,"agenticAction.id originates from org-scoped prisma.agenticAction.create at line 469 with organizationId in data",2026-05-25T17:00:00Z,L7_chunk_01
042,./server/src/services/advanced/agenticAIService.ts,596,auditLog,.create(,ORG_IN_FUNC_NOT_IN_WRITE,ORG_IN_WHERE_OR_DATA,server/src/services/advanced/agenticAIService.ts:596-609,"userId; organizationId; hash: (await import('crypto')).randomBytes(16).toString('hex'),",2026-05-25T17:00:00Z,L7_chunk_01
043,./server/src/services/advanced/agenticAIService.ts,623,agenticAction,.update(,ORG_IN_FUNC_NOT_IN_WRITE,PARENT_ORG_VERIFIED,server/src/services/advanced/agenticAIService.ts:518-630,"agenticAction.id originates from org-scoped prisma.agenticAction.create at line 469 with organizationId in data",2026-05-25T17:00:00Z,L7_chunk_01
044,./server/src/services/advanced/agenticAIService.ts,691,agenticAction,.update(,ORG_IN_FUNC_NOT_IN_WRITE,PARENT_ORG_VERIFIED,server/src/services/advanced/agenticAIService.ts:677-699,"createCheckpoint receives agenticAction from executeActionInternal where action was created with organizationId in data at line 469",2026-05-25T17:00:00Z,L7_chunk_01
045,./server/src/services/advanced/agenticAIService.ts,742,frameworkControl,.update(,ORG_SCOPED,GAP_HIGH,server/src/services/advanced/agenticAIService.ts:735-757,"await prisma.frameworkControl.update({ where: { id: agenticAction.targetId }; ... }) -- no findFirst/findUnique check that targetId belongs to organizationId before update",2026-05-25T17:00:00Z,L7_chunk_01
046,./server/src/services/advanced/agenticAIService.ts,770,policy,.create(,ORG_SCOPED,ORG_IN_WHERE_OR_DATA,server/src/services/advanced/agenticAIService.ts:762-786,"data: { organizationId; title: title as string; content: content as string;",2026-05-25T17:00:00Z,L7_chunk_01
047,./server/src/services/advanced/agenticAIService.ts,806,riskItem,.update(,ORG_IN_FUNC_NOT_IN_WRITE,ORG_IN_PRIOR_findFirst,server/src/services/advanced/agenticAIService.ts:791-820,"const riskRecord = await prisma.riskItem.findFirst({ where: { id: agenticAction.targetId; organizationId } });",2026-05-25T17:00:00Z,L7_chunk_01
048,./server/src/services/advanced/agenticAIService.ts,896,agenticAction,.update(,ORG_SCOPED,ORG_IN_PRIOR_findFirst,server/src/services/advanced/agenticAIService.ts:825-938,"const dbAction = await prisma.agenticAction.findFirst({ where: { id: agenticAction; organizationId } });",2026-05-25T17:00:00Z,L7_chunk_01
049,./server/src/services/advanced/agenticAIService.ts,908,auditLog,.create(,ORG_IN_FUNC_NOT_IN_WRITE,ORG_IN_WHERE_OR_DATA,server/src/services/advanced/agenticAIService.ts:908-920,"userId; organizationId; hash: (await import('crypto')).randomBytes(16).toString('hex'),",2026-05-25T17:00:00Z,L7_chunk_01
050,./server/src/services/advanced/agenticAIService.ts,1017,frameworkControl,.update(,ORG_IN_FUNC_NOT_IN_WRITE,PARENT_ORG_VERIFIED,server/src/services/advanced/agenticAIService.ts:1000-1062,"const controlRecord = await prisma.frameworkControl.findFirst({ where: { id: action.targetId; framework: { organizationId } } });",2026-05-25T17:00:00Z,L7_chunk_01
051,./server/src/services/advanced/agenticAIService.ts,1035,riskItem,.update(,ORG_IN_FUNC_NOT_IN_WRITE,ORG_IN_PRIOR_findFirst,server/src/services/advanced/agenticAIService.ts:1000-1062,"const riskRecord = await prisma.riskItem.findFirst({ where: { id: action.targetId; organizationId } });",2026-05-25T00:00:00Z,L7_chunk_02
052,./server/src/services/advanced/agenticAIService.ts,1052,policy,.delete(,ORG_IN_FUNC_NOT_IN_WRITE,ORG_IN_PRIOR_findFirst,server/src/services/advanced/agenticAIService.ts:1000-1062,"const policyRecord = await prisma.policy.findFirst({ where: { id: action.targetId; organizationId } });",2026-05-25T00:00:00Z,L7_chunk_02
053,./server/src/services/advanced/agenticAIService.ts,1122,agenticAction,.update(,ORG_IN_FUNC_NOT_IN_WRITE,ORG_IN_PRIOR_findFirst,server/src/services/advanced/agenticAIService.ts:1103-1139,"const actions = await prisma.agenticAction.findMany({ where: { organizationId; status: { in: ['completed'; 'rolled_back'] }; ...} });",2026-05-25T00:00:00Z,L7_chunk_02
054,./server/src/services/advanced/agenticAIService.ts,1167,agenticAction,.update(,ORG_IN_FUNC_NOT_IN_WRITE,ORG_IN_PRIOR_findFirst,server/src/services/advanced/agenticAIService.ts:1144-1220,"const dbAction = await prisma.agenticAction.findFirst({ where: { id: actionId; organizationId; } });",2026-05-25T00:00:00Z,L7_chunk_02
055,./server/src/services/advanced/agenticAIService.ts,1201,auditLog,.create(,ORG_IN_FUNC_NOT_IN_WRITE,ORG_IN_WHERE_OR_DATA,server/src/services/advanced/agenticAIService.ts:1144-1220,"await prisma.auditLog.create({ data: { action: 'agentic_action.approved'; ... userId; organizationId; hash: ... } });",2026-05-25T00:00:00Z,L7_chunk_02
056,./server/src/services/advanced/agenticAIService.ts,1263,agenticAction,.update(,ORG_SCOPED,PARENT_ORG_VERIFIED,server/src/services/advanced/agenticAIService.ts:460-513,"await prisma.agenticAction.create({ data: { id: actionId; organizationId; ... } }); ... await this.lockAction(lockKey; organizationId; actionId);",2026-05-25T00:00:00Z,L7_chunk_02
057,./server/src/services/advanced/agenticAIService.ts,1295,agenticAction,.update(,ORG_IN_FUNC_NOT_IN_WRITE,ORG_IN_PRIOR_findFirst,server/src/services/advanced/agenticAIService.ts:1282-1311,"const lockedActions = await prisma.agenticAction.findMany({ where: { organizationId; status: 'executing' } });",2026-05-25T00:00:00Z,L7_chunk_02
058,./server/src/services/advanced/bayesian/knowledgeGraphBuilder.ts,193,knowledgeGraphEntity,.upsert(,ORG_SCOPED,ORG_IN_WHERE_OR_DATA,server/src/services/advanced/bayesian/knowledgeGraphBuilder.ts:52-300,"prisma.knowledgeGraphEntity.upsert({ where: { organizationId_nodeKey: { organizationId; nodeKey: n.nodeKey } }; ... create: { organizationId; ... } })",2026-05-25T00:00:00Z,L7_chunk_02
059,./server/src/services/advanced/bayesian/knowledgeGraphBuilder.ts,219,knowledgeGraphRelationship,.upsert(,ORG_IN_FUNC_NOT_IN_WRITE,ORG_IN_WHERE_OR_DATA,server/src/services/advanced/bayesian/knowledgeGraphBuilder.ts:214-236,"create: { organizationId; fromNodeId: fromId; toNodeId: toId; relationshipType: e.relationshipType; mechanism: e.mechanism; }",2026-05-25T00:00:00Z,L7_chunk_02
060,./server/src/services/advanced/bayesian/knowledgeGraphBuilder.ts,247,knowledgeGraphEntity,.update(,ORG_IN_FUNC_NOT_IN_WRITE,ORG_IN_PRIOR_findFirst,server/src/services/advanced/bayesian/knowledgeGraphBuilder.ts:208-260,"const persistedNodes = await prisma.knowledgeGraphEntity.findMany({ where: { organizationId } });",2026-05-25T00:00:00Z,L7_chunk_02
061,./server/src/services/advanced/bayesian/knowledgeGraphBuilder.ts,286,knowledgeGraphRelationship,.update(,ORG_IN_FUNC_NOT_IN_WRITE,ORG_IN_PRIOR_findFirst,server/src/services/advanced/bayesian/knowledgeGraphBuilder.ts:262-297,"const persistedEdges = await prisma.knowledgeGraphRelationship.findMany({ where: { organizationId }; include: { fromNode: true; toNode: true } });",2026-05-25T00:00:00Z,L7_chunk_02
062,./server/src/services/advanced/blockchainService.ts,278,N/A,.update(,ORG_IN_FUNC_NOT_IN_WRITE,NOT_PRISMA_FALSE_POSITIVE,server/src/services/advanced/blockchainService.ts:263-320,"const dataHash = crypto.createHash('sha256').update(dataToHash).digest('hex');",2026-05-25T00:00:00Z,L7_chunk_02
063,./server/src/services/advanced/blockchainService.ts,455,N/A,.update(,NO_ORG_CHECK,NOT_PRISMA_FALSE_POSITIVE,server/src/services/advanced/blockchainService.ts:440-470,"sign.update(Buffer.from(digest));",2026-05-25T00:00:00Z,L7_chunk_02
064,./server/src/services/advanced/blockchainService.ts,944,auditLog,.create(,ORG_SCOPED,ORG_IN_WHERE_OR_DATA,server/src/services/advanced/blockchainService.ts:942-960,"await prisma.auditLog.create({ data: { action: `Blockchain: ${record.recordType}`; organizationId: record.organizationId; hash: record.dataHash; ... } });",2026-05-25T00:00:00Z,L7_chunk_02
065,./server/src/services/advanced/blockchainService.ts,1928,auditLog,.create(,ORG_SCOPED,ORG_IN_WHERE_OR_DATA,server/src/services/advanced/blockchainService.ts:1913-1952,"await prisma.auditLog.create({ data: { action: 'Blockchain: registry_certificate_issued'; organizationId: orgId; hash: certId; ... } });",2026-05-25T00:00:00Z,L7_chunk_02
066,./server/src/services/advanced/blockchainService.ts,1963,auditLog,.create(,ORG_SCOPED,SYSTEM_LEVEL_NO_ORG_REQUIRED,server/src/services/advanced/blockchainService.ts:1905-1985,"// Fallback org for events that do not include organizationId (CertificateRevoked; CertificateRenewed; EvidenceSubmitted) ... organizationId: fallbackOrgId;",2026-05-25T00:00:00Z,L7_chunk_02
067,./server/src/services/advanced/blockchainService.ts,1996,auditLog,.create(,ORG_SCOPED,SYSTEM_LEVEL_NO_ORG_REQUIRED,server/src/services/advanced/blockchainService.ts:1985-2010,"action: 'Blockchain: registry_certificate_renewed'; organizationId: fallbackOrgId; hash: newCertId;",2026-05-25T00:00:00Z,L7_chunk_02
068,./server/src/services/advanced/blockchainService.ts,2031,auditLog,.create(,ORG_SCOPED,SYSTEM_LEVEL_NO_ORG_REQUIRED,server/src/services/advanced/blockchainService.ts:2020-2050,"action: 'Blockchain: registry_evidence_submitted'; organizationId: fallbackOrgId; hash: evidenceId;",2026-05-25T00:00:00Z,L7_chunk_02
069,./server/src/services/advanced/blockchainService.ts,2067,auditLog,.create(,ORG_SCOPED,ORG_IN_WHERE_OR_DATA,server/src/services/advanced/blockchainService.ts:2055-2090,"action: 'Blockchain: registry_score_recorded'; organizationId: orgId; hash: `score_${orgId}_${framework}_${event.blockNumber}`;",2026-05-25T00:00:00Z,L7_chunk_02
070,./server/src/services/advanced/blockchainService.ts,2102,auditLog,.create(,ORG_SCOPED,ORG_IN_WHERE_OR_DATA,server/src/services/advanced/blockchainService.ts:2090-2125,"action: 'Blockchain: registry_policy_change'; organizationId: orgId; hash: policyId;",2026-05-25T00:00:00Z,L7_chunk_02
071,./server/src/services/advanced/blockchainService.ts,2204,N/A,.update(,ORG_IN_FUNC_NOT_IN_WRITE,NOT_PRISMA_FALSE_POSITIVE,server/src/services/advanced/blockchainService.ts:2184-2305,"const evidenceHash = crypto.createHash('sha256').update(fileBuffer).digest('hex');",2026-05-25T00:00:00Z,L7_chunk_02
072,./server/src/services/advanced/blockchainService.ts,2218,N/A,.update(,ORG_IN_FUNC_NOT_IN_WRITE,NOT_PRISMA_FALSE_POSITIVE,server/src/services/advanced/blockchainService.ts:2184-2305,"const metadataHash = crypto.createHash('sha256').update(metadataStr).digest('hex');",2026-05-25T00:00:00Z,L7_chunk_02
073,./server/src/services/advanced/blockchainService.ts,2270,auditLog,.create(,ORG_SCOPED,ORG_IN_WHERE_OR_DATA,server/src/services/advanced/blockchainService.ts:2184-2305,"await prisma.auditLog.create({ data: { action: 'Blockchain: evidence_anchored'; organizationId; hash: evidenceHash; ... } });",2026-05-25T00:00:00Z,L7_chunk_02
074,./server/src/services/advanced/blockchainService.ts,2326,N/A,.update(,ORG_SCOPED,NOT_PRISMA_FALSE_POSITIVE,server/src/services/advanced/blockchainService.ts:2310-2390,"const currentHash = crypto.createHash('sha256').update(currentFileBuffer).digest('hex');",2026-05-25T00:00:00Z,L7_chunk_02
075,./server/src/services/advanced/blockchainService.ts,2389,auditLog,.create(,ORG_SCOPED,ORG_IN_WHERE_OR_DATA,server/src/services/advanced/blockchainService.ts:2310-2410,"await prisma.auditLog.create({ data: { action: tampered ? 'Blockchain: tampering_detected' : 'Blockchain: integrity_verified'; organizationId; hash: currentHash; ... } });",2026-05-25T00:00:00Z,L7_chunk_02
076,./server/src/services/advanced/byokService.ts,186,N/A,.create(,ORG_IN_FUNC_NOT_IN_WRITE,NOT_PRISMA_FALSE_POSITIVE,server/src/services/advanced/byokService.ts:174-254,"const client = axios.create({ baseURL: vaultUrl; headers: { 'X-Vault-Token': vaultToken; ... } });",2026-05-25T00:00:00Z,L7_chunk_02
077,./server/src/services/advanced/byokService.ts,402,N/A,.update(,ORG_IN_FUNC_NOT_IN_WRITE,NOT_PRISMA_FALSE_POSITIVE,server/src/services/advanced/byokService.ts:384-464,"const encrypted = Buffer.concat([ cipher.update(dataBuffer); cipher.final(); ]);",2026-05-25T00:00:00Z,L7_chunk_02
078,./server/src/services/advanced/byokService.ts,469,N/A,.update(,ORG_SCOPED,NOT_PRISMA_FALSE_POSITIVE,server/src/services/advanced/byokService.ts:435-515,"const decrypted = Buffer.concat([ decipher.update(Buffer.from(encryptedPayload.ciphertext; 'base64')); decipher.final(); ]);",2026-05-25T00:00:00Z,L7_chunk_02
079,./server/src/services/advanced/byokService.ts,919,keyUsage,.create(,ORG_SCOPED,ORG_IN_WHERE_OR_DATA,server/src/services/advanced/byokService.ts:909-989,"await prisma.keyUsage.create({ data: { organizationId; keyId; provider; operation; dataSize; success; ... } });",2026-05-25T00:00:00Z,L7_chunk_02
080,./server/src/services/advanced/byokService.ts,992,keyRotationPolicy,.upsert(,ORG_SCOPED,ORG_IN_WHERE_OR_DATA,server/src/services/advanced/byokService.ts:985-1065,"await prisma.keyRotationPolicy.upsert({ where: { keyId_organizationId: { keyId; organizationId; } }; update: {...}; create: {...} })",2026-05-25T00:00:00Z,L7_chunk_02
081,./server/src/services/advanced/byokService.ts,1100,keyRotationPolicy,.update(,ORG_SCOPED,ORG_IN_WHERE_OR_DATA,server/src/services/advanced/byokService.ts:1030-1145,"await prisma.keyRotationPolicy.update({ where: { keyId_organizationId: { keyId: policy.keyId; organizationId: policy.organizationId; } }; data: {...} });",2026-05-25T00:00:00Z,L7_chunk_02
082,./server/src/services/advanced/byokService.ts,1115,auditLog,.create(,ORG_SCOPED,ORG_IN_WHERE_OR_DATA,server/src/services/advanced/byokService.ts:1115-1130,"await prisma.auditLog.create({ data: { action: 'BYOK Key Rotation'; organizationId: policy.organizationId; hash: ...; details: ... } });",2026-05-25T00:00:00Z,L7_chunk_02
083,./server/src/services/advanced/byokService.ts,1137,auditLog,.create(,ORG_SCOPED,ORG_IN_WHERE_OR_DATA,server/src/services/advanced/byokService.ts:1135-1150,"await prisma.auditLog.create({ data: { action: 'BYOK Key Rotation Failed'; organizationId: policy.organizationId; hash: ...; details: ... } });",2026-05-25T00:00:00Z,L7_chunk_02
084,./server/src/services/advanced/byokService.ts,1171,auditLog,.create(,ORG_SCOPED,ORG_IN_WHERE_OR_DATA,server/src/services/advanced/byokService.ts:1165-1190,"await prisma.auditLog.create({ data: { action: `BYOK Encryption: ${provider}`; organizationId; hash: ...; details: ... } });",2026-05-25T00:00:00Z,L7_chunk_02
085,./server/src/services/advanced/byokService.ts,1240,N/A,.delete(,NO_ORG_CHECK,NOT_PRISMA_FALSE_POSITIVE,server/src/services/advanced/byokService.ts:1192-1248,"await vaultClient.delete(`/v1/${mountPoint}/keys/${config.keyId}`);",2026-05-25T00:00:00Z,L7_chunk_02
086,./server/src/services/advanced/complianceAsCodeService.ts,125,compliancePolicy,.create(,ORG_SCOPED,ORG_IN_WHERE_OR_DATA,server/src/services/advanced/complianceAsCodeService.ts:92-156,"const dbPolicy = await prisma.compliancePolicy.create({ data: { organizationId; name: policy.name; framework: policy.framework; ... } });",2026-05-25T00:00:00Z,L7_chunk_02
087,./server/src/services/advanced/complianceAsCodeService.ts,377,auditLog,.create(,ORG_SCOPED,ORG_IN_WHERE_OR_DATA,server/src/services/advanced/complianceAsCodeService.ts:369-395,"await prisma.auditLog.create({ data: { action: `CI/CD Integration: ${integration.provider}`; organizationId; hash: ...; details: ... } });",2026-05-25T00:00:00Z,L7_chunk_02
088,./server/src/services/advanced/complianceAsCodeService.ts,453,N/A,.update(,NO_ORG_CHECK,NOT_PRISMA_FALSE_POSITIVE,server/src/services/advanced/complianceAsCodeService.ts:438-490,"const expected = hmac.update(JSON.stringify(payload)).digest('hex');",2026-05-25T00:00:00Z,L7_chunk_02
089,./server/src/services/advanced/complianceAsCodeService.ts,481,N/A,.update(,NO_ORG_CHECK,NOT_PRISMA_FALSE_POSITIVE,server/src/services/advanced/complianceAsCodeService.ts:471-490,"const expected = hmac.update(JSON.stringify(payload)).digest('hex');",2026-05-25T00:00:00Z,L7_chunk_02
090,./server/src/services/advanced/complianceAsCodeService.ts,1085,compliancePolicy,.create(,ORG_SCOPED,ORG_IN_WHERE_OR_DATA,server/src/services/advanced/complianceAsCodeService.ts:1064-1120,"const existing = await prisma.compliancePolicy.findUnique({ where: { id: policyId } }); if (!existing || existing.organizationId !== organizationId) { throw new AppError('Policy not found'; 404); } ... data: { organizationId; ... }",2026-05-25T00:00:00Z,L7_chunk_02
091,./server/src/services/advanced/complianceAsCodeService.ts,1141,compliancePolicy,.create(,ORG_SCOPED,ORG_IN_WHERE_OR_DATA,server/src/services/advanced/complianceAsCodeService.ts:1125-1175,"if (!current || current.organizationId !== organizationId) { throw new AppError('Policy not found'; 404); } ... data: { organizationId; name: current.previousVersion.name; ... }",2026-05-25T00:00:00Z,L7_chunk_02
092,./server/src/services/advanced/complianceAsCodeService.ts,1186,N/A,.delete(,ORG_IN_FUNC_NOT_IN_WRITE,NOT_PRISMA_FALSE_POSITIVE,server/src/services/advanced/complianceAsCodeService.ts:1177-1215,"await axios.delete(`${this.opaEndpoint}/v1/policies/${policyId}`; { headers: ... });",2026-05-25T00:00:00Z,L7_chunk_02
093,./server/src/services/advanced/complianceAsCodeService.ts,1190,N/A,.delete(,ORG_IN_FUNC_NOT_IN_WRITE,NOT_PRISMA_FALSE_POSITIVE,server/src/services/advanced/complianceAsCodeService.ts:1177-1215,"await axios.delete(`${this.opaEndpoint}/v1/policies/${policyId}`).catch(() => { logger.warn('OPA server not available; policy deleted from database only'); });",2026-05-25T00:00:00Z,L7_chunk_02
094,./server/src/services/advanced/complianceAsCodeService.ts,1196,compliancePolicy,.update(,ORG_IN_FUNC_NOT_IN_WRITE,GAP_HIGH,server/src/services/advanced/complianceAsCodeService.ts:1177-1215,"await prisma.compliancePolicy.update({ where: { id: policyId }; data: { enabled: false }; }); // No findFirst/findUnique with organizationId verification before this update",2026-05-25T00:00:00Z,L7_chunk_02
095,./server/src/services/advanced/complianceAsCodeService.ts,1201,auditLog,.create(,ORG_SCOPED,ORG_IN_WHERE_OR_DATA,server/src/services/advanced/complianceAsCodeService.ts:1201-1210,"await prisma.auditLog.create({ data: { action: `Policy Deleted: ${policyId}`; organizationId; hash: ...; details: ... } });",2026-05-25T00:00:00Z,L7_chunk_02
096,./server/src/services/advanced/complianceDigitalTwinService.ts,189,simulationScenario,.create(,ORG_SCOPED,ORG_IN_WHERE_OR_DATA,server/src/services/advanced/complianceDigitalTwinService.ts:45-263,"simulationScenario = await prisma.simulationScenario.create({ data: { organizationId; name: scenario.name; description: scenario.description; scenarioType: scenario.scenarioType; parameters: scenario.parameters; createdBy: userId; } });",2026-05-25T00:00:00Z,L7_chunk_02
097,./server/src/services/advanced/complianceDigitalTwinService.ts,222,simulationResult,.create(,ORG_SCOPED,ORG_IN_WHERE_OR_DATA,server/src/services/advanced/complianceDigitalTwinService.ts:220-240,"await prisma.simulationResult.create({ data: { scenarioId: simulationScenario.id; organizationId; baselineScore: ...; ... } });",2026-05-25T00:00:00Z,L7_chunk_02
098,./server/src/services/advanced/complianceDigitalTwinService.ts,243,auditLog,.create(,ORG_SCOPED,ORG_IN_WHERE_OR_DATA,server/src/services/advanced/complianceDigitalTwinService.ts:241-260,"await prisma.auditLog.create({ data: { action: 'digital_twin.simulation_run'; details: ...; userId; organizationId; hash: crypto.randomBytes(16).toString('hex'); } });",2026-05-25T00:00:00Z,L7_chunk_02
099,./server/src/services/advanced/complianceDigitalTwinService.ts,1124,simulationScenario,.update(,ORG_IN_FUNC_NOT_IN_WRITE,GAP_HIGH,server/src/services/advanced/complianceDigitalTwinService.ts:1116-1142,"await prisma.simulationScenario.update({ where: { id: scenarioId }; data: { parameters: { ...(await prisma.simulationScenario.findUnique({ where: { id: scenarioId } }))?.parameters ... } } }); // findUnique not filtered by organizationId — function accepts organizationId param but does not verify",2026-05-25T00:00:00Z,L7_chunk_02
100,./server/src/services/advanced/complianceDigitalTwinService.ts,1190,simulationResult,.deleteMany(,ORG_SCOPED,ORG_IN_WHERE_OR_DATA,server/src/services/advanced/complianceDigitalTwinService.ts:1171-1216,"await prisma.simulationResult.deleteMany({ where: { scenarioId; organizationId; } });",2026-05-25T00:00:00Z,L7_chunk_02
101,./server/src/services/advanced/complianceDigitalTwinService.ts,1198,simulationScenario,.update(,ORG_SCOPED,ORG_IN_PRIOR_findFirst,server/src/services/advanced/complianceDigitalTwinService.ts:1171-1216,"const scenario = await prisma.simulationScenario.findFirst({ where: { id: scenarioId; organizationId } });",2026-05-25T16:30:00Z,L7_chunk_03
102,./server/src/services/advanced/deepfakeDetectionService.ts,974,(none),.update(,NO_ORG_CHECK,NOT_PRISMA_FALSE_POSITIVE,server/src/services/advanced/deepfakeDetectionService.ts:973-975,"return crypto.createHash('sha256').update(buffer.slice(0; Math.min(buffer.length; 65536))).digest('hex');",2026-05-25T16:30:00Z,L7_chunk_03
103,./server/src/services/advanced/deepfakeDetectionService.ts,1067,(none),.delete(,NO_ORG_CHECK,NOT_PRISMA_FALSE_POSITIVE,server/src/services/advanced/deepfakeDetectionService.ts:1063-1070,"if (now - entry.timestamp > this.CACHE_TTL_MS) this.resultCache.delete(key);",2026-05-25T16:30:00Z,L7_chunk_03
104,./server/src/services/advanced/dp/budgetLedger.ts,119,privacyBudgetLedger,.create(,ORG_SCOPED,ORG_IN_WHERE_OR_DATA,server/src/services/advanced/dp/budgetLedger.ts:103-159,"data: { organizationId: input.organizationId; modelType: input.modelType; roundId: input.roundId; ... }",2026-05-25T16:30:00Z,L7_chunk_03
105,./server/src/services/advanced/dp/secretSharing.ts,48,(none),.update(,NO_ORG_CHECK,NOT_PRISMA_FALSE_POSITIVE,server/src/services/advanced/dp/secretSharing.ts:45-60,"const prk = createHmac(HASH; salt).update(seed).digest();",2026-05-25T16:30:00Z,L7_chunk_03
106,./server/src/services/advanced/dp/secretSharing.ts,55,(none),.update(,NO_ORG_CHECK,NOT_PRISMA_FALSE_POSITIVE,server/src/services/advanced/dp/secretSharing.ts:45-60,"h.update(Buffer.concat([prev; infoBuf; Buffer.from([i])]));",2026-05-25T16:30:00Z,L7_chunk_03
107,./server/src/services/advanced/evidenceTruthLayerService.ts,137,evidenceAnalysis,.create(,ORG_SCOPED,ORG_IN_WHERE_OR_DATA,server/src/services/advanced/evidenceTruthLayerService.ts:127-152,"data: { evidenceId; organizationId; deepfakeScore: analysis.deepfakeScore; ... }",2026-05-25T16:30:00Z,L7_chunk_03
108,./server/src/services/advanced/evidenceTruthLayerService.ts,155,auditLog,.create(,ORG_SCOPED,ORG_IN_WHERE_OR_DATA,server/src/services/advanced/evidenceTruthLayerService.ts:145-165,"data: { action: 'evidence_truth_layer.analyzed'; ...; userId: 'system'; organizationId; hash: cryptographicHash }",2026-05-25T16:30:00Z,L7_chunk_03
109,./server/src/services/advanced/evidenceTruthLayerService.ts,548,(none),.update(,ORG_IN_FUNC_NOT_IN_WRITE,NOT_PRISMA_FALSE_POSITIVE,server/src/services/advanced/evidenceTruthLayerService.ts:547-549,"return crypto.createHash('sha256').update(fileBuffer).digest('hex');",2026-05-25T16:30:00Z,L7_chunk_03
110,./server/src/services/advanced/evidenceTruthLayerService.ts,582,(none),.update(,ORG_SCOPED,NOT_PRISMA_FALSE_POSITIVE,server/src/services/advanced/evidenceTruthLayerService.ts:571-592,sign.update(hash);,2026-05-25T16:30:00Z,L7_chunk_03
111,./server/src/services/advanced/evidenceTruthLayerService.ts,608,(none),.update(,ORG_IN_FUNC_NOT_IN_WRITE,NOT_PRISMA_FALSE_POSITIVE,server/src/services/advanced/evidenceTruthLayerService.ts:600-618,verify.update(hash);,2026-05-25T16:30:00Z,L7_chunk_03
112,./server/src/services/advanced/evidenceTruthLayerService.ts,673,keyUsage,.create(,ORG_SCOPED,ORG_IN_WHERE_OR_DATA,server/src/services/advanced/evidenceTruthLayerService.ts:663-683,"data: { organizationId; keyId: existingKeyPolicy.keyId; provider: existingKeyPolicy.provider; operation: 'retrieve'; success: true; ... }",2026-05-25T16:30:00Z,L7_chunk_03
113,./server/src/services/advanced/evidenceTruthLayerService.ts,720,keyRotationPolicy,.create(,ORG_SCOPED,ORG_IN_WHERE_OR_DATA,server/src/services/advanced/evidenceTruthLayerService.ts:710-730,"data: { organizationId; keyId: kmsKeyId; provider: 'aws_kms'; rotationIntervalDays: 90; ... }",2026-05-25T16:30:00Z,L7_chunk_03
114,./server/src/services/advanced/evidenceTruthLayerService.ts,733,keyUsage,.create(,ORG_SCOPED,ORG_IN_WHERE_OR_DATA,server/src/services/advanced/evidenceTruthLayerService.ts:723-743,"data: { organizationId; keyId: kmsKeyId; provider: 'aws_kms'; operation: 'generate'; ... }",2026-05-25T16:30:00Z,L7_chunk_03
115,./server/src/services/advanced/evidenceTruthLayerService.ts,784,(none),.update(,ORG_SCOPED,NOT_PRISMA_FALSE_POSITIVE,server/src/services/advanced/evidenceTruthLayerService.ts:774-794,const timestampHash = crypto.createHash('sha256').update(timestampData).digest('hex');,2026-05-25T16:30:00Z,L7_chunk_03
116,./server/src/services/advanced/evidenceTruthLayerService.ts,787,auditLog,.create(,ORG_SCOPED,ORG_IN_WHERE_OR_DATA,server/src/services/advanced/evidenceTruthLayerService.ts:777-797,"data: { action: 'evidence_truth_layer.timestamped'; ...; userId: 'system'; organizationId; hash: timestampHash }",2026-05-25T16:30:00Z,L7_chunk_03
117,./server/src/services/advanced/evidenceTruthLayerService.ts,824,(none),.update(,ORG_IN_FUNC_NOT_IN_WRITE,NOT_PRISMA_FALSE_POSITIVE,server/src/services/advanced/evidenceTruthLayerService.ts:814-834,const hash = crypto.createHash('sha256').update(chainData).digest('hex');,2026-05-25T16:30:00Z,L7_chunk_03
118,./server/src/services/advanced/evidenceTruthLayerService.ts,827,auditLog,.create(,ORG_IN_FUNC_NOT_IN_WRITE,SYSTEM_LEVEL_NO_ORG_REQUIRED,server/src/services/advanced/evidenceTruthLayerService.ts:811-891,"await prisma.auditLog.create({ data: { action: 'evidence_truth_layer.chain_of_custody'; details: JSON.stringify({ evidenceId; previousHash; action; hash; ... }) } });",2026-05-25T16:30:00Z,L7_chunk_03
119,./server/src/services/advanced/evidenceTruthLayerService.ts,885,userSigningKey,.create(,ORG_SCOPED,ORG_IN_WHERE_OR_DATA,server/src/services/advanced/evidenceTruthLayerService.ts:875-895,"data: { userId; organizationId; publicKey; encryptedPrivateKey: encryptField(privateKey); algorithm: 'SHA256-RSA'; ... }",2026-05-25T16:30:00Z,L7_chunk_03
120,./server/src/services/advanced/evidenceTruthLayerService.ts,929,(none),.update(,ORG_SCOPED,NOT_PRISMA_FALSE_POSITIVE,server/src/services/advanced/evidenceTruthLayerService.ts:919-939,signer.update(signData);,2026-05-25T16:30:00Z,L7_chunk_03
121,./server/src/services/advanced/evidenceTruthLayerService.ts,933,evidenceAttestation,.create(,ORG_SCOPED,ORG_IN_WHERE_OR_DATA,server/src/services/advanced/evidenceTruthLayerService.ts:923-943,"data: { evidenceId: resolvedEvidenceId; organizationId; userId: party.userId; role: party.role; signature; ... }",2026-05-25T16:30:00Z,L7_chunk_03
122,./server/src/services/advanced/evidenceTruthLayerService.ts,958,auditLog,.create(,ORG_IN_FUNC_NOT_IN_WRITE,SYSTEM_LEVEL_NO_ORG_REQUIRED,server/src/services/advanced/evidenceTruthLayerService.ts:948-968,"data: { action: 'evidence_truth_layer.multi_party_attestation'; details: JSON.stringify({ attestationId: attestationRow.id; evidenceId: resolvedEvidenceId; userId: party.userId; ... }) }",2026-05-25T16:30:00Z,L7_chunk_03
123,./server/src/services/advanced/evidenceTruthLayerService.ts,2023,evidenceAnalysis,.deleteMany(,ORG_SCOPED,ORG_IN_WHERE_OR_DATA,server/src/services/advanced/evidenceTruthLayerService.ts:2011-2033,"where: { evidenceId; organizationId }",2026-05-25T16:30:00Z,L7_chunk_03
124,./server/src/services/advanced/evidenceTruthLayerService.ts,2465,(none),.update(,ORG_IN_FUNC_NOT_IN_WRITE,NOT_PRISMA_FALSE_POSITIVE,server/src/services/advanced/evidenceTruthLayerService.ts:2455-2475,const currentHash = crypto.createHash('sha256').update(currentFileBuffer).digest('hex');,2026-05-25T16:30:00Z,L7_chunk_03
125,./server/src/services/advanced/evidenceTruthLayerService.ts,2518,auditLog,.create(,ORG_SCOPED,ORG_IN_WHERE_OR_DATA,server/src/services/advanced/evidenceTruthLayerService.ts:2508-2528,"data: { action: integrityVerified ? 'evidence_truth_layer.integrity_verified' : 'evidence_truth_layer.integrity_failed'; organizationId; hash: currentHash; ... }",2026-05-25T16:30:00Z,L7_chunk_03
126,./server/src/services/advanced/federatedSwarmService.ts,96,auditLog,.create(,ORG_IN_FUNC_NOT_IN_WRITE,ORG_IN_WHERE_OR_DATA,server/src/services/advanced/federatedSwarmService.ts:86-106,"data: { action: 'federated_swarm.joined'; ...; userId; organizationId; hash: membershipId }",2026-05-25T16:30:00Z,L7_chunk_03
127,./server/src/services/advanced/federatedSwarmService.ts,110,federatedSwarmPeer,.create(,ORG_SCOPED,ORG_IN_WHERE_OR_DATA,server/src/services/advanced/federatedSwarmService.ts:100-120,"data: { organizationId; peerId: membershipId; peerName: `Organization ${organizationId.substring(0; 8)}`; status: 'active' }",2026-05-25T16:30:00Z,L7_chunk_03
128,./server/src/services/advanced/federatedSwarmService.ts,136,auditLog,.create(,ORG_SCOPED,ORG_IN_WHERE_OR_DATA,server/src/services/advanced/federatedSwarmService.ts:126-146,"data: { action: 'federated_swarm.left'; ...; userId; organizationId; hash: require('crypto').randomBytes(16).toString('hex') }",2026-05-25T16:30:00Z,L7_chunk_03
129,./server/src/services/advanced/federatedSwarmService.ts,197,auditLog,.create(,ORG_IN_FUNC_NOT_IN_WRITE,ORG_IN_WHERE_OR_DATA,server/src/services/advanced/federatedSwarmService.ts:187-207,"data: { action: 'federated_swarm.contribution_made'; ...; userId; organizationId; ... }",2026-05-25T16:30:00Z,L7_chunk_03
130,./server/src/services/advanced/federatedSwarmService.ts,379,auditLog,.create(,ORG_IN_FUNC_NOT_IN_WRITE,ORG_IN_WHERE_OR_DATA,server/src/services/advanced/federatedSwarmService.ts:369-389,"data: { action: 'federated_swarm.recovered'; ...; userId; organizationId; hash: require('crypto').randomBytes(16).toString('hex') }",2026-05-25T16:30:00Z,L7_chunk_03
131,./server/src/services/advanced/federatedSwarmService.ts,702,auditLog,.create(,ORG_IN_FUNC_NOT_IN_WRITE,ORG_IN_WHERE_OR_DATA,server/src/services/advanced/federatedSwarmService.ts:692-712,"data: { action: 'federated_swarm.model_received'; ...; userId: 'system'; organizationId; hash: require('crypto').randomBytes(16).toString('hex') }",2026-05-25T16:30:00Z,L7_chunk_03
132,./server/src/services/advanced/federatedSwarmService.ts,754,auditLog,.create(,ORG_IN_FUNC_NOT_IN_WRITE,SYSTEM_LEVEL_NO_ORG_REQUIRED,server/src/services/advanced/federatedSwarmService.ts:744-764,"data: { action: 'federated_swarm.aggregation_blocked'; ...; userId: 'system'; organizationId: 'system' }",2026-05-25T16:30:00Z,L7_chunk_03
133,./server/src/services/advanced/federatedSwarmService.ts,790,auditLog,.create(,ORG_IN_FUNC_NOT_IN_WRITE,SYSTEM_LEVEL_NO_ORG_REQUIRED,server/src/services/advanced/federatedSwarmService.ts:780-800,"data: { action: 'federated_swarm.model_versioned'; details: JSON.stringify({ modelType; version; weights: aggregatedWeights; convergence; participantCount: uniqueParticipants; ... }) }",2026-05-25T16:30:00Z,L7_chunk_03
134,./server/src/services/advanced/federatedSwarmService.ts,1080,auditLog,.create(,ORG_IN_FUNC_NOT_IN_WRITE,ORG_IN_WHERE_OR_DATA,server/src/services/advanced/federatedSwarmService.ts:1070-1094,"data: { action: 'federated_swarm.participation'; ...; userId: 'system'; organizationId; hash: require('crypto').randomBytes(16).toString('hex') }",2026-05-25T16:30:00Z,L7_chunk_03
135,./server/src/services/advanced/federatedSwarmService.ts,1098,swarmInsight,.create(,ORG_SCOPED,ORG_IN_WHERE_OR_DATA,server/src/services/advanced/federatedSwarmService.ts:1088-1108,"data: { organizationId; insightType: taskType === 'risk_analysis' ? 'risk_pattern' : ...; description: `Swarm contribution for ${taskType}: ...`; ... }",2026-05-25T16:30:00Z,L7_chunk_03
136,./server/src/services/advanced/federatedSwarmService.ts,1667,auditLog,.create(,ORG_IN_FUNC_NOT_IN_WRITE,SYSTEM_LEVEL_NO_ORG_REQUIRED,server/src/services/advanced/federatedSwarmService.ts:1661-1677,"data: { action: 'federated_swarm.convergence_tracked'; ...; userId: 'system'; organizationId: 'system' }",2026-05-25T16:30:00Z,L7_chunk_03
137,./server/src/services/advanced/federatedSwarmService.ts,1884,auditLog,.create(,ORG_IN_FUNC_NOT_IN_WRITE,ORG_IN_WHERE_OR_DATA,server/src/services/advanced/federatedSwarmService.ts:1874-1894,"data: { action: 'federated_swarm.model_rolled_back'; details: JSON.stringify({ modelType; fromVersion: currentVersion; toVersion: targetVersion; weightsRestored: !!targetWeights; rolledBackAt: new Date() }); userId; ... }",2026-05-25T16:30:00Z,L7_chunk_03
138,./server/src/services/advanced/federatedSwarmService.ts,1927,auditLog,.create(,ORG_SCOPED,ORG_IN_WHERE_OR_DATA,server/src/services/advanced/federatedSwarmService.ts:1917-1937,"data: { action: 'federated_swarm.model_distributed'; ...; userId: 'system'; organizationId: orgId; hash: require('crypto').randomBytes(16).toString('hex') }",2026-05-25T16:30:00Z,L7_chunk_03
139,./server/src/services/advanced/federatedSwarmService.ts,2220,federatedSwarmAggregation,.create(,ORG_SCOPED,ORG_IN_WHERE_OR_DATA,server/src/services/advanced/federatedSwarmService.ts:2210-2227,"data: { organizationId; aggregationType: 'compliance_score'; aggregatedData; participantCount: activePeers.length + 1 }",2026-05-25T16:30:00Z,L7_chunk_03
140,./server/src/services/advanced/federatedSwarmService.ts,2230,federatedSwarmPeer,.updateMany(,ORG_SCOPED,ORG_IN_WHERE_OR_DATA,server/src/services/advanced/federatedSwarmService.ts:2220-2245,"where: { organizationId: { not: organizationId }; status: 'active' }",2026-05-25T16:30:00Z,L7_chunk_03
141,./server/src/services/advanced/federatedSwarmService.ts,2571,(none),.update(,ORG_IN_FUNC_NOT_IN_WRITE,NOT_PRISMA_FALSE_POSITIVE,server/src/services/advanced/federatedSwarmService.ts:2561-2581,const modelHash = crypto.createHash('sha256').update(JSON.stringify(aggregatedWeights)).digest('hex');,2026-05-25T16:30:00Z,L7_chunk_03
142,./server/src/services/advanced/federatedSwarmService.ts,2576,auditLog,.create(,ORG_SCOPED,ORG_IN_WHERE_OR_DATA,server/src/services/advanced/federatedSwarmService.ts:2566-2586,"data: { action: 'swarm.global_model'; organizationId; hash: modelHash; details: JSON.stringify({ roundId; weights: aggregatedWeights.slice(0; 100); ... }) }",2026-05-25T16:30:00Z,L7_chunk_03
143,./server/src/services/advanced/federatedSwarmService.ts,2706,sCAFFOLDControlVariate,.create(,ORG_SCOPED,ORG_IN_WHERE_OR_DATA,server/src/services/advanced/federatedSwarmService.ts:2696-2716,"data: { organizationId; modelType; scope: 'global'; peerId: null; roundId; controlVariate: result.newGlobalControlVariate as any; weightDimension }",2026-05-25T16:30:00Z,L7_chunk_03
144,./server/src/services/advanced/federatedSwarmService.ts,2718,sCAFFOLDControlVariate,.upsert(,ORG_SCOPED,ORG_IN_WHERE_OR_DATA,server/src/services/advanced/federatedSwarmService.ts:2708-2738,"where: { organizationId_modelType_scope_peerId_roundId: { organizationId; modelType; scope: 'peer'; peerId; roundId } }; create: { organizationId; modelType; scope: 'peer'; peerId; ... }",2026-05-25T16:30:00Z,L7_chunk_03
145,./server/src/services/advanced/federatedSwarmService.ts,2815,auditLog,.create(,ORG_SCOPED,ORG_IN_WHERE_OR_DATA,server/src/services/advanced/federatedSwarmService.ts:2805-2825,"data: { action: 'swarm.model_update'; organizationId; hash: `${roundId}:${peerUpdate.peerId}`; details: JSON.stringify({ roundId; peerId: peerUpdate.peerId; weights: peerUpdate.weights; ... }) }",2026-05-25T16:30:00Z,L7_chunk_03
146,./server/src/services/advanced/homomorphicAIService.ts,1017,auditLog,.create(,ORG_SCOPED,ORG_IN_WHERE_OR_DATA,server/src/services/advanced/homomorphicAIService.ts:1007-1027,"data: { action: `Homomorphic AI Inference: ${inferenceType}`; organizationId; hash: crypto.randomBytes(32).toString('hex'); details: JSON.stringify({ inferenceType; operationCount; encrypted: true; privacy: 'full' }) }",2026-05-25T16:30:00Z,L7_chunk_03
147,./server/src/services/advanced/homomorphicAIService.ts,1164,auditLog,.create(,ORG_SCOPED,ORG_IN_WHERE_OR_DATA,server/src/services/advanced/homomorphicAIService.ts:1154-1174,"data: { action: 'homomorphic.neural_inference'; organizationId; hash: crypto.createHash('sha256').update(JSON.stringify({ inputCount: encryptedInputs.length; ... })).digest('hex'); ... }",2026-05-25T16:30:00Z,L7_chunk_03
148,./server/src/services/advanced/homomorphicAIService.ts,1168,(none),.update(,ORG_SCOPED,NOT_PRISMA_FALSE_POSITIVE,server/src/services/advanced/homomorphicAIService.ts:1158-1178,"hash: crypto.createHash('sha256').update(JSON.stringify({ inputCount: encryptedInputs.length; layerCount: modelConfig.layers.length; modelId: modelConfig.modelId; })).digest('hex');",2026-05-25T16:30:00Z,L7_chunk_03
149,./server/src/services/advanced/jitAccessService.ts,244,auditLog,.create(,ORG_SCOPED,ORG_IN_WHERE_OR_DATA,server/src/services/advanced/jitAccessService.ts:234-260,"data: { action: `JIT Access Request Denied: ${request.requestedPrivilege}`; userId: request.userId; organizationId: request.organizationId; hash: crypto.randomBytes(32).toString('hex'); ... }",2026-05-25T16:30:00Z,L7_chunk_03
150,./server/src/services/advanced/jitAccessService.ts,367,(none),.delete(,ORG_IN_FUNC_NOT_IN_WRITE,NOT_PRISMA_FALSE_POSITIVE,server/src/services/advanced/jitAccessService.ts:349-375,this.activeSessions.delete(sessionId);,2026-05-25T16:30:00Z,L7_chunk_03
151,./server/src/services/advanced/jitAccessService.ts,395,auditLog,.create(,ORG_SCOPED,ORG_IN_WHERE_OR_DATA,server/src/services/advanced/jitAccessService.ts:380-460,"organizationId: session.organizationId;",2026-05-25T16:30:00Z,L7_chunk_04
152,./server/src/services/advanced/jitAccessService.ts,941,user,.update(,ORG_IN_FUNC_NOT_IN_WRITE,GAP_HIGH,server/src/services/advanced/jitAccessService.ts:920-956,"await prisma.user.update({ where: { id: userId }; data: { role: targetRole as any }; });",2026-05-25T16:30:00Z,L7_chunk_04
153,./server/src/services/advanced/jitAccessService.ts,967,user,.update(,ORG_IN_FUNC_NOT_IN_WRITE,GAP_HIGH,server/src/services/advanced/jitAccessService.ts:958-982,"await prisma.user.update({ where: { id: userId }; data: { role: 'viewer' as any }; });",2026-05-25T16:30:00Z,L7_chunk_04
154,./server/src/services/advanced/jitAccessService.ts,989,auditLog,.create(,ORG_SCOPED,ORG_IN_WHERE_OR_DATA,server/src/services/advanced/jitAccessService.ts:984-1008,"organizationId: request.organizationId;",2026-05-25T16:30:00Z,L7_chunk_04
155,./server/src/services/advanced/jitAccessService.ts,1099,auditLog,.create(,ORG_SCOPED,ORG_IN_WHERE_OR_DATA,server/src/services/advanced/jitAccessService.ts:1077-1157,"organizationId: request.organizationId;",2026-05-25T16:30:00Z,L7_chunk_04
156,./server/src/services/advanced/jitAccessService.ts,1164,auditLog,.create(,ORG_SCOPED,ORG_IN_WHERE_OR_DATA,server/src/services/advanced/jitAccessService.ts:1162-1230,"organizationId: session.organizationId;",2026-05-25T16:30:00Z,L7_chunk_04
157,./server/src/services/advanced/jitAccessService.ts,1188,auditLog,.create(,ORG_SCOPED,ORG_IN_WHERE_OR_DATA,server/src/services/advanced/jitAccessService.ts:1186-1230,"organizationId: session.organizationId;",2026-05-25T16:30:00Z,L7_chunk_04
158,./server/src/services/advanced/ldapPermissionService.ts,598,N/A,.delete(,CHILD_ENTITY_NO_ORG,NOT_PRISMA_FALSE_POSITIVE,server/src/services/advanced/ldapPermissionService.ts:595-610,"this.pendingResponses.delete(msgId);",2026-05-25T16:30:00Z,L7_chunk_04
159,./server/src/services/advanced/ldapPermissionService.ts,616,N/A,.delete(,CHILD_ENTITY_NO_ORG,NOT_PRISMA_FALSE_POSITIVE,server/src/services/advanced/ldapPermissionService.ts:612-626,"this.pendingResponses.delete(msgId);",2026-05-25T16:30:00Z,L7_chunk_04
160,./server/src/services/advanced/ldapPermissionService.ts,659,N/A,.delete(,NO_ORG_CHECK,NOT_PRISMA_FALSE_POSITIVE,server/src/services/advanced/ldapPermissionService.ts:644-697,"this.pendingResponses.delete(msgId);",2026-05-25T16:30:00Z,L7_chunk_04
161,./server/src/services/advanced/ldapPermissionService.ts,689,N/A,.delete(,NO_ORG_CHECK,NOT_PRISMA_FALSE_POSITIVE,server/src/services/advanced/ldapPermissionService.ts:644-697,"this.pendingResponses.delete(msgId);",2026-05-25T16:30:00Z,L7_chunk_04
162,./server/src/services/advanced/ldapPermissionService.ts,694,N/A,.delete(,NO_ORG_CHECK,NOT_PRISMA_FALSE_POSITIVE,server/src/services/advanced/ldapPermissionService.ts:644-697,"this.pendingResponses.delete(msgId);",2026-05-25T16:30:00Z,L7_chunk_04
163,./server/src/services/advanced/ldapPermissionService.ts,1061,N/A,.delete(,NO_ORG_CHECK,NOT_PRISMA_FALSE_POSITIVE,server/src/services/advanced/ldapPermissionService.ts:1051-1068,"this.roleMappings.delete(adGroupDN);",2026-05-25T16:30:00Z,L7_chunk_04
164,./server/src/services/advanced/ldapPermissionService.ts,1483,N/A,.delete(,NO_ORG_CHECK,NOT_PRISMA_FALSE_POSITIVE,server/src/services/advanced/ldapPermissionService.ts:1479-1492,"if (now - entry.timestamp > this.CACHE_TTL_MS) this.permissionCache.delete(key);",2026-05-25T16:30:00Z,L7_chunk_04
165,./server/src/services/advanced/ldapPermissionService.ts,1486,N/A,.delete(,NO_ORG_CHECK,NOT_PRISMA_FALSE_POSITIVE,server/src/services/advanced/ldapPermissionService.ts:1479-1492,"if (now - entry.timestamp > this.CACHE_TTL_MS) this.userCache.delete(key);",2026-05-25T16:30:00Z,L7_chunk_04
166,./server/src/services/advanced/livenessDetectionService.ts,308,N/A,.delete(,NO_ORG_CHECK,NOT_PRISMA_FALSE_POSITIVE,server/src/services/advanced/livenessDetectionService.ts:296-376,"this.activeChallenges.delete(challengeId);",2026-05-25T16:30:00Z,L7_chunk_04
167,./server/src/services/advanced/livenessDetectionService.ts,347,N/A,.delete(,NO_ORG_CHECK,NOT_PRISMA_FALSE_POSITIVE,server/src/services/advanced/livenessDetectionService.ts:296-376,"this.activeChallenges.delete(challengeId);",2026-05-25T16:30:00Z,L7_chunk_04
168,./server/src/services/advanced/livenessDetectionService.ts,1128,N/A,.delete(,NO_ORG_CHECK,NOT_PRISMA_FALSE_POSITIVE,server/src/services/advanced/livenessDetectionService.ts:1124-1134,"if (now > challenge.expiresAt) this.activeChallenges.delete(id);",2026-05-25T16:30:00Z,L7_chunk_04
169,./server/src/services/advanced/mlModelsService.ts,1033,auditLog,.create(,ORG_SCOPED,ORG_IN_WHERE_OR_DATA,server/src/services/advanced/mlModelsService.ts:980-1074,"action: 'ml_models.classification_trained'; organizationId; hash: modelId;",2026-05-25T16:30:00Z,L7_chunk_04
170,./server/src/services/advanced/mlModelsService.ts,1137,auditLog,.create(,ORG_SCOPED,ORG_IN_WHERE_OR_DATA,server/src/services/advanced/mlModelsService.ts:1079-1159,"action: 'ml_models.regression_trained'; organizationId; hash: modelId;",2026-05-25T16:30:00Z,L7_chunk_04
171,./server/src/services/advanced/mqttService.ts,173,N/A,.delete(,NO_ORG_CHECK,NOT_PRISMA_FALSE_POSITIVE,server/src/services/advanced/mqttService.ts:115-195,"this.subscriptions.delete(topic);",2026-05-25T16:30:00Z,L7_chunk_04
172,./server/src/services/advanced/mqttService.ts,281,ioTDevice,.update(,ORG_IN_FUNC_NOT_IN_WRITE,SYSTEM_LEVEL_NO_ORG_REQUIRED,server/src/services/advanced/mqttService.ts:264-300,"const device = await prisma.ioTDevice.findFirst({ where: { deviceId; }; });",2026-05-25T16:30:00Z,L7_chunk_04
173,./server/src/services/advanced/mqttService.ts,317,ioTDevice,.update(,ORG_IN_FUNC_NOT_IN_WRITE,SYSTEM_LEVEL_NO_ORG_REQUIRED,server/src/services/advanced/mqttService.ts:305-329,"const device = await prisma.ioTDevice.findFirst({ where: { deviceId }; });",2026-05-25T16:30:00Z,L7_chunk_04
174,./server/src/services/advanced/mqttService.ts,347,edgeComplianceCheck,.create(,ORG_SCOPED,ORG_IN_WHERE_OR_DATA,server/src/services/advanced/mqttService.ts:334-385,"organizationId: device.organizationId;",2026-05-25T16:30:00Z,L7_chunk_04
175,./server/src/services/advanced/multimodalIntakeService.ts,498,transcriptionResult,.create(,ORG_SCOPED,ORG_IN_WHERE_OR_DATA,server/src/services/advanced/multimodalIntakeService.ts:491-571,"data: { organizationId; evidenceId; text: result.text; ... }",2026-05-25T16:30:00Z,L7_chunk_04
176,./server/src/services/advanced/neuroSymbolicAIService.ts,1355,auditLog,.create(,ORG_SCOPED,ORG_IN_WHERE_OR_DATA,server/src/services/advanced/neuroSymbolicAIService.ts:1349-1429,"organizationId; hash: crypto.randomBytes(16).toString('hex');",2026-05-25T16:30:00Z,L7_chunk_04
177,./server/src/services/advanced/neuroSymbolicAIService.ts,1378,neuroSymbolicReasoning,.create(,ORG_SCOPED,ORG_IN_WHERE_OR_DATA,server/src/services/advanced/neuroSymbolicAIService.ts:1375-1455,"organizationId: reasoning.organizationId;",2026-05-25T16:30:00Z,L7_chunk_04
178,./server/src/services/advanced/neuroSymbolicAIService.ts,1406,ruleInference,.create(,ORG_SCOPED,ORG_IN_WHERE_OR_DATA,server/src/services/advanced/neuroSymbolicAIService.ts:1403-1483,"organizationId: inference.organizationId;",2026-05-25T16:30:00Z,L7_chunk_04
179,./server/src/services/advanced/neuroSymbolicAIService.ts,1499,ruleInference,.update(,ORG_SCOPED,ORG_IN_WHERE_OR_DATA,server/src/services/advanced/neuroSymbolicAIService.ts:1491-1571,"where: { id: inferenceId; organizationId; }",2026-05-25T16:30:00Z,L7_chunk_04
180,./server/src/services/advanced/neuroSymbolicAIService.ts,1835,N/A,.delete(,ORG_IN_FUNC_NOT_IN_WRITE,NOT_PRISMA_FALSE_POSITIVE,server/src/services/advanced/neuroSymbolicAIService.ts:1789-1847,"this._knowledgeGraphCache?.delete(cacheKey);",2026-05-25T16:30:00Z,L7_chunk_04
181,./server/src/services/advanced/physicalAIService.ts,209,ioTDevice,.create(,ORG_SCOPED,ORG_IN_WHERE_OR_DATA,server/src/services/advanced/physicalAIService.ts:149-260,"data: { id: deviceUuid; organizationId; deviceId: device.deviceId; ... }",2026-05-25T16:30:00Z,L7_chunk_04
182,./server/src/services/advanced/physicalAIService.ts,256,ioTDevice,.update(,ORG_SCOPED,PARENT_ORG_VERIFIED,server/src/services/advanced/physicalAIService.ts:175-260,"existingDevice findFirst includes organizationId; dbDevice created with organizationId; then update by dbDevice.id",2026-05-25T16:30:00Z,L7_chunk_04
183,./server/src/services/advanced/physicalAIService.ts,262,auditLog,.create(,ORG_IN_FUNC_NOT_IN_WRITE,ORG_IN_WHERE_OR_DATA,server/src/services/advanced/physicalAIService.ts:260-280,"userId; organizationId; hash: crypto.randomBytes(16).toString('hex');",2026-05-25T16:30:00Z,L7_chunk_04
184,./server/src/services/advanced/physicalAIService.ts,414,ioTDevice,.delete(,ORG_IN_FUNC_NOT_IN_WRITE,ORG_IN_PRIOR_findFirst,server/src/services/advanced/physicalAIService.ts:387-438,"const device = await prisma.ioTDevice.findFirst({ where: { deviceId; organizationId; }; });",2026-05-25T16:30:00Z,L7_chunk_04
185,./server/src/services/advanced/physicalAIService.ts,419,auditLog,.create(,ORG_IN_FUNC_NOT_IN_WRITE,ORG_IN_WHERE_OR_DATA,server/src/services/advanced/physicalAIService.ts:387-438,"userId; organizationId; hash: crypto.randomBytes(16).toString('hex');",2026-05-25T16:30:00Z,L7_chunk_04
186,./server/src/services/advanced/physicalAIService.ts,453,ioTDevice,.updateMany(,ORG_SCOPED,ORG_IN_WHERE_OR_DATA,server/src/services/advanced/physicalAIService.ts:443-488,"where: { deviceId; organizationId; };",2026-05-25T16:30:00Z,L7_chunk_04
187,./server/src/services/advanced/physicalAIService.ts,502,auditLog,.create(,ORG_IN_FUNC_NOT_IN_WRITE,ORG_IN_WHERE_OR_DATA,server/src/services/advanced/physicalAIService.ts:493-525,"userId: 'system'; organizationId; hash: crypto.randomBytes(16).toString('hex');",2026-05-25T16:30:00Z,L7_chunk_04
188,./server/src/services/advanced/physicalAIService.ts,538,auditLog,.create(,ORG_IN_FUNC_NOT_IN_WRITE,ORG_IN_WHERE_OR_DATA,server/src/services/advanced/physicalAIService.ts:529-562,"userId: 'system'; organizationId; hash:",2026-05-25T16:30:00Z,L7_chunk_04
189,./server/src/services/advanced/physicalAIService.ts,629,edgeComplianceCheck,.create(,ORG_SCOPED,ORG_IN_WHERE_OR_DATA,server/src/services/advanced/physicalAIService.ts:567-660,"data: { deviceId: device.id; organizationId; checkType: check.checkType; ... }",2026-05-25T16:30:00Z,L7_chunk_04
190,./server/src/services/advanced/physicalAIService.ts,643,ioTDevice,.update(,ORG_IN_FUNC_NOT_IN_WRITE,ORG_IN_PRIOR_findFirst,server/src/services/advanced/physicalAIService.ts:567-660,"const device = await prisma.ioTDevice.findFirst({ where: { deviceId; organizationId; }; });",2026-05-25T16:30:00Z,L7_chunk_04
191,./server/src/services/advanced/physicalAIService.ts,1157,N/A,crypto.update(,ORG_IN_FUNC_NOT_IN_WRITE,NOT_PRISMA_FALSE_POSITIVE,server/src/services/advanced/physicalAIService.ts:1146-1212,"crypto.createHash('sha256').update(dataString).digest('hex');",2026-05-25T16:30:00Z,L7_chunk_04
192,./server/src/services/advanced/physicalAIService.ts,1166,N/A,crypto.update(,ORG_IN_FUNC_NOT_IN_WRITE,NOT_PRISMA_FALSE_POSITIVE,server/src/services/advanced/physicalAIService.ts:1146-1212,"crypto.createHmac('sha256'; ATTESTATION_SECRET).update(attestationHash).digest('hex');",2026-05-25T16:30:00Z,L7_chunk_04
193,./server/src/services/advanced/physicalAIService.ts,1179,ioTDevice,.updateMany(,ORG_SCOPED,ORG_IN_WHERE_OR_DATA,server/src/services/advanced/physicalAIService.ts:1146-1212,"where: { deviceId; organizationId; };",2026-05-25T16:30:00Z,L7_chunk_04
194,./server/src/services/advanced/physicalAIService.ts,1191,auditLog,.create(,ORG_SCOPED,ORG_IN_WHERE_OR_DATA,server/src/services/advanced/physicalAIService.ts:1146-1212,"userId: 'system'; organizationId; hash: attestationHash;",2026-05-25T16:30:00Z,L7_chunk_04
195,./server/src/services/advanced/physicalAIService.ts,1333,auditLog,.create(,ORG_IN_FUNC_NOT_IN_WRITE,ORG_IN_WHERE_OR_DATA,server/src/services/advanced/physicalAIService.ts:1217-1360,"userId: 'system'; organizationId; hash: crypto.randomBytes(16).toString('hex');",2026-05-25T16:30:00Z,L7_chunk_04
196,./server/src/services/advanced/physicalAIService.ts,1647,auditLog,.create(,ORG_SCOPED,ORG_IN_WHERE_OR_DATA,server/src/services/advanced/physicalAIService.ts:1641-1665,"userId: 'system'; organizationId; hash: crypto.randomBytes(16).toString('hex');",2026-05-25T16:30:00Z,L7_chunk_04
197,./server/src/services/advanced/physicalAIService.ts,2968,auditLog,.create(,ORG_SCOPED,ORG_IN_WHERE_OR_DATA,server/src/services/advanced/physicalAIService.ts:2816-3000,"action: 'physical_ai.firmware_validated'; organizationId; hash: firmware.hash;",2026-05-25T16:30:00Z,L7_chunk_04
198,./server/src/services/advanced/redTeamService.ts,247,auditLog,.create(,ORG_SCOPED,ORG_IN_WHERE_OR_DATA,server/src/services/advanced/redTeamService.ts:229-260,"userId; organizationId; hash: (await import('crypto')).randomBytes(16).toString('hex');",2026-05-25T16:30:00Z,L7_chunk_04
199,./server/src/services/advanced/redTeamService.ts,299,auditLog,.create(,ORG_SCOPED,ORG_IN_WHERE_OR_DATA,server/src/services/advanced/redTeamService.ts:283-310,"userId; organizationId; hash: (await import('crypto')).randomBytes(16).toString('hex');",2026-05-25T16:30:00Z,L7_chunk_04
200,./server/src/services/advanced/redTeamService.ts,1059,auditLog,.create(,ORG_IN_FUNC_NOT_IN_WRITE,ORG_IN_WHERE_OR_DATA,server/src/services/advanced/redTeamService.ts:994-1085,"userId; organizationId; hash: require('crypto').randomBytes(16).toString('hex');",2026-05-25T16:30:00Z,L7_chunk_04
201,./server/src/services/advanced/redTeamService.ts,1373,auditLog,.create(,ORG_IN_FUNC_NOT_IN_WRITE,ORG_IN_WHERE_OR_DATA,server/src/services/advanced/redTeamService.ts:1337-1397,"data: { action: 'red_team.scan_scheduled'; ... userId; organizationId; hash: scheduleId; };",2026-05-25T16:30:00Z,L7_chunk_05
202,./server/src/services/advanced/redTeamService.ts,1632,auditLog,.create(,ORG_IN_FUNC_NOT_IN_WRITE,ORG_IN_WHERE_OR_DATA,server/src/services/advanced/redTeamService.ts:1607-1651,"userId; organizationId; hash: require('crypto').randomBytes(16).toString('hex');",2026-05-25T16:30:00Z,L7_chunk_05
203,./server/src/services/advanced/regulatoryIntelligenceFabricService.ts,188,regulatoryChange,.create(,ORG_SCOPED,ORG_IN_WHERE_OR_DATA,server/src/services/advanced/regulatoryIntelligenceFabricService.ts:88-261,"data: { id: regulatoryChangeId; organizationId; regulationName: metadata.name; ... }",2026-05-25T16:30:00Z,L7_chunk_05
204,./server/src/services/advanced/regulatoryIntelligenceFabricService.ts,220,auditLog,.create(,ORG_IN_FUNC_NOT_IN_WRITE,ORG_IN_WHERE_OR_DATA,server/src/services/advanced/regulatoryIntelligenceFabricService.ts:88-261,"userId; organizationId; hash: crypto.randomBytes(16).toString('hex');",2026-05-25T16:30:00Z,L7_chunk_05
205,./server/src/services/advanced/regulatoryIntelligenceFabricService.ts,243,auditLog,.create(,ORG_IN_FUNC_NOT_IN_WRITE,ORG_IN_WHERE_OR_DATA,server/src/services/advanced/regulatoryIntelligenceFabricService.ts:88-261,"userId: userId || 'system'; organizationId; hash: require('crypto').randomBytes(16).toString('hex');",2026-05-25T16:30:00Z,L7_chunk_05
206,./server/src/services/advanced/regulatoryIntelligenceFabricService.ts,305,N/A,.update(,ORG_SCOPED,NOT_PRISMA_FALSE_POSITIVE,server/src/services/advanced/regulatoryIntelligenceFabricService.ts:299-336,"const hash = crypto.createHash('sha256').update(regulationText).digest('hex');",2026-05-25T16:30:00Z,L7_chunk_05
207,./server/src/services/advanced/regulatoryIntelligenceFabricService.ts,314,N/A,.update(,ORG_SCOPED,NOT_PRISMA_FALSE_POSITIVE,server/src/services/advanced/regulatoryIntelligenceFabricService.ts:299-336,"const existingHash = crypto.createHash('sha256').update(change.regulationText).digest('hex');",2026-05-25T16:30:00Z,L7_chunk_05
208,./server/src/services/advanced/regulatoryIntelligenceFabricService.ts,1152,regulatoryChange,.create(,ORG_SCOPED,ORG_IN_WHERE_OR_DATA,server/src/services/advanced/regulatoryIntelligenceFabricService.ts:992-1202,"data: { organizationId; regulationName: `Conflict: ${conflict.regulation1 ...}`; jurisdiction; ... }",2026-05-25T16:30:00Z,L7_chunk_05
209,./server/src/services/advanced/regulatoryIntelligenceFabricService.ts,1176,auditLog,.create(,ORG_IN_FUNC_NOT_IN_WRITE,ORG_IN_WHERE_OR_DATA,server/src/services/advanced/regulatoryIntelligenceFabricService.ts:992-1202,"userId: 'system'; organizationId; hash: crypto.randomBytes(16).toString('hex');",2026-05-25T16:30:00Z,L7_chunk_05
210,./server/src/services/advanced/regulatoryIntelligenceFabricService.ts,1322,auditLog,.create(,ORG_IN_FUNC_NOT_IN_WRITE,ORG_IN_WHERE_OR_DATA,server/src/services/advanced/regulatoryIntelligenceFabricService.ts:1286-1338,"userId: 'system'; organizationId; hash: crypto.randomBytes(16).toString('hex');",2026-05-25T16:30:00Z,L7_chunk_05
211,./server/src/services/advanced/regulatoryIntelligenceFabricService.ts,1448,auditLog,.create(,ORG_IN_FUNC_NOT_IN_WRITE,ORG_IN_WHERE_OR_DATA,server/src/services/advanced/regulatoryIntelligenceFabricService.ts:1439-1466,"userId; organizationId; hash: crypto.randomBytes(16).toString('hex');",2026-05-25T16:30:00Z,L7_chunk_05
212,./server/src/services/advanced/regulatoryIntelligenceFabricService.ts,1620,frameworkControl,.update(,ORG_IN_FUNC_NOT_IN_WRITE,PARENT_ORG_VERIFIED,server/src/services/advanced/regulatoryIntelligenceFabricService.ts:1522-1736,"frameworks = prisma.complianceFramework.findMany({ where: { organizationId; id: { in: regulatoryChange.affectedFrameworks } } });",2026-05-25T16:30:00Z,L7_chunk_05
213,./server/src/services/advanced/regulatoryIntelligenceFabricService.ts,1642,frameworkControl,.create(,ORG_SCOPED,PARENT_ORG_VERIFIED,server/src/services/advanced/regulatoryIntelligenceFabricService.ts:1522-1736,"const verifiedFramework = await prisma.complianceFramework.findFirst({ where: { id: framework.id; organizationId: regulatoryChange.organizationId } });",2026-05-25T16:30:00Z,L7_chunk_05
214,./server/src/services/advanced/regulatoryIntelligenceFabricService.ts,1664,regulatoryChange,.update(,ORG_IN_FUNC_NOT_IN_WRITE,ORG_IN_PRIOR_findFirst,server/src/services/advanced/regulatoryIntelligenceFabricService.ts:1522-1736,"const regulatoryChange = await prisma.regulatoryChange.findFirst({ where: { id: regulatoryChangeId; organizationId } });",2026-05-25T16:30:00Z,L7_chunk_05
215,./server/src/services/advanced/regulatoryIntelligenceFabricService.ts,1673,auditLog,.create(,ORG_IN_FUNC_NOT_IN_WRITE,ORG_IN_WHERE_OR_DATA,server/src/services/advanced/regulatoryIntelligenceFabricService.ts:1522-1736,"userId; organizationId; hash: crypto.randomBytes(16).toString('hex');",2026-05-25T16:30:00Z,L7_chunk_05
216,./server/src/services/advanced/regulatoryIntelligenceFabricService.ts,1718,auditLog,.create(,ORG_IN_FUNC_NOT_IN_WRITE,ORG_IN_WHERE_OR_DATA,server/src/services/advanced/regulatoryIntelligenceFabricService.ts:1522-1736,"userId: userId || 'system'; organizationId; hash: crypto.randomBytes(16).toString('hex');",2026-05-25T16:30:00Z,L7_chunk_05
217,./server/src/services/advanced/regulatoryIntelligenceFabricService.ts,1820,auditLog,.create(,ORG_SCOPED,ORG_IN_WHERE_OR_DATA,server/src/services/advanced/regulatoryIntelligenceFabricService.ts:1783-1835,"userId; organizationId; hash: checkpointId;",2026-05-25T16:30:00Z,L7_chunk_05
218,./server/src/services/advanced/regulatoryIntelligenceFabricService.ts,1923,auditLog,.create(,ORG_SCOPED,ORG_IN_WHERE_OR_DATA,server/src/services/advanced/regulatoryIntelligenceFabricService.ts:1911-1974,"userId; organizationId; hash: approvalId;",2026-05-25T16:30:00Z,L7_chunk_05
219,./server/src/services/advanced/regulatoryIntelligenceFabricService.ts,2016,auditLog,.create(,ORG_IN_FUNC_NOT_IN_WRITE,ORG_IN_WHERE_OR_DATA,server/src/services/advanced/regulatoryIntelligenceFabricService.ts:1979-2042,"userId; organizationId; hash: crypto.randomBytes(16).toString('hex');",2026-05-25T16:30:00Z,L7_chunk_05
220,./server/src/services/advanced/regulatoryIntelligenceFabricService.ts,2073,frameworkControl,.update(,ORG_IN_FUNC_NOT_IN_WRITE,PARENT_ORG_VERIFIED,server/src/services/advanced/regulatoryIntelligenceFabricService.ts:2047-2111,"const checkpointLog = await prisma.auditLog.findFirst({ where: { organizationId; hash: checkpointId; action: 'rif.checkpoint_created' } });",2026-05-25T16:30:00Z,L7_chunk_05
221,./server/src/services/advanced/regulatoryIntelligenceFabricService.ts,2089,auditLog,.create(,ORG_IN_FUNC_NOT_IN_WRITE,ORG_IN_WHERE_OR_DATA,server/src/services/advanced/regulatoryIntelligenceFabricService.ts:2047-2111,"userId; organizationId; hash: crypto.randomBytes(16).toString('hex');",2026-05-25T16:30:00Z,L7_chunk_05
222,./server/src/services/advanced/regulatoryIntelligenceFabricService.ts,2232,auditLog,.create(,ORG_IN_FUNC_NOT_IN_WRITE,ORG_IN_WHERE_OR_DATA,server/src/services/advanced/regulatoryIntelligenceFabricService.ts:2171-2248,"userId: 'system'; organizationId; hash: crypto.randomBytes(16).toString('hex');",2026-05-25T16:30:00Z,L7_chunk_05
223,./server/src/services/advanced/regulatoryIntelligenceFabricService.ts,2331,N/A,.update(,ORG_SCOPED,NOT_PRISMA_FALSE_POSITIVE,server/src/services/advanced/regulatoryIntelligenceFabricService.ts:2253-2400,"const itemHash = crypto.createHash('sha256').update(item.url || item.title || '').digest('hex');",2026-05-25T16:30:00Z,L7_chunk_05
224,./server/src/services/advanced/regulatoryIntelligenceFabricService.ts,2360,auditLog,.create(,ORG_IN_FUNC_NOT_IN_WRITE,ORG_IN_WHERE_OR_DATA,server/src/services/advanced/regulatoryIntelligenceFabricService.ts:2253-2400,"userId: 'system'; organizationId; hash: crypto.randomBytes(16).toString('hex');",2026-05-25T16:30:00Z,L7_chunk_05
225,./server/src/services/advanced/regulatoryIntelligenceFabricService.ts,2608,N/A,.update(,ORG_IN_FUNC_NOT_IN_WRITE,NOT_PRISMA_FALSE_POSITIVE,server/src/services/advanced/regulatoryIntelligenceFabricService.ts:2589-2638,"const contentHash = crypto.createHash('sha256').update(response.data).digest('hex');",2026-05-25T16:30:00Z,L7_chunk_05
226,./server/src/services/advanced/regulatoryIntelligenceFabricService.ts,2618,regulatoryFeed,.updateMany(,ORG_SCOPED,ORG_IN_WHERE_OR_DATA,server/src/services/advanced/regulatoryIntelligenceFabricService.ts:2589-2638,"await prisma.regulatoryFeed.updateMany({ where: { id: feed.id; organizationId }; data: { lastHash: contentHash; updatedAt: new Date() } });",2026-05-25T16:30:00Z,L7_chunk_05
227,./server/src/services/advanced/regulatoryIntelligenceFabricService.ts,2718,regulatoryFeed,.updateMany(,ORG_SCOPED,ORG_IN_WHERE_OR_DATA,server/src/services/advanced/regulatoryIntelligenceFabricService.ts:2710-2750,"await prisma.regulatoryFeed.updateMany({ where: { id: feedId; organizationId }; data: { status; lastPolledAt: new Date(); ... } });",2026-05-25T16:30:00Z,L7_chunk_05
228,./server/src/services/advanced/regulatoryIntelligenceFabricService.ts,2733,auditLog,.create(,ORG_IN_FUNC_NOT_IN_WRITE,ORG_IN_WHERE_OR_DATA,server/src/services/advanced/regulatoryIntelligenceFabricService.ts:2710-2750,"userId: 'system'; organizationId; hash: crypto.randomBytes(16).toString('hex');",2026-05-25T16:30:00Z,L7_chunk_05
229,./server/src/services/advanced/regulatoryIntelligenceFabricService.ts,2772,regulatoryFeed,.create(,ORG_SCOPED,ORG_IN_WHERE_OR_DATA,server/src/services/advanced/regulatoryIntelligenceFabricService.ts:2755-2814,"data: { organizationId; name: feed.name; url: feed.url; feedType: feed.feedType; ... }",2026-05-25T16:30:00Z,L7_chunk_05
230,./server/src/services/advanced/regulatoryIntelligenceFabricService.ts,2797,auditLog,.create(,ORG_SCOPED,ORG_IN_WHERE_OR_DATA,server/src/services/advanced/regulatoryIntelligenceFabricService.ts:2755-2814,"userId; organizationId; hash: dbFeed.id;",2026-05-25T16:30:00Z,L7_chunk_05
231,./server/src/services/advanced/regulatoryIntelligenceFabricService.ts,2826,regulatoryFeed,.deleteMany(,ORG_SCOPED,ORG_IN_WHERE_OR_DATA,server/src/services/advanced/regulatoryIntelligenceFabricService.ts:2819-2849,"await prisma.regulatoryFeed.deleteMany({ where: { id: feedId; organizationId } });",2026-05-25T16:30:00Z,L7_chunk_05
232,./server/src/services/advanced/regulatoryIntelligenceFabricService.ts,2834,auditLog,.create(,ORG_SCOPED,ORG_IN_WHERE_OR_DATA,server/src/services/advanced/regulatoryIntelligenceFabricService.ts:2819-2849,"userId; organizationId; hash: crypto.randomBytes(16).toString('hex');",2026-05-25T16:30:00Z,L7_chunk_05
233,./server/src/services/advanced/regulatoryIntelligenceFabricService.ts,2894,regulatoryFeed,.updateMany(,ORG_SCOPED,ORG_IN_WHERE_OR_DATA,server/src/services/advanced/regulatoryIntelligenceFabricService.ts:2880-2944,"await prisma.regulatoryFeed.updateMany({ where: { id: feedId; organizationId }; data: { ...updates; updatedAt: new Date() } });",2026-05-25T16:30:00Z,L7_chunk_05
234,./server/src/services/advanced/regulatoryIntelligenceFabricService.ts,2918,auditLog,.create(,ORG_SCOPED,ORG_IN_WHERE_OR_DATA,server/src/services/advanced/regulatoryIntelligenceFabricService.ts:2880-2944,"userId; organizationId; hash: feedId;",2026-05-25T16:30:00Z,L7_chunk_05
235,./server/src/services/advanced/swarmTaskAllocationService.ts,328,auditLog,.create(,ORG_IN_FUNC_NOT_IN_WRITE,ORG_IN_WHERE_OR_DATA,server/src/services/advanced/swarmTaskAllocationService.ts:287-351,"userId: 'system'; organizationId; hash: crypto.randomBytes(16).toString('hex');",2026-05-25T16:30:00Z,L7_chunk_05
236,./server/src/services/advanced/swarmTaskAllocationService.ts,383,auditLog,.create(,ORG_IN_FUNC_NOT_IN_WRITE,ORG_IN_WHERE_OR_DATA,server/src/services/advanced/swarmTaskAllocationService.ts:363-404,"userId: 'system'; organizationId; hash: crypto.randomBytes(16).toString('hex');",2026-05-25T16:30:00Z,L7_chunk_05
237,./server/src/services/advanced/swarmTaskAllocationService.ts,416,auditLog,.create(,ORG_SCOPED,ORG_IN_WHERE_OR_DATA,server/src/services/advanced/swarmTaskAllocationService.ts:409-431,"userId: 'system'; organizationId; hash: crypto.randomBytes(16).toString('hex');",2026-05-25T16:30:00Z,L7_chunk_05
238,./server/src/services/advanced/swarmTaskAllocationService.ts,450,auditLog,.create(,ORG_SCOPED,ORG_IN_WHERE_OR_DATA,server/src/services/advanced/swarmTaskAllocationService.ts:436-467,"userId: 'system'; organizationId; hash: crypto.randomBytes(16).toString('hex');",2026-05-25T16:30:00Z,L7_chunk_05
239,./server/src/services/advanced/swarmTaskAllocationService.ts,575,auditLog,.create(,ORG_IN_FUNC_NOT_IN_WRITE,ORG_IN_WHERE_OR_DATA,server/src/services/advanced/swarmTaskAllocationService.ts:502-598,"userId; organizationId; hash: crypto.randomBytes(16).toString('hex');",2026-05-25T16:30:00Z,L7_chunk_05
240,./server/src/services/advanced/swarmTaskAllocationService.ts,1067,auditLog,.create(,ORG_IN_FUNC_NOT_IN_WRITE,ORG_IN_WHERE_OR_DATA,server/src/services/advanced/swarmTaskAllocationService.ts:1020-1096,"userId: 'system'; organizationId: task.organizationId; hash: checkpoint.id;",2026-05-25T16:30:00Z,L7_chunk_05
241,./server/src/services/advanced/swarmTaskAllocationService.ts,1174,N/A,.delete(,ORG_IN_FUNC_NOT_IN_WRITE,NOT_PRISMA_FALSE_POSITIVE,server/src/services/advanced/swarmTaskAllocationService.ts:1101-1204,"this.activeTasks.delete(taskId);",2026-05-25T16:30:00Z,L7_chunk_05
242,./server/src/services/advanced/swarmTaskAllocationService.ts,1181,auditLog,.create(,ORG_IN_FUNC_NOT_IN_WRITE,ORG_IN_WHERE_OR_DATA,server/src/services/advanced/swarmTaskAllocationService.ts:1101-1204,"userId: 'system'; organizationId; hash: crypto.randomBytes(16).toString('hex');",2026-05-25T16:30:00Z,L7_chunk_05
243,./server/src/services/advanced/swarmTaskAllocationService.ts,1224,N/A,.delete(,ORG_IN_FUNC_NOT_IN_WRITE,NOT_PRISMA_FALSE_POSITIVE,server/src/services/advanced/swarmTaskAllocationService.ts:1209-1266,"this.activeTasks.delete(taskId);",2026-05-25T16:30:00Z,L7_chunk_05
244,./server/src/services/advanced/swarmTaskAllocationService.ts,1245,auditLog,.create(,ORG_IN_FUNC_NOT_IN_WRITE,ORG_IN_WHERE_OR_DATA,server/src/services/advanced/swarmTaskAllocationService.ts:1209-1266,"userId; organizationId: task.organizationId; hash: crypto.randomBytes(16).toString('hex');",2026-05-25T16:30:00Z,L7_chunk_05
245,./server/src/services/advanced/swarmTaskAllocationService.ts,1527,auditLog,.create(,ORG_SCOPED,ORG_IN_WHERE_OR_DATA,server/src/services/advanced/swarmTaskAllocationService.ts:1516-1537,"userId; organizationId; hash: crypto.randomBytes(16).toString('hex');",2026-05-25T16:30:00Z,L7_chunk_05
246,./server/src/services/advanced/swarmTaskAllocationService.ts,1655,N/A,.delete(,NO_ORG_CHECK,NOT_PRISMA_FALSE_POSITIVE,server/src/services/advanced/swarmTaskAllocationService.ts:1619-1674,"this.activeTasks.delete(taskId);",2026-05-25T16:30:00Z,L7_chunk_05
247,./server/src/services/advanced/swarmTaskAllocationService.ts,1667,N/A,.delete(,NO_ORG_CHECK,NOT_PRISMA_FALSE_POSITIVE,server/src/services/advanced/swarmTaskAllocationService.ts:1619-1674,"this.activeTasks.delete(taskId);",2026-05-25T16:30:00Z,L7_chunk_05
248,./server/src/services/advanced/swarmTaskAllocationService.ts,1753,N/A,.delete(,ORG_IN_FUNC_NOT_IN_WRITE,NOT_PRISMA_FALSE_POSITIVE,server/src/services/advanced/swarmTaskAllocationService.ts:1711-1796,"this.activeTasks.delete(taskId);",2026-05-25T16:30:00Z,L7_chunk_05
249,./server/src/services/advanced/swarmTaskAllocationService.ts,1774,N/A,.delete(,ORG_IN_FUNC_NOT_IN_WRITE,NOT_PRISMA_FALSE_POSITIVE,server/src/services/advanced/swarmTaskAllocationService.ts:1711-1796,"this.activeTasks.delete(taskId);",2026-05-25T16:30:00Z,L7_chunk_05
250,./server/src/services/advanced/swarmTaskAllocationService.ts,1777,auditLog,.create(,ORG_IN_FUNC_NOT_IN_WRITE,ORG_IN_WHERE_OR_DATA,server/src/services/advanced/swarmTaskAllocationService.ts:1711-1796,"userId: 'system'; organizationId: task.organizationId; hash: crypto.randomBytes(16).toString('hex');",2026-05-25T16:30:00Z,L7_chunk_05
251,./server/src/services/advanced/swarmTaskAllocationService.ts,1912,activeTasks,.delete(,ORG_IN_FUNC_NOT_IN_WRITE,NOT_PRISMA_FALSE_POSITIVE,server/src/services/advanced/swarmTaskAllocationService.ts:1904-1922,"this.activeTasks.delete(task.id); // in-memory Map field declared in class",2026-05-25T16:30:00Z,L7_chunk_06
252,./server/src/services/advanced/temporalGraphNetworkService.ts,156,riskPrediction,.create(,ORG_SCOPED,ORG_IN_WHERE_OR_DATA,server/src/services/advanced/temporalGraphNetworkService.ts:45-175,"data: { organizationId; riskId: prediction.riskId; ... }",2026-05-25T16:30:00Z,L7_chunk_06
253,./server/src/services/advanced/temporalGraphNetworkService.ts,684,riskPrediction,.deleteMany(,ORG_SCOPED,ORG_IN_WHERE_OR_DATA,server/src/services/advanced/temporalGraphNetworkService.ts:678-694,"where: { organizationId; timeHorizonMonths; createdAt: { lt: ... } }",2026-05-25T16:30:00Z,L7_chunk_06
254,./server/src/services/advanced/temporalGraphNetworkService.ts,1239,auditLog,.create(,ORG_IN_FUNC_NOT_IN_WRITE,ORG_IN_WHERE_OR_DATA,server/src/services/advanced/temporalGraphNetworkService.ts:1229-1260,"userId; organizationId; hash: (await import('crypto')).randomBytes(16).toString('hex')",2026-05-25T16:30:00Z,L7_chunk_06
255,./server/src/services/advanced/temporalGraphNetworkService.ts,1272,auditLog,.create(,ORG_SCOPED,ORG_IN_WHERE_OR_DATA,server/src/services/advanced/temporalGraphNetworkService.ts:1269-1290,"userId: 'system'; organizationId; hash: (await import('crypto')).randomBytes(16).toString('hex')",2026-05-25T16:30:00Z,L7_chunk_06
256,./server/src/services/advanced/temporalGraphNetworkService.ts,1637,complianceTrajectory,.deleteMany(,ORG_SCOPED,ORG_IN_WHERE_OR_DATA,server/src/services/advanced/temporalGraphNetworkService.ts:1630-1647,"where: { frameworkId; organizationId; }",2026-05-25T16:30:00Z,L7_chunk_06
257,./server/src/services/advanced/vrCollaborativeReviewService.ts,530,activeSessions,.delete(,ORG_IN_FUNC_NOT_IN_WRITE,NOT_PRISMA_FALSE_POSITIVE,server/src/services/advanced/vrCollaborativeReviewService.ts:527-547,"this.activeSessions.delete(sessionId); // in-memory Map",2026-05-25T16:30:00Z,L7_chunk_06
258,./server/src/services/advanced/vrCollaborativeReviewService.ts,531,sessionParticipants,.delete(,ORG_IN_FUNC_NOT_IN_WRITE,NOT_PRISMA_FALSE_POSITIVE,server/src/services/advanced/vrCollaborativeReviewService.ts:527-547,"this.sessionParticipants.delete(sessionId); // in-memory Map",2026-05-25T16:30:00Z,L7_chunk_06
259,./server/src/services/advanced/vrCollaborativeReviewService.ts,532,sessionChats,.delete(,ORG_IN_FUNC_NOT_IN_WRITE,NOT_PRISMA_FALSE_POSITIVE,server/src/services/advanced/vrCollaborativeReviewService.ts:527-547,"this.sessionChats.delete(sessionId); // in-memory Map",2026-05-25T16:30:00Z,L7_chunk_06
260,./server/src/services/advanced/vrCollaborativeReviewService.ts,533,voiceChatStates,.delete(,ORG_IN_FUNC_NOT_IN_WRITE,NOT_PRISMA_FALSE_POSITIVE,server/src/services/advanced/vrCollaborativeReviewService.ts:527-547,"this.voiceChatStates.delete(sessionId); // in-memory Map",2026-05-25T16:30:00Z,L7_chunk_06
261,./server/src/services/advanced/vrCollaborativeReviewService.ts,534,annotations,.delete(,ORG_IN_FUNC_NOT_IN_WRITE,NOT_PRISMA_FALSE_POSITIVE,server/src/services/advanced/vrCollaborativeReviewService.ts:527-547,"this.annotations.delete(sessionId); // in-memory Map",2026-05-25T16:30:00Z,L7_chunk_06
262,./server/src/services/advanced/vrCollaborativeReviewService.ts,537,vRCollaborativeSession,.updateMany(,ORG_IN_FUNC_NOT_IN_WRITE,SYSTEM_LEVEL_NO_ORG_REQUIRED,server/src/services/advanced/vrCollaborativeReviewService.ts:524-547,"private async markSessionExpired(sessionId: string): system expiration cleanup; updateMany where: { sessionId } targets unique session id",2026-05-25T16:30:00Z,L7_chunk_06
263,./server/src/services/advanced/vrCollaborativeReviewService.ts,742,vRCollaborativeSession,.create(,ORG_SCOPED,ORG_IN_WHERE_OR_DATA,server/src/services/advanced/vrCollaborativeReviewService.ts:651-760,"data: { sessionId; organizationId; sessionName: config.sessionName; ... }",2026-05-25T16:30:00Z,L7_chunk_06
264,./server/src/services/advanced/vrCollaborativeReviewService.ts,763,auditLog,.create(,ORG_IN_FUNC_NOT_IN_WRITE,ORG_IN_WHERE_OR_DATA,server/src/services/advanced/vrCollaborativeReviewService.ts:651-780,"userId: hostUserId; organizationId; hash: crypto.randomBytes(16).toString('hex')",2026-05-25T16:30:00Z,L7_chunk_06
265,./server/src/services/advanced/vrCollaborativeReviewService.ts,866,vRCollaborativeSession,.update(,ORG_SCOPED,ORG_IN_WHERE_OR_DATA,server/src/services/advanced/vrCollaborativeReviewService.ts:795-900,"where: { sessionId; organizationId };",2026-05-25T16:30:00Z,L7_chunk_06
266,./server/src/services/advanced/vrCollaborativeReviewService.ts,875,auditLog,.create(,ORG_IN_FUNC_NOT_IN_WRITE,ORG_IN_WHERE_OR_DATA,server/src/services/advanced/vrCollaborativeReviewService.ts:795-900,"userId; organizationId: session.organizationId; hash: crypto.randomBytes(16).toString('hex')",2026-05-25T16:30:00Z,L7_chunk_06
267,./server/src/services/advanced/vrCollaborativeReviewService.ts,924,sessionParticipants,.delete(,ORG_IN_FUNC_NOT_IN_WRITE,NOT_PRISMA_FALSE_POSITIVE,server/src/services/advanced/vrCollaborativeReviewService.ts:905-973,"this.sessionParticipants.get(sessionId)?.delete(userId); // nested Map",2026-05-25T16:30:00Z,L7_chunk_06
268,./server/src/services/advanced/vrCollaborativeReviewService.ts,944,vRCollaborativeSession,.updateMany(,ORG_SCOPED,ORG_IN_WHERE_OR_DATA,server/src/services/advanced/vrCollaborativeReviewService.ts:905-973,"where: organizationId ? { sessionId; organizationId } : { sessionId };",2026-05-25T16:30:00Z,L7_chunk_06
269,./server/src/services/advanced/vrCollaborativeReviewService.ts,955,auditLog,.create(,ORG_IN_FUNC_NOT_IN_WRITE,ORG_IN_WHERE_OR_DATA,server/src/services/advanced/vrCollaborativeReviewService.ts:905-973,"userId; organizationId: session.organizationId; hash: crypto.randomBytes(16).toString('hex')",2026-05-25T16:30:00Z,L7_chunk_06
270,./server/src/services/advanced/vrCollaborativeReviewService.ts,1003,vRCollaborativeSession,.updateMany(,ORG_SCOPED,ORG_IN_WHERE_OR_DATA,server/src/services/advanced/vrCollaborativeReviewService.ts:978-1035,"where: organizationId ? { sessionId; organizationId } : { sessionId };",2026-05-25T16:30:00Z,L7_chunk_06
271,./server/src/services/advanced/vrCollaborativeReviewService.ts,1014,auditLog,.create(,ORG_IN_FUNC_NOT_IN_WRITE,ORG_IN_WHERE_OR_DATA,server/src/services/advanced/vrCollaborativeReviewService.ts:978-1035,"userId: hostUserId; organizationId: session.organizationId; hash: crypto.randomBytes(16).toString('hex')",2026-05-25T16:30:00Z,L7_chunk_06
272,./server/src/services/advanced/vrCollaborativeReviewService.ts,1065,vRCollaborativeSession,.updateMany(,ORG_SCOPED,ORG_IN_WHERE_OR_DATA,server/src/services/advanced/vrCollaborativeReviewService.ts:1039-1109,"where: organizationId ? { sessionId; organizationId } : { sessionId };",2026-05-25T16:30:00Z,L7_chunk_06
273,./server/src/services/advanced/vrCollaborativeReviewService.ts,1081,auditLog,.create(,ORG_IN_FUNC_NOT_IN_WRITE,ORG_IN_WHERE_OR_DATA,server/src/services/advanced/vrCollaborativeReviewService.ts:1039-1109,"userId: hostUserId; organizationId: session.organizationId; hash: crypto.randomBytes(16).toString('hex')",2026-05-25T16:30:00Z,L7_chunk_06
274,./server/src/services/advanced/vrCollaborativeReviewService.ts,1096,activeSessions,.delete(,ORG_IN_FUNC_NOT_IN_WRITE,NOT_PRISMA_FALSE_POSITIVE,server/src/services/advanced/vrCollaborativeReviewService.ts:1039-1109,"this.activeSessions.delete(sessionId); // in-memory Map",2026-05-25T16:30:00Z,L7_chunk_06
275,./server/src/services/advanced/vrCollaborativeReviewService.ts,1097,sessionParticipants,.delete(,ORG_IN_FUNC_NOT_IN_WRITE,NOT_PRISMA_FALSE_POSITIVE,server/src/services/advanced/vrCollaborativeReviewService.ts:1039-1109,"this.sessionParticipants.delete(sessionId); // in-memory Map",2026-05-25T16:30:00Z,L7_chunk_06
276,./server/src/services/advanced/vrCollaborativeReviewService.ts,1098,sessionChats,.delete(,ORG_IN_FUNC_NOT_IN_WRITE,NOT_PRISMA_FALSE_POSITIVE,server/src/services/advanced/vrCollaborativeReviewService.ts:1039-1109,"this.sessionChats.delete(sessionId); // in-memory Map",2026-05-25T16:30:00Z,L7_chunk_06
277,./server/src/services/advanced/vrCollaborativeReviewService.ts,1099,voiceChatStates,.delete(,ORG_IN_FUNC_NOT_IN_WRITE,NOT_PRISMA_FALSE_POSITIVE,server/src/services/advanced/vrCollaborativeReviewService.ts:1039-1109,"this.voiceChatStates.delete(sessionId); // in-memory Map",2026-05-25T16:30:00Z,L7_chunk_06
278,./server/src/services/advanced/vrCollaborativeReviewService.ts,1100,annotations,.delete(,ORG_IN_FUNC_NOT_IN_WRITE,NOT_PRISMA_FALSE_POSITIVE,server/src/services/advanced/vrCollaborativeReviewService.ts:1039-1109,"this.annotations.delete(sessionId); // in-memory Map",2026-05-25T16:30:00Z,L7_chunk_06
279,./server/src/services/advanced/vrCollaborativeReviewService.ts,1162,auditLog,.create(,ORG_SCOPED,ORG_IN_WHERE_OR_DATA,server/src/services/advanced/vrCollaborativeReviewService.ts:1114-1179,"userId; organizationId: session.organizationId; hash: crypto.randomBytes(16).toString('hex')",2026-05-25T16:30:00Z,L7_chunk_06
280,./server/src/services/advanced/vrCollaborativeReviewService.ts,1256,vRTrainingScenario,.create(,ORG_SCOPED,ORG_IN_WHERE_OR_DATA,server/src/services/advanced/vrCollaborativeReviewService.ts:1222-1285,"data: { id: scenarioId; organizationId; name: config.name; ... }",2026-05-25T16:30:00Z,L7_chunk_06
281,./server/src/services/advanced/vrCollaborativeReviewService.ts,1310,vRTrainingSession,.create(,ORG_SCOPED,ORG_IN_WHERE_OR_DATA,server/src/services/advanced/vrCollaborativeReviewService.ts:1283-1363,"data: { scenarioId; organizationId; userId; sessionId; status: 'active'; ... }",2026-05-25T16:30:00Z,L7_chunk_06
282,./server/src/services/advanced/vrCollaborativeReviewService.ts,1501,auditLog,.create(,ORG_SCOPED,ORG_IN_WHERE_OR_DATA,server/src/services/advanced/vrCollaborativeReviewService.ts:1463-1536,"userId; organizationId: progress.sessionId.split('_')[0]; hash: crypto.randomBytes(16).toString('hex')",2026-05-25T16:30:00Z,L7_chunk_06
283,./server/src/services/advanced/vrCollaborativeReviewService.ts,1512,auditLog,.create(,ORG_IN_FUNC_NOT_IN_WRITE,ORG_IN_WHERE_OR_DATA,server/src/services/advanced/vrCollaborativeReviewService.ts:1463-1536,"userId; organizationId: progress.sessionId.split('_')[0]; hash: crypto.randomBytes(16).toString('hex')",2026-05-25T16:30:00Z,L7_chunk_06
284,./server/src/services/advanced/vrCollaborativeReviewService.ts,1604,auditLog,.create(,ORG_IN_FUNC_NOT_IN_WRITE,ORG_IN_WHERE_OR_DATA,server/src/services/advanced/vrCollaborativeReviewService.ts:1583-1625,"userId; organizationId: session.organizationId; hash: crypto.randomBytes(16).toString('hex')",2026-05-25T16:30:00Z,L7_chunk_06
285,./server/src/services/advanced/vrCollaborativeReviewService.ts,1675,activeSessions,.delete(,ORG_IN_FUNC_NOT_IN_WRITE,NOT_PRISMA_FALSE_POSITIVE,server/src/services/advanced/vrCollaborativeReviewService.ts:1630-1700,"this.activeSessions.delete(dbSession.sessionId); // in-memory Map",2026-05-25T16:30:00Z,L7_chunk_06
286,./server/src/services/advanced/vrCollaborativeReviewService.ts,1724,vRSessionPerformance,.create(,ORG_IN_FUNC_NOT_IN_WRITE,ORG_IN_PRIOR_findFirst,server/src/services/advanced/vrCollaborativeReviewService.ts:1704-1746,"const dbSession = await prisma.vRTrainingSession.findFirst({ where: organizationId ? { sessionId; organizationId } : { sessionId } });",2026-05-25T16:30:00Z,L7_chunk_06
287,./server/src/services/advanced/vrCollaborativeReviewService.ts,1842,auditLog,.create(,ORG_SCOPED,ORG_IN_WHERE_OR_DATA,server/src/services/advanced/vrCollaborativeReviewService.ts:1800-1857,"userId; organizationId: session.organizationId; hash: crypto.randomBytes(16).toString('hex')",2026-05-25T16:30:00Z,L7_chunk_06
288,./server/src/services/advanced/vrCollaborativeReviewService.ts,1888,auditLog,.create(,ORG_SCOPED,ORG_IN_WHERE_OR_DATA,server/src/services/advanced/vrCollaborativeReviewService.ts:1862-1900,"userId; organizationId: session.organizationId; hash: crypto.randomBytes(16).toString('hex')",2026-05-25T16:30:00Z,L7_chunk_06
289,./server/src/services/advanced/vrCollaborativeReviewService.ts,2019,auditLog,.create(,ORG_SCOPED,ORG_IN_WHERE_OR_DATA,server/src/services/advanced/vrCollaborativeReviewService.ts:1972-2030,"userId; organizationId: session.organizationId; hash: crypto.randomBytes(16).toString('hex')",2026-05-25T16:30:00Z,L7_chunk_06
290,./server/src/services/advanced/vrCollaborativeReviewService.ts,2265,auditLog,.create(,ORG_IN_FUNC_NOT_IN_WRITE,ORG_IN_WHERE_OR_DATA,server/src/services/advanced/vrCollaborativeReviewService.ts:2227-2286,"userId: participant.userId; organizationId: session.organizationId; hash: crypto.randomBytes(16).toString('hex')",2026-05-25T16:30:00Z,L7_chunk_06
291,./server/src/services/advanced/vrCollaborativeReviewService.ts,2421,auditLog,.create(,NO_ORG_CHECK,ORG_IN_WHERE_OR_DATA,server/src/services/advanced/vrCollaborativeReviewService.ts:2335-2434,"userId; organizationId: session.organizationId; hash: crypto.randomBytes(16).toString('hex')",2026-05-25T16:30:00Z,L7_chunk_06
292,./server/src/services/advanced/vrCollaborativeReviewService.ts,2577,auditLog,.create(,ORG_IN_FUNC_NOT_IN_WRITE,ORG_IN_WHERE_OR_DATA,server/src/services/advanced/vrCollaborativeReviewService.ts:2534-2604,"userId; organizationId: session.organizationId; hash: crypto.randomBytes(16).toString('hex')",2026-05-25T16:30:00Z,L7_chunk_06
293,./server/src/services/advanced/vrCollaborativeReviewService.ts,3840,auditLog,.create(,ORG_SCOPED,ORG_IN_WHERE_OR_DATA,server/src/services/advanced/vrCollaborativeReviewService.ts:3554-3856,"data: { action: 'vr.scenario_loaded'; organizationId; hash: scenarioId; details: ... }",2026-05-25T16:30:00Z,L7_chunk_06
294,./server/src/services/advanced/webrtcSignalingService.ts,284,sessions,.delete(,ORG_IN_FUNC_NOT_IN_WRITE,NOT_PRISMA_FALSE_POSITIVE,server/src/services/advanced/webrtcSignalingService.ts:160-290,"this.sessions.delete(sessionId); // private sessions: Map<string; SessionRoom> field",2026-05-25T16:30:00Z,L7_chunk_06
295,./server/src/services/advanced/webrtcSignalingService.ts,625,peersBySocket,.delete(,ORG_IN_FUNC_NOT_IN_WRITE,NOT_PRISMA_FALSE_POSITIVE,server/src/services/advanced/webrtcSignalingService.ts:554-640,"this.peersBySocket.delete(oldPeer.socketId); // private Map field",2026-05-25T16:30:00Z,L7_chunk_06
296,./server/src/services/advanced/webrtcSignalingService.ts,626,reconnectStates,.delete(,ORG_IN_FUNC_NOT_IN_WRITE,NOT_PRISMA_FALSE_POSITIVE,server/src/services/advanced/webrtcSignalingService.ts:554-640,"this.reconnectStates.delete(existingPeerId); // private Map field",2026-05-25T16:30:00Z,L7_chunk_06
297,./server/src/services/advanced/webrtcSignalingService.ts,1266,reconnectStates,.delete(,NO_ORG_CHECK,NOT_PRISMA_FALSE_POSITIVE,server/src/services/advanced/webrtcSignalingService.ts:1216-1296,"this.reconnectStates.delete(peerId); // private Map field",2026-05-25T16:30:00Z,L7_chunk_06
298,./server/src/services/advanced/webrtcSignalingService.ts,1271,peersBySocket,.delete(,NO_ORG_CHECK,NOT_PRISMA_FALSE_POSITIVE,server/src/services/advanced/webrtcSignalingService.ts:1216-1296,"this.peersBySocket.delete(socket.id); // private Map field",2026-05-25T16:30:00Z,L7_chunk_06
299,./server/src/services/advanced/webrtcSignalingService.ts,1292,peersBySocket,.delete(,NO_ORG_CHECK,NOT_PRISMA_FALSE_POSITIVE,server/src/services/advanced/webrtcSignalingService.ts:1284-1364,"this.peersBySocket.delete(peer.socketId); // private Map field",2026-05-25T16:30:00Z,L7_chunk_06
300,./server/src/services/advanced/webrtcSignalingService.ts,1295,dtlsFingerprints,.delete(,NO_ORG_CHECK,NOT_PRISMA_FALSE_POSITIVE,server/src/services/advanced/webrtcSignalingService.ts:1284-1364,"this.dtlsFingerprints.delete(key); // private Map field",2026-05-25T16:30:00Z,L7_chunk_06
301,./server/src/services/advanced/webrtcSignalingService.ts,1298,qualityHistory,.delete(,NO_ORG_CHECK,NOT_PRISMA_FALSE_POSITIVE,server/src/services/advanced/webrtcSignalingService.ts:1284-1364,"this.qualityHistory.delete(peerId);",2026-05-25T16:30:00Z,L7_chunk_07
302,./server/src/services/advanced/webrtcSignalingService.ts,1299,reconnectStates,.delete(,NO_ORG_CHECK,NOT_PRISMA_FALSE_POSITIVE,server/src/services/advanced/webrtcSignalingService.ts:1284-1364,"this.reconnectStates.delete(peerId);",2026-05-25T16:30:00Z,L7_chunk_07
303,./server/src/services/advanced/webrtcSignalingService.ts,1301,room.peers,.delete(,NO_ORG_CHECK,NOT_PRISMA_FALSE_POSITIVE,server/src/services/advanced/webrtcSignalingService.ts:1284-1364,"room.peers.delete(peerId);",2026-05-25T16:30:00Z,L7_chunk_07
304,./server/src/services/advanced/webrtcSignalingService.ts,1460,hmac,.update(,NO_ORG_CHECK,NOT_PRISMA_FALSE_POSITIVE,server/src/services/advanced/webrtcSignalingService.ts:1451-1531,"hmac.update(username);",2026-05-25T16:30:00Z,L7_chunk_07
305,./server/src/services/advanced/webrtcSignalingService.ts,1613,eventRateLimits,.delete(,NO_ORG_CHECK,NOT_PRISMA_FALSE_POSITIVE,server/src/services/advanced/webrtcSignalingService.ts:1585-1665,"this.eventRateLimits.delete(key);",2026-05-25T16:30:00Z,L7_chunk_07
306,./server/src/services/advanced/webrtcSignalingService.ts,1620,ipConnectionCounts,.delete(,NO_ORG_CHECK,NOT_PRISMA_FALSE_POSITIVE,server/src/services/advanced/webrtcSignalingService.ts:1585-1665,"this.ipConnectionCounts.delete(ip);",2026-05-25T16:30:00Z,L7_chunk_07
307,./server/src/services/advanced/webrtcSignalingService.ts,1669,sessions,.delete(,ORG_IN_FUNC_NOT_IN_WRITE,NOT_PRISMA_FALSE_POSITIVE,server/src/services/advanced/webrtcSignalingService.ts:1661-1741,"this.sessions.delete(sessionId);",2026-05-25T16:30:00Z,L7_chunk_07
308,./server/src/services/advanced/whisperService.ts,122,openai.audio.transcriptions,.create(,ORG_IN_FUNC_NOT_IN_WRITE,NOT_PRISMA_FALSE_POSITIVE,server/src/services/advanced/whisperService.ts:88-195,"const transcription = await this.openai.audio.transcriptions.create({",2026-05-25T16:30:00Z,L7_chunk_07
309,./server/src/services/advanced/whisperService.ts,163,transcriptionResult,.create(,ORG_SCOPED,ORG_IN_WHERE_OR_DATA,server/src/services/advanced/whisperService.ts:88-195,"await prisma.transcriptionResult.create({ data: { organizationId; evidenceId; ...",2026-05-25T16:30:00Z,L7_chunk_07
310,./server/src/services/advanced/whisperService.ts,267,openai.audio.transcriptions,.create(,ORG_IN_FUNC_NOT_IN_WRITE,NOT_PRISMA_FALSE_POSITIVE,server/src/services/advanced/whisperService.ts:235-315,"const transcription = await this.openai.audio.transcriptions.create({",2026-05-25T16:30:00Z,L7_chunk_07
311,./server/src/services/advanced/whisperService.ts,304,transcriptionResult,.create(,ORG_SCOPED,ORG_IN_WHERE_OR_DATA,server/src/services/advanced/whisperService.ts:235-315,"await prisma.transcriptionResult.create({ data: { organizationId; evidenceId; ...",2026-05-25T16:30:00Z,L7_chunk_07
312,./server/src/services/advanced/whisperService.ts,454,openai.audio.transcriptions,.create(,ORG_IN_FUNC_NOT_IN_WRITE,NOT_PRISMA_FALSE_POSITIVE,server/src/services/advanced/whisperService.ts:426-506,"const transcription = await this.openai.audio.transcriptions.create({",2026-05-25T16:30:00Z,L7_chunk_07
313,./server/src/services/advanced/whisperService.ts,641,transcriptionResult,.updateMany(,ORG_SCOPED,ORG_IN_WHERE_OR_DATA,server/src/services/advanced/whisperService.ts:484-660,"await prisma.transcriptionResult.updateMany({ where: { organizationId; evidenceId };",2026-05-25T16:30:00Z,L7_chunk_07
314,./server/src/services/advanced/whisperService.ts,750,transcriptionResult,.deleteMany(,ORG_SCOPED,ORG_IN_WHERE_OR_DATA,server/src/services/advanced/whisperService.ts:745-825,"where: { id: transcriptionId; organizationId; };",2026-05-25T16:30:00Z,L7_chunk_07
315,./server/src/services/advanced/zeroKnowledgeService.ts,430,hmac,.update(,NO_ORG_CHECK,NOT_PRISMA_FALSE_POSITIVE,server/src/services/advanced/zeroKnowledgeService.ts:410-490,"hmac.update(inputSeed);",2026-05-25T16:30:00Z,L7_chunk_07
316,./server/src/services/advanced/zeroKnowledgeService.ts,536,crypto.createHash,.update(,ORG_IN_FUNC_NOT_IN_WRITE,NOT_PRISMA_FALSE_POSITIVE,server/src/services/advanced/zeroKnowledgeService.ts:535-615,"const hash = crypto.createHash('sha256').update(data).digest();",2026-05-25T16:30:00Z,L7_chunk_07
317,./server/src/services/advanced/zeroKnowledgeService.ts,561,crypto.createHash,.update(,ORG_IN_FUNC_NOT_IN_WRITE,NOT_PRISMA_FALSE_POSITIVE,server/src/services/advanced/zeroKnowledgeService.ts:559-639,"return crypto.createHash('sha256').update(proofString).digest('hex');",2026-05-25T16:30:00Z,L7_chunk_07
318,./server/src/services/advanced/zeroKnowledgeService.ts,574,auditLog,.create(,ORG_SCOPED,ORG_IN_WHERE_OR_DATA,server/src/services/advanced/zeroKnowledgeService.ts:567-639,"organizationId: metadata.organizationId;",2026-05-25T16:30:00Z,L7_chunk_07
319,./server/src/services/advanced/zeroTrustService.ts,301,crypto.createHash,.update(,ORG_IN_FUNC_NOT_IN_WRITE,NOT_PRISMA_FALSE_POSITIVE,server/src/services/advanced/zeroTrustService.ts:294-302,"return crypto.createHash('sha256').update(data).digest('hex');",2026-05-25T16:30:00Z,L7_chunk_07
320,./server/src/services/advanced/zeroTrustService.ts,672,crypto.createHash,.update(,ORG_SCOPED,NOT_PRISMA_FALSE_POSITIVE,server/src/services/advanced/zeroTrustService.ts:664-744,"crypto.createHash('sha256').update(request.deviceId).digest('hex');",2026-05-25T16:30:00Z,L7_chunk_07
321,./server/src/services/advanced/zeroTrustService.ts,940,zeroTrustPolicy,.create(,ORG_SCOPED,ORG_IN_WHERE_OR_DATA,server/src/services/advanced/zeroTrustService.ts:928-1008,"data: { id: policyId; organizationId; name: policy.name;",2026-05-25T16:30:00Z,L7_chunk_07
322,./server/src/services/advanced/zeroTrustService.ts,1146,deviceTrust,.upsert(,ORG_SCOPED,ORG_IN_WHERE_OR_DATA,server/src/services/advanced/zeroTrustService.ts:1132-1212,"where: { deviceId_organizationId: { deviceId; organizationId; }; };",2026-05-25T16:30:00Z,L7_chunk_07
323,./server/src/services/aiRmfService.ts,32,aISystem,.create(,ORG_SCOPED,ORG_IN_WHERE_OR_DATA,server/src/services/aiRmfService.ts:20-100,"data: { organizationId; name: data.name;",2026-05-25T16:30:00Z,L7_chunk_07
324,./server/src/services/aiRmfService.ts,225,aISystem,.update(,ORG_IN_FUNC_NOT_IN_WRITE,ORG_IN_PRIOR_findFirst,server/src/services/aiRmfService.ts:204-264,"const aiSystem = await prisma.aISystem.findFirst({ where: { id: aiSystemId; organizationId }; });",2026-05-25T16:30:00Z,L7_chunk_07
325,./server/src/services/aiRmfService.ts,298,aISystem,.delete(,ORG_IN_FUNC_NOT_IN_WRITE,ORG_IN_PRIOR_findFirst,server/src/services/aiRmfService.ts:269-308,"const aiSystem = await prisma.aISystem.findFirst({ where: { id: aiSystemId; organizationId }; });",2026-05-25T16:30:00Z,L7_chunk_07
326,./server/src/services/aiRmfService.ts,321,aIRMFCoreFunction,.create(,CHILD_ENTITY_NO_ORG,PARENT_ORG_VERIFIED,server/src/services/aiRmfService.ts:317-332,"private async initializeCoreFunctions(aiSystemId: string; tx ... = prisma) {",2026-05-25T16:30:00Z,L7_chunk_07
327,./server/src/services/aiRmfService.ts,354,aIRMFCategory,.create(,ORG_IN_FUNC_NOT_IN_WRITE,PARENT_ORG_VERIFIED,server/src/services/aiRmfService.ts:345-383,"private async initializeCategories(aiSystemId: string; functionName: string;",2026-05-25T16:30:00Z,L7_chunk_07
328,./server/src/services/aiRmfService.ts,371,aIRMFSubcategory,.create(,ORG_IN_FUNC_NOT_IN_WRITE,PARENT_ORG_VERIFIED,server/src/services/aiRmfService.ts:345-383,"private async initializeCategories(aiSystemId: string; functionName: string;",2026-05-25T16:30:00Z,L7_chunk_07
329,./server/src/services/aiRmfService.ts,431,aIRMFCoreFunction,.update(,ORG_IN_FUNC_NOT_IN_WRITE,PARENT_ORG_VERIFIED,server/src/services/aiRmfService.ts:407-487,"const aiSystem = await prisma.aISystem.findFirst({ where: { id: aiSystemId; organizationId }; });",2026-05-25T16:30:00Z,L7_chunk_07
330,./server/src/services/aiRmfService.ts,503,aIRMFCategory,.update(,ORG_IN_FUNC_NOT_IN_WRITE,PARENT_ORG_VERIFIED,server/src/services/aiRmfService.ts:481-546,"if (!category || category.coreFunction.aiSystem.organizationId !== organizationId) {",2026-05-25T16:30:00Z,L7_chunk_07
331,./server/src/services/aiRmfService.ts,581,aIRMFSubcategory,.update(,ORG_IN_FUNC_NOT_IN_WRITE,PARENT_ORG_VERIFIED,server/src/services/aiRmfService.ts:551-629,"if (!subcategory || subcategory.category.coreFunction.aiSystem.organizationId !== organizationId) {",2026-05-25T16:30:00Z,L7_chunk_07
332,./server/src/services/aiRmfService.ts,664,aIRMFCategory,.update(,NO_ORG_CHECK,PARENT_ORG_VERIFIED,server/src/services/aiRmfService.ts:634-674,"private async recalculateCategoryCompletion(categoryId: string) { -- called only from org-verified updateSubcategory",2026-05-25T16:30:00Z,L7_chunk_07
333,./server/src/services/aiRmfService.ts,713,aIRMFCoreFunction,.update(,NO_ORG_CHECK,PARENT_ORG_VERIFIED,server/src/services/aiRmfService.ts:679-720,"private async recalculateCoreFunctionCompletion -- called only from recalculateCategoryCompletion (org-verified chain)",2026-05-25T16:30:00Z,L7_chunk_07
334,./server/src/services/aiRmfService.ts,741,aIRMFTrustworthinessCharacteristic,.create(,ORG_IN_FUNC_NOT_IN_WRITE,PARENT_ORG_VERIFIED,server/src/services/aiRmfService.ts:729-749,"private async initializeTrustworthinessCharacteristics(aiSystemId: string; tx ... ) -- called from createAISystem after org-verified",2026-05-25T16:30:00Z,L7_chunk_07
335,./server/src/services/aiRmfService.ts,795,aIRMFTrustworthinessCharacteristic,.update(,ORG_IN_FUNC_NOT_IN_WRITE,PARENT_ORG_VERIFIED,server/src/services/aiRmfService.ts:770-841,"const aiSystem = await prisma.aISystem.findFirst({ where: { id: aiSystemId; organizationId }; });",2026-05-25T16:30:00Z,L7_chunk_07
336,./server/src/services/aiRmfService.ts,860,aIRMFLifecycleStage,.create(,ORG_IN_FUNC_NOT_IN_WRITE,PARENT_ORG_VERIFIED,server/src/services/aiRmfService.ts:850-867,"private async initializeLifecycleStages(aiSystemId: string; tx ... ) -- called from createAISystem after org-verified",2026-05-25T16:30:00Z,L7_chunk_07
337,./server/src/services/aiRmfService.ts,911,aIRMFLifecycleStage,.update(,ORG_IN_FUNC_NOT_IN_WRITE,PARENT_ORG_VERIFIED,server/src/services/aiRmfService.ts:886-952,"const aiSystem = await prisma.aISystem.findFirst({ where: { id: aiSystemId; organizationId }; });",2026-05-25T16:30:00Z,L7_chunk_07
338,./server/src/services/aiRmfService.ts,993,aIRMFActor,.create(,ORG_IN_FUNC_NOT_IN_WRITE,PARENT_ORG_VERIFIED,server/src/services/aiRmfService.ts:961-1009,"const aiSystem = await prisma.aISystem.findFirst({ where: { id: aiSystemId; organizationId }; });",2026-05-25T16:30:00Z,L7_chunk_07
339,./server/src/services/aiRmfService.ts,1027,aIRMFActor,.delete(,ORG_SCOPED,PARENT_ORG_VERIFIED,server/src/services/aiRmfService.ts:1014-1037,"if (!actor || actor.aiSystem.organizationId !== organizationId) { throw new AppError('Actor not found'; 404); }",2026-05-25T16:30:00Z,L7_chunk_07
340,./server/src/services/aiRmfService.ts,1085,aIRMFAssessment,.create(,ORG_IN_FUNC_NOT_IN_WRITE,PARENT_ORG_VERIFIED,server/src/services/aiRmfService.ts:1046-1126,"const aiSystem = await prisma.aISystem.findFirst({ where: { id: aiSystemId; organizationId }; ...",2026-05-25T16:30:00Z,L7_chunk_07
341,./server/src/services/aiRmfService.ts,1165,aIRMFAssessment,.delete(,ORG_IN_FUNC_NOT_IN_WRITE,PARENT_ORG_VERIFIED,server/src/services/aiRmfService.ts:1131-1175,"if (!assessment || assessment.aiSystem.organizationId !== organizationId) {",2026-05-25T16:30:00Z,L7_chunk_07
342,./server/src/services/aiRmfService.ts,1269,aIRMFProfile,.create(,ORG_IN_FUNC_NOT_IN_WRITE,PARENT_ORG_VERIFIED,server/src/services/aiRmfService.ts:1252-1332,"const aiSystem = await prisma.aISystem.findFirst({ where: { id: aiSystemId; organizationId }; });",2026-05-25T16:30:00Z,L7_chunk_07
343,./server/src/services/aiRmfService.ts,1330,aIRMFRiskActivity,.create(,ORG_IN_FUNC_NOT_IN_WRITE,PARENT_ORG_VERIFIED,server/src/services/aiRmfService.ts:1294-1376,"const aiSystem = await prisma.aISystem.findFirst({ where: { id: aiSystemId; organizationId }; });",2026-05-25T16:30:00Z,L7_chunk_07
344,./server/src/services/aiRmfService.ts,1404,aIRMFRiskActivity,.update(,ORG_IN_FUNC_NOT_IN_WRITE,PARENT_ORG_VERIFIED,server/src/services/aiRmfService.ts:1381-1448,"if (!riskActivity || riskActivity.aiSystem.organizationId !== organizationId) {",2026-05-25T16:30:00Z,L7_chunk_07
345,./server/src/services/aiRmfService.ts,1474,aISystem,.update(,ORG_IN_FUNC_NOT_IN_WRITE,GAP_HIGH,server/src/services/aiRmfService.ts:1457-1484,"await prisma.aISystem.update({ where: { id: aiSystemId }; data: { overallTrustworthinessScore: Math.round(average) }; }); -- organizationId param never used to gate",2026-05-25T16:30:00Z,L7_chunk_07
346,./server/src/services/auditorService.ts,377,auditorProfile,.create(,ORG_SCOPED,ORG_IN_WHERE_OR_DATA,server/src/services/auditorService.ts:359-439,"data: { id; organizationId; name: data.name;",2026-05-25T16:30:00Z,L7_chunk_07
347,./server/src/services/auditorService.ts,464,auditorProfile,.update(,ORG_IN_FUNC_NOT_IN_WRITE,ORG_IN_PRIOR_findFirst,server/src/services/auditorService.ts:434-514,"const existing = await prisma.auditorProfile.findFirst({ where: { id: profileId; organizationId }; });",2026-05-25T16:30:00Z,L7_chunk_07
348,./server/src/services/auditorService.ts,491,auditorProfile,.delete(,ORG_IN_FUNC_NOT_IN_WRITE,ORG_IN_PRIOR_findFirst,server/src/services/auditorService.ts:483-563,"const existing = await prisma.auditorProfile.findFirst({ where: { id: profileId; organizationId }; });",2026-05-25T16:30:00Z,L7_chunk_07
349,./server/src/services/auditorService.ts,580,auditEngagement,.create(,ORG_SCOPED,ORG_IN_WHERE_OR_DATA,server/src/services/auditorService.ts:554-634,"data: { id; organizationId; auditorId: data.auditorId;",2026-05-25T16:30:00Z,L7_chunk_07
350,./server/src/services/auditorService.ts,666,auditEngagement,.update(,ORG_IN_FUNC_NOT_IN_WRITE,ORG_IN_PRIOR_findFirst,server/src/services/auditorService.ts:636-716,"const existing = await prisma.auditEngagement.findFirst({ where: { id: engagementId; organizationId }; });",2026-05-25T16:30:00Z,L7_chunk_07
351,./server/src/services/auditorService.ts,676,auditorProfile,.update(,ORG_IN_FUNC_NOT_IN_WRITE,PARENT_ORG_VERIFIED,server/src/services/auditorService.ts:636-700,"const existing = await prisma.auditEngagement.findFirst({ where: { id: engagementId; organizationId } });",2026-05-25T16:30:00Z,L7_chunk_08
352,./server/src/services/auditorService.ts,710,auditEngagement,.delete(,ORG_IN_FUNC_NOT_IN_WRITE,ORG_IN_PRIOR_findFirst,server/src/services/auditorService.ts:702-712,"const existing = await prisma.auditEngagement.findFirst({ where: { id: engagementId; organizationId } });",2026-05-25T16:30:00Z,L7_chunk_08
353,./server/src/services/auditorService.ts,796,auditFinding,.create(,ORG_SCOPED,ORG_IN_WHERE_OR_DATA,server/src/services/auditorService.ts:786-806,"data: { id; organizationId; engagementId: data.engagementId; auditorId: data.auditorId; ... }",2026-05-25T16:30:00Z,L7_chunk_08
354,./server/src/services/auditorService.ts,879,auditFinding,.update(,ORG_IN_FUNC_NOT_IN_WRITE,ORG_IN_PRIOR_findFirst,server/src/services/auditorService.ts:852-900,"const existing = await prisma.auditFinding.findFirst({ where: { id: findingId; organizationId } });",2026-05-25T16:30:00Z,L7_chunk_08
355,./server/src/services/auditorService.ts,910,auditFinding,.delete(,ORG_IN_FUNC_NOT_IN_WRITE,ORG_IN_PRIOR_findFirst,server/src/services/auditorService.ts:902-924,"const existing = await prisma.auditFinding.findFirst({ where: { id: findingId; organizationId } });",2026-05-25T16:30:00Z,L7_chunk_08
356,./server/src/services/auditorService.ts,998,auditWorkpaper,.create(,ORG_IN_FUNC_NOT_IN_WRITE,PARENT_ORG_VERIFIED,server/src/services/auditorService.ts:975-1055,"const engagement = await prisma.auditEngagement.findFirst({ where: { id: data.engagementId; organizationId } });",2026-05-25T16:30:00Z,L7_chunk_08
357,./server/src/services/auditorService.ts,1081,auditWorkpaper,.update(,ORG_SCOPED,ORG_IN_PRIOR_findFirst,server/src/services/auditorService.ts:1054-1095,"const existing = await prisma.auditWorkpaper.findFirst({ where: { id: workpaperId; engagement: { organizationId } } });",2026-05-25T16:30:00Z,L7_chunk_08
358,./server/src/services/auditorService.ts,1116,auditWorkpaper,.delete(,ORG_IN_FUNC_NOT_IN_WRITE,ORG_IN_PRIOR_findFirst,server/src/services/auditorService.ts:1105-1130,"const existing = await prisma.auditWorkpaper.findFirst({ where: { id: workpaperId; engagement: { organizationId } } });",2026-05-25T16:30:00Z,L7_chunk_08
359,./server/src/services/auditorService.ts,1206,auditRequest,.create(,ORG_IN_FUNC_NOT_IN_WRITE,PARENT_ORG_VERIFIED,server/src/services/auditorService.ts:1184-1264,"const engagement = await prisma.auditEngagement.findFirst({ where: { id: data.engagementId; organizationId } });",2026-05-25T16:30:00Z,L7_chunk_08
360,./server/src/services/auditorService.ts,1286,auditRequest,.update(,ORG_SCOPED,ORG_IN_PRIOR_findFirst,server/src/services/auditorService.ts:1261-1300,"const existing = await prisma.auditRequest.findFirst({ where: { id: requestId; engagement: { organizationId } } });",2026-05-25T16:30:00Z,L7_chunk_08
361,./server/src/services/auditorService.ts,1321,auditRequest,.delete(,ORG_IN_FUNC_NOT_IN_WRITE,ORG_IN_PRIOR_findFirst,server/src/services/auditorService.ts:1310-1338,"const existing = await prisma.auditRequest.findFirst({ where: { id: requestId; engagement: { organizationId } } });",2026-05-25T16:30:00Z,L7_chunk_08
362,./server/src/services/aws/s3ClientV3.ts,213,fileUpload,.create(,ORG_IN_FUNC_NOT_IN_WRITE,ORG_IN_WHERE_OR_DATA,server/src/services/aws/s3ClientV3.ts:173-243,"data: { filename; originalName: file.originalname; ... uploadedBy: userId; organizationId; ... }",2026-05-25T16:30:00Z,L7_chunk_08
363,./server/src/services/aws/s3ClientV3.ts,318,fileUpload,.delete(,ORG_IN_FUNC_NOT_IN_WRITE,ORG_IN_PRIOR_findFirst,server/src/services/aws/s3ClientV3.ts:307-323,"const file = await prisma.fileUpload.findFirst({ where: { id: fileId; organizationId } });",2026-05-25T16:30:00Z,L7_chunk_08
364,./server/src/services/aws/secretsManagerService.ts,464,cache,.delete(,NO_ORG_CHECK,NOT_PRISMA_FALSE_POSITIVE,server/src/services/aws/secretsManagerService.ts:454-468,"this.cache.delete(key); // in-memory Map cache invalidation; not Prisma",2026-05-25T16:30:00Z,L7_chunk_08
365,./server/src/services/cache/redisCacheService.ts,219,cache,.delete(,NO_ORG_CHECK,NOT_PRISMA_FALSE_POSITIVE,server/src/services/cache/redisCacheService.ts:209-229,"this.cache.delete(fullKey); // in-memory Map delete on expiration; not Prisma",2026-05-25T16:30:00Z,L7_chunk_08
366,./server/src/services/cache/redisCacheService.ts,319,cache,.delete(,NO_ORG_CHECK,NOT_PRISMA_FALSE_POSITIVE,server/src/services/cache/redisCacheService.ts:309-326,"this.cache.delete(fullKey); // in-memory Map cache.delete; not Prisma",2026-05-25T16:30:00Z,L7_chunk_08
367,./server/src/services/cache/redisCacheService.ts,365,cache,.delete(,NO_ORG_CHECK,NOT_PRISMA_FALSE_POSITIVE,server/src/services/cache/redisCacheService.ts:355-372,"this.cache.delete(key); // in-memory Map delPattern; not Prisma",2026-05-25T16:30:00Z,L7_chunk_08
368,./server/src/services/cache/redisCacheService.ts,408,cache,.delete(,NO_ORG_CHECK,NOT_PRISMA_FALSE_POSITIVE,server/src/services/cache/redisCacheService.ts:398-418,"this.cache.delete(key); // in-memory Map invalidateByTag; not Prisma",2026-05-25T16:30:00Z,L7_chunk_08
369,./server/src/services/cache/redisCacheService.ts,413,tagIndex,.delete(,NO_ORG_CHECK,NOT_PRISMA_FALSE_POSITIVE,server/src/services/cache/redisCacheService.ts:403-419,"this.tagIndex.delete(tag); // in-memory Map of tag index; not Prisma",2026-05-25T16:30:00Z,L7_chunk_08
370,./server/src/services/cache/redisCacheService.ts,463,cache,.delete(,NO_ORG_CHECK,NOT_PRISMA_FALSE_POSITIVE,server/src/services/cache/redisCacheService.ts:453-468,"this.cache.delete(fullKey); // in-memory exists() check; not Prisma",2026-05-25T16:30:00Z,L7_chunk_08
371,./server/src/services/cache/redisCacheService.ts,588,tagKeys,.delete(,NO_ORG_CHECK,NOT_PRISMA_FALSE_POSITIVE,server/src/services/cache/redisCacheService.ts:584-594,"tagKeys.delete(key); // Set.delete on private tagIndex; not Prisma",2026-05-25T16:30:00Z,L7_chunk_08
372,./server/src/services/cache/redisCacheService.ts,590,tagIndex,.delete(,NO_ORG_CHECK,NOT_PRISMA_FALSE_POSITIVE,server/src/services/cache/redisCacheService.ts:584-594,"this.tagIndex.delete(tag); // in-memory Map removal; not Prisma",2026-05-25T16:30:00Z,L7_chunk_08
373,./server/src/services/cache/redisCacheService.ts,622,cache,.delete(,NO_ORG_CHECK,NOT_PRISMA_FALSE_POSITIVE,server/src/services/cache/redisCacheService.ts:612-625,"this.cache.delete(oldestKey); // LRU eviction on in-memory Map; not Prisma",2026-05-25T16:30:00Z,L7_chunk_08
374,./server/src/services/cache/redisCacheService.ts,633,cache,.delete(,NO_ORG_CHECK,NOT_PRISMA_FALSE_POSITIVE,server/src/services/cache/redisCacheService.ts:623-642,"this.cache.delete(key); // cleanup of expired in-memory entries; not Prisma",2026-05-25T16:30:00Z,L7_chunk_08
375,./server/src/services/dataAnonymizationService.ts,35,hmac,.update(,NO_ORG_CHECK,NOT_PRISMA_FALSE_POSITIVE,server/src/services/dataAnonymizationService.ts:25-45,"hmac.update(context ? `${context}:${value}` : value); // crypto HMAC update; not Prisma",2026-05-25T16:30:00Z,L7_chunk_08
376,./server/src/services/doraService.ts,214,dORAICTRiskAssessment,.create(,ORG_SCOPED,ORG_IN_WHERE_OR_DATA,server/src/services/doraService.ts:200-224,"data: { organizationId: data.organizationId; name: data.name; ... }",2026-05-25T16:30:00Z,L7_chunk_08
377,./server/src/services/doraService.ts,364,dORAICTRiskAssessment,.update(,ORG_IN_FUNC_NOT_IN_WRITE,ORG_IN_PRIOR_findFirst,server/src/services/doraService.ts:310-377,"const existing = await prisma.dORAICTRiskAssessment.findFirst({ where: { id: assessmentId; organizationId } });",2026-05-25T16:30:00Z,L7_chunk_08
378,./server/src/services/doraService.ts,394,dORAICTRiskAssessment,.delete(,ORG_IN_FUNC_NOT_IN_WRITE,ORG_IN_PRIOR_findFirst,server/src/services/doraService.ts:382-404,"const existing = await prisma.dORAICTRiskAssessment.findFirst({ where: { id: assessmentId; organizationId } });",2026-05-25T16:30:00Z,L7_chunk_08
379,./server/src/services/doraService.ts,476,dORAICTRiskAssessment,.update(,ORG_IN_FUNC_NOT_IN_WRITE,ORG_IN_PRIOR_findFirst,server/src/services/doraService.ts:409-489,"const assessment = await prisma.dORAICTRiskAssessment.findFirst({ where: { id: assessmentId; organizationId } });",2026-05-25T16:30:00Z,L7_chunk_08
380,./server/src/services/doraService.ts,528,dORAICTIncident,.create(,ORG_SCOPED,ORG_IN_WHERE_OR_DATA,server/src/services/doraService.ts:512-540,"data: { organizationId: data.organizationId; incidentId: `INC-${Date.now()}`; ... }",2026-05-25T16:30:00Z,L7_chunk_08
381,./server/src/services/doraService.ts,717,dORAICTIncident,.update(,ORG_IN_FUNC_NOT_IN_WRITE,ORG_IN_PRIOR_findFirst,server/src/services/doraService.ts:634-722,"const existing = await prisma.dORAICTIncident.findFirst({ where: { id: incidentId; organizationId } });",2026-05-25T16:30:00Z,L7_chunk_08
382,./server/src/services/doraService.ts,759,dORAICTIncident,.update(,ORG_IN_FUNC_NOT_IN_WRITE,ORG_IN_PRIOR_findFirst,server/src/services/doraService.ts:736-774,"const existing = await prisma.dORAICTIncident.findFirst({ where: { id: incidentId; organizationId } });",2026-05-25T16:30:00Z,L7_chunk_08
383,./server/src/services/doraService.ts,820,dORAICTIncident,.update(,ORG_IN_FUNC_NOT_IN_WRITE,ORG_IN_PRIOR_findFirst,server/src/services/doraService.ts:784-833,"const existing = await prisma.dORAICTIncident.findFirst({ where: { id: incidentId; organizationId } });",2026-05-25T16:30:00Z,L7_chunk_08
384,./server/src/services/doraService.ts,857,dORAThirdPartyProvider,.create(,ORG_SCOPED,ORG_IN_WHERE_OR_DATA,server/src/services/doraService.ts:842-880,"data: { organizationId: data.organizationId; name: data.providerName; providerType: data.providerType; ... }",2026-05-25T16:30:00Z,L7_chunk_08
385,./server/src/services/doraService.ts,1013,dORAThirdPartyProvider,.update(,ORG_IN_FUNC_NOT_IN_WRITE,ORG_IN_PRIOR_findFirst,server/src/services/doraService.ts:962-1025,"const existing = await prisma.dORAThirdPartyProvider.findFirst({ where: { id: providerId; organizationId } });",2026-05-25T16:30:00Z,L7_chunk_08
386,./server/src/services/doraService.ts,1042,dORAThirdPartyProvider,.delete(,ORG_IN_FUNC_NOT_IN_WRITE,ORG_IN_PRIOR_findFirst,server/src/services/doraService.ts:1030-1052,"const existing = await prisma.dORAThirdPartyProvider.findFirst({ where: { id: providerId; organizationId } });",2026-05-25T16:30:00Z,L7_chunk_08
387,./server/src/services/doraService.ts,1272,dORAResilienceTest,.create(,ORG_SCOPED,ORG_IN_WHERE_OR_DATA,server/src/services/doraService.ts:1256-1290,"data: { organizationId: data.organizationId; name: data.testName; testType: data.testType; ... }",2026-05-25T16:30:00Z,L7_chunk_08
388,./server/src/services/doraService.ts,1414,dORAResilienceTest,.update(,ORG_IN_FUNC_NOT_IN_WRITE,ORG_IN_PRIOR_findFirst,server/src/services/doraService.ts:1366-1426,"const existing = await prisma.dORAResilienceTest.findFirst({ where: { id: testId; organizationId } });",2026-05-25T16:30:00Z,L7_chunk_08
389,./server/src/services/doraService.ts,1443,dORAResilienceTest,.delete(,ORG_IN_FUNC_NOT_IN_WRITE,ORG_IN_PRIOR_findFirst,server/src/services/doraService.ts:1431-1453,"const existing = await prisma.dORAResilienceTest.findFirst({ where: { id: testId; organizationId } });",2026-05-25T16:30:00Z,L7_chunk_08
390,./server/src/services/doraService.ts,1506,dORAResilienceTest,.update(,ORG_IN_FUNC_NOT_IN_WRITE,ORG_IN_PRIOR_findFirst,server/src/services/doraService.ts:1464-1526,"const existing = await prisma.dORAResilienceTest.findFirst({ where: { id: testId; organizationId } });",2026-05-25T16:30:00Z,L7_chunk_08
391,./server/src/services/doraService.ts,1556,dORAInformationRegister,.create(,ORG_SCOPED,ORG_IN_WHERE_OR_DATA,server/src/services/doraService.ts:1535-1570,"data: { organizationId: data.organizationId; assetName: data.assetName; assetType: data.assetType; ... }",2026-05-25T16:30:00Z,L7_chunk_08
392,./server/src/services/doraService.ts,1729,dORAInformationRegister,.update(,ORG_IN_FUNC_NOT_IN_WRITE,ORG_IN_PRIOR_findFirst,server/src/services/doraService.ts:1666-1741,"const existing = await prisma.dORAInformationRegister.findFirst({ where: { id: entryId; organizationId } });",2026-05-25T16:30:00Z,L7_chunk_08
393,./server/src/services/doraService.ts,1758,dORAInformationRegister,.delete(,ORG_IN_FUNC_NOT_IN_WRITE,ORG_IN_PRIOR_findFirst,server/src/services/doraService.ts:1746-1768,"const existing = await prisma.dORAInformationRegister.findFirst({ where: { id: entryId; organizationId } });",2026-05-25T16:30:00Z,L7_chunk_08
394,./server/src/services/euRegulations/dmaService.ts,163,dMAGatekeeper,.create(,ORG_SCOPED,ORG_IN_WHERE_OR_DATA,server/src/services/euRegulations/dmaService.ts:143-200,"data: { organizationId; platformName: gatekeeperData.platformName; corePlatformServices: ... }",2026-05-25T16:30:00Z,L7_chunk_08
395,./server/src/services/euRegulations/dmaService.ts,182,dMAObligationTracking,.create(,ORG_SCOPED,ORG_IN_WHERE_OR_DATA,server/src/services/euRegulations/dmaService.ts:178-192,"data: { gatekeeperId: gatekeeper.id; organizationId; obligationType: obligation; ... }",2026-05-25T16:30:00Z,L7_chunk_08
396,./server/src/services/euRegulations/dmaService.ts,301,dMAObligationTracking,.update(,ORG_IN_FUNC_NOT_IN_WRITE,ORG_IN_PRIOR_findFirst,server/src/services/euRegulations/dmaService.ts:270-330,"const gatekeeper = await prisma.dMAGatekeeper.findFirst({ where: { id: gatekeeperId; organizationId } });",2026-05-25T16:30:00Z,L7_chunk_08
397,./server/src/services/euRegulations/dmaService.ts,312,dMAObligationTracking,.create(,ORG_SCOPED,ORG_IN_WHERE_OR_DATA,server/src/services/euRegulations/dmaService.ts:310-323,"data: { gatekeeperId; organizationId; obligationType: obligationType as string; ... }",2026-05-25T16:30:00Z,L7_chunk_08
398,./server/src/services/euRegulations/dmaService.ts,366,dMAComplianceReport,.create(,ORG_SCOPED,ORG_IN_WHERE_OR_DATA,server/src/services/euRegulations/dmaService.ts:335-379,"data: { gatekeeperId; organizationId; reportingPeriod: reportingPeriod; obligationsStatus; ... }",2026-05-25T16:30:00Z,L7_chunk_08
399,./server/src/services/euRegulations/dmaService.ts,428,dMAGatekeeper,.update(,ORG_IN_FUNC_NOT_IN_WRITE,ORG_IN_PRIOR_findFirst,server/src/services/euRegulations/dmaService.ts:411-434,"const gatekeeper = await prisma.dMAGatekeeper.findFirst({ where: { id: gatekeeperId; organizationId } });",2026-05-25T16:30:00Z,L7_chunk_08
400,./server/src/services/euRegulations/dmaService.ts,505,dMAGatekeeper,.delete(,ORG_SCOPED,ORG_IN_PRIOR_findFirst,server/src/services/euRegulations/dmaService.ts:496-510,"const gatekeeper = await prisma.dMAGatekeeper.findFirst({ where: { id: gatekeeperId; organizationId } });",2026-05-25T16:30:00Z,L7_chunk_08
401,./server/src/services/euRegulations/dsaService.ts,211,dSAPlatform,.create(,ORG_SCOPED,ORG_IN_WHERE_OR_DATA,server/src/services/euRegulations/dsaService.ts:176-233,"data: { organizationId; platformName: platformData.platformName;",2026-05-25T16:30:00Z,L7_chunk_09
402,./server/src/services/euRegulations/dsaService.ts,256,dSAContentModeration,.create(,ORG_SCOPED,ORG_IN_WHERE_OR_DATA,server/src/services/euRegulations/dsaService.ts:238-274,"data: { platformId; organizationId; actionType: moderationData.actionType;",2026-05-25T16:30:00Z,L7_chunk_09
403,./server/src/services/euRegulations/dsaService.ts,322,dSAIllegalContentReport,.create(,ORG_SCOPED,ORG_IN_WHERE_OR_DATA,server/src/services/euRegulations/dsaService.ts:303-344,"data: { platformId; organizationId; reportedBy: reportData.reportedBy;",2026-05-25T16:30:00Z,L7_chunk_09
404,./server/src/services/euRegulations/dsaService.ts,366,dSAIllegalContentReport,.update(,ORG_IN_FUNC_NOT_IN_WRITE,ORG_IN_PRIOR_findFirst,server/src/services/euRegulations/dsaService.ts:349-383,"const report = await prisma.dSAIllegalContentReport.findFirst({ where: { id: reportId; organizationId } });",2026-05-25T16:30:00Z,L7_chunk_09
405,./server/src/services/euRegulations/dsaService.ts,431,dSAAdRepository,.create(,ORG_SCOPED,ORG_IN_WHERE_OR_DATA,server/src/services/euRegulations/dsaService.ts:389-441,"data: { platformId; organizationId; adId: adData.adId;",2026-05-25T16:30:00Z,L7_chunk_09
406,./server/src/services/euRegulations/dsaService.ts,545,dSATransparencyReport,.create(,ORG_SCOPED,ORG_IN_WHERE_OR_DATA,server/src/services/euRegulations/dsaService.ts:481-561,"data: { platformId; organizationId; reportingPeriodStart: reportingPeriod.start;",2026-05-25T16:30:00Z,L7_chunk_09
407,./server/src/services/euRegulations/dsaService.ts,659,dSAPlatform,.update(,ORG_IN_FUNC_NOT_IN_WRITE,ORG_IN_PRIOR_findFirst,server/src/services/euRegulations/dsaService.ts:632-665,"const platform = await prisma.dSAPlatform.findFirst({ where: { id: platformId; organizationId } });",2026-05-25T16:30:00Z,L7_chunk_09
408,./server/src/services/euRegulations/dsaService.ts,679,dSAPlatform,.delete(,ORG_SCOPED,ORG_IN_PRIOR_findFirst,server/src/services/euRegulations/dsaService.ts:670-684,"const platform = await prisma.dSAPlatform.findFirst({ where: { id: platformId; organizationId } });",2026-05-25T16:30:00Z,L7_chunk_09
409,./server/src/services/euRegulations/dsaService.ts,828,dSARiskAssessment,.create(,ORG_SCOPED,ORG_IN_WHERE_OR_DATA,server/src/services/euRegulations/dsaService.ts:760-840,"data: { platformId; organizationId; assessedBy: userId;",2026-05-25T16:30:00Z,L7_chunk_09
410,./server/src/services/euRegulations/dsaService.ts,920,dSARiskAssessment,.update(,ORG_IN_FUNC_NOT_IN_WRITE,ORG_IN_PRIOR_findFirst,server/src/services/euRegulations/dsaService.ts:897-930,"const assessment = await prisma.dSARiskAssessment.findFirst({ where: { id: assessmentId; organizationId } });",2026-05-25T16:30:00Z,L7_chunk_09
411,./server/src/services/euRegulations/dsaService.ts,967,dSANonPersonalizedFeed,.upsert(,ORG_IN_FUNC_NOT_IN_WRITE,ORG_IN_WHERE_OR_DATA,server/src/services/euRegulations/dsaService.ts:935-1002,"create: { platformId; organizationId; isEnabled: configData.isEnabled;",2026-05-25T16:30:00Z,L7_chunk_09
412,./server/src/services/euRegulations/dsaService.ts,1042,dSANonPersonalizedFeed,.update(,ORG_SCOPED,ORG_IN_PRIOR_findFirst,server/src/services/euRegulations/dsaService.ts:1025-1052,"if (!feedConfig || feedConfig.organizationId !== organizationId) { throw new AppError('Non-personalized feed configuration not found'; 404); }",2026-05-25T16:30:00Z,L7_chunk_09
413,./server/src/services/euRegulations/euAiActService.ts,251,eUAIActSystem,.create(,ORG_SCOPED,ORG_IN_WHERE_OR_DATA,server/src/services/euRegulations/euAiActService.ts:218-298,"data: { organizationId; name: systemData.name; description: systemData.description;",2026-05-25T16:30:00Z,L7_chunk_09
414,./server/src/services/euRegulations/euAiActService.ts,274,eUAIActRiskAssessment,.create(,ORG_SCOPED,ORG_IN_WHERE_OR_DATA,server/src/services/euRegulations/euAiActService.ts:218-298,"data: { systemId: aiSystem.id; organizationId; assessedBy: userId;",2026-05-25T16:30:00Z,L7_chunk_09
415,./server/src/services/euRegulations/euAiActService.ts,322,eUAIActSystem,.update(,ORG_IN_FUNC_NOT_IN_WRITE,PARENT_ORG_VERIFIED,server/src/services/euRegulations/euAiActService.ts:218-339,"const system = await prisma.$transaction(...) // aiSystem.create with organizationId; then update where: { id: system.id }",2026-05-25T16:30:00Z,L7_chunk_09
416,./server/src/services/euRegulations/euAiActService.ts,380,eUAIActRiskAssessment,.create(,ORG_SCOPED,ORG_IN_WHERE_OR_DATA,server/src/services/euRegulations/euAiActService.ts:344-417,"data: { systemId; organizationId; assessedBy: userId;",2026-05-25T16:30:00Z,L7_chunk_09
417,./server/src/services/euRegulations/euAiActService.ts,401,eUAIActSystem,.update(,ORG_IN_FUNC_NOT_IN_WRITE,ORG_IN_PRIOR_findFirst,server/src/services/euRegulations/euAiActService.ts:344-417,"const system = await prisma.eUAIActSystem.findFirst({ where: { id: systemId; organizationId } });",2026-05-25T16:30:00Z,L7_chunk_09
418,./server/src/services/euRegulations/euAiActService.ts,465,eUAIActTransparencyReport,.create(,ORG_SCOPED,ORG_IN_WHERE_OR_DATA,server/src/services/euRegulations/euAiActService.ts:422-503,"data: { organizationId; reportingPeriodStart: reportingPeriod.start;",2026-05-25T16:30:00Z,L7_chunk_09
419,./server/src/services/euRegulations/euAiActService.ts,587,eUAIActSystem,.update(,ORG_IN_FUNC_NOT_IN_WRITE,ORG_IN_PRIOR_findFirst,server/src/services/euRegulations/euAiActService.ts:569-592,"const system = await prisma.eUAIActSystem.findFirst({ where: { id: systemId; organizationId } });",2026-05-25T16:30:00Z,L7_chunk_09
420,./server/src/services/euRegulations/euAiActService.ts,639,eUAIActSystem,.delete(,ORG_SCOPED,ORG_IN_PRIOR_findFirst,server/src/services/euRegulations/euAiActService.ts:630-644,"const system = await prisma.eUAIActSystem.findFirst({ where: { id: systemId; organizationId } });",2026-05-25T16:30:00Z,L7_chunk_09
421,./server/src/services/featureService.ts,214,stripe.products,.create(,ORG_IN_FUNC_NOT_IN_WRITE,NOT_PRISMA_FALSE_POSITIVE,server/src/services/featureService.ts:204-220,"const product = await stripe.products.create({ name: `Add-on: ${feature.name}`;",2026-05-25T16:30:00Z,L7_chunk_09
422,./server/src/services/featureService.ts,238,stripe.prices,.create(,ORG_IN_FUNC_NOT_IN_WRITE,NOT_PRISMA_FALSE_POSITIVE,server/src/services/featureService.ts:228-247,"stripePrice = await stripe.prices.create({ product: productId; currency: 'usd';",2026-05-25T16:30:00Z,L7_chunk_09
423,./server/src/services/featureService.ts,249,stripe.subscriptionItems,.create(,ORG_IN_FUNC_NOT_IN_WRITE,NOT_PRISMA_FALSE_POSITIVE,server/src/services/featureService.ts:249-252,"const subscriptionItem = await stripe.subscriptionItems.create({ subscription: org.stripeSubscriptionId;",2026-05-25T16:30:00Z,L7_chunk_09
424,./server/src/services/featureService.ts,263,featureSubscription,.create(,ORG_SCOPED,ORG_IN_WHERE_OR_DATA,server/src/services/featureService.ts:262-295,"data: { organizationId; featureId; status: 'active'; billingCycle; price;",2026-05-25T16:30:00Z,L7_chunk_09
425,./server/src/services/featureService.ts,277,subscriptionHistory,.create(,ORG_SCOPED,ORG_IN_WHERE_OR_DATA,server/src/services/featureService.ts:277-292,"data: { organizationId; newPlan: org.plan; newStatus: 'active'; changeType: 'addon_added';",2026-05-25T16:30:00Z,L7_chunk_09
426,./server/src/services/featureService.ts,337,stripe.subscriptionItems,.update(,ORG_IN_FUNC_NOT_IN_WRITE,NOT_PRISMA_FALSE_POSITIVE,server/src/services/featureService.ts:334-345,"await stripe.subscriptionItems.update(subscription.stripeSubscriptionItemId; { metadata: { cancel_at_period_end: 'true' } });",2026-05-25T16:30:00Z,L7_chunk_09
427,./server/src/services/featureService.ts,348,featureSubscription,.update(,ORG_IN_FUNC_NOT_IN_WRITE,ORG_IN_PRIOR_findFirst,server/src/services/featureService.ts:314-354,"const subscription = await prisma.featureSubscription.findFirst({ where: { organizationId; featureId; status: 'active'; ... } });",2026-05-25T16:30:00Z,L7_chunk_09
428,./server/src/services/featureService.ts,358,subscriptionHistory,.create(,ORG_SCOPED,ORG_IN_WHERE_OR_DATA,server/src/services/featureService.ts:358-371,"data: { organizationId; newPlan: ...; newStatus: 'active'; changeType: 'addon_removed';",2026-05-25T16:30:00Z,L7_chunk_09
429,./server/src/services/frameworkTemplateService.ts,1744,auditLog,.create(,ORG_SCOPED,ORG_IN_WHERE_OR_DATA,server/src/services/frameworkTemplateService.ts:1741-1755,"data: { action: `Template Applied: ...`; userId; organizationId; hash: `template-${frameworkId}-${Date.now()}` }",2026-05-25T16:30:00Z,L7_chunk_09
430,./server/src/services/frameworkTemplateService.ts,1860,controlMapping,.create(,ORG_IN_FUNC_NOT_IN_WRITE,PARENT_ORG_VERIFIED,server/src/services/frameworkTemplateService.ts:1790-1870,"const orgFrameworks = await prisma.complianceFramework.findMany({ where: { organizationId } ... include: { controls: ... } });",2026-05-25T16:30:00Z,L7_chunk_09
431,./server/src/services/frameworkTemplateService.ts,2138,controlMapping,.deleteMany(,ORG_IN_FUNC_NOT_IN_WRITE,PARENT_ORG_VERIFIED,server/src/services/frameworkTemplateService.ts:2117-2152,"const framework = await prisma.complianceFramework.findFirst({ where: { id: frameworkId; organizationId } });",2026-05-25T16:30:00Z,L7_chunk_09
432,./server/src/services/hipaaService.ts,120,pHIRecord,.create(,ORG_SCOPED,ORG_IN_WHERE_OR_DATA,server/src/services/hipaaService.ts:104-184,"data: { organizationId: data.organizationId; systemName: data.systemName;",2026-05-25T16:30:00Z,L7_chunk_09
433,./server/src/services/hipaaService.ts,204,pHIAccessGrant,.create(,ORG_SCOPED,ORG_IN_WHERE_OR_DATA,server/src/services/hipaaService.ts:179-259,"data: { organizationId: data.organizationId; phiRecordId: data.phiRecordId; grantedToUserId: data.grantedToUserId;",2026-05-25T16:30:00Z,L7_chunk_09
434,./server/src/services/hipaaService.ts,242,pHIAccessGrant,.update(,ORG_SCOPED,ORG_IN_PRIOR_findFirst,server/src/services/hipaaService.ts:235-260,"const existing = await prisma.pHIAccessGrant.findFirst({ where: { id: grantId; organizationId; revokedAt: null } });",2026-05-25T16:30:00Z,L7_chunk_09
435,./server/src/services/hipaaService.ts,298,businessAssociateAgreement,.create(,ORG_SCOPED,ORG_IN_WHERE_OR_DATA,server/src/services/hipaaService.ts:276-356,"data: { organizationId: data.organizationId; businessAssociate: data.businessAssociate;",2026-05-25T16:30:00Z,L7_chunk_09
436,./server/src/services/hipaaService.ts,348,businessAssociateAgreement,.update(,ORG_SCOPED,ORG_IN_PRIOR_findFirst,server/src/services/hipaaService.ts:341-360,"const existing = await prisma.businessAssociateAgreement.findFirst({ where: { id; organizationId } });",2026-05-25T16:30:00Z,L7_chunk_09
437,./server/src/services/hipaaService.ts,417,hIPAABreachRiskAssessment,.create(,ORG_SCOPED,ORG_IN_WHERE_OR_DATA,server/src/services/hipaaService.ts:395-475,"data: { organizationId: data.organizationId; breachIncidentId: data.breachIncidentId;",2026-05-25T16:30:00Z,L7_chunk_09
438,./server/src/services/hipaaService.ts,512,hIPAABreachRiskAssessment,.update(,ORG_IN_FUNC_NOT_IN_WRITE,ORG_IN_PRIOR_findFirst,server/src/services/hipaaService.ts:494-574,"where: { id; organizationId }; select: { id: true } }); if (!existing) throw new AppError('Breach risk assessment not found'; 404);",2026-05-25T16:30:00Z,L7_chunk_09
439,./server/src/services/integrations/awsService.ts,88,integration,.upsert(,ORG_SCOPED,ORG_IN_WHERE_OR_DATA,server/src/services/integrations/awsService.ts:81-129,"where: { organizationId_provider: { organizationId; provider: 'aws' } }; create: { organizationId; name: 'AWS'; ... }",2026-05-25T16:30:00Z,L7_chunk_09
440,./server/src/services/integrations/awsService.ts,524,integration,.update(,ORG_SCOPED,ORG_IN_WHERE_OR_DATA,server/src/services/integrations/awsService.ts:522-546,"where: { organizationId_provider: { organizationId; provider: 'aws' } }; data: { connected: false; ... }",2026-05-25T16:30:00Z,L7_chunk_09
441,./server/src/services/integrations/azureDevOpsService.ts,167,axios,.create(,ORG_IN_FUNC_NOT_IN_WRITE,NOT_PRISMA_FALSE_POSITIVE,server/src/services/integrations/azureDevOpsService.ts:138-218,"client: axios.create({ baseURL; headers; timeout: 30000 })",2026-05-25T16:30:00Z,L7_chunk_09
442,./server/src/services/integrations/azureDevOpsService.ts,240,integration,.update(,ORG_IN_FUNC_NOT_IN_WRITE,PARENT_ORG_VERIFIED,server/src/services/integrations/azureDevOpsService.ts:197-267,"const integration = await this.getIntegration(organizationId); if (integration) { await prisma.integration.update({ where: { id: integration.id } ... }) }",2026-05-25T16:30:00Z,L7_chunk_09
443,./server/src/services/integrations/azureDevOpsService.ts,334,integration,.upsert(,ORG_SCOPED,ORG_IN_WHERE_OR_DATA,server/src/services/integrations/azureDevOpsService.ts:328-408,"where: { organizationId_provider: { organizationId; provider: 'azure_devops' } }; create: { organizationId; name: 'Azure DevOps'; ... }",2026-05-25T16:30:00Z,L7_chunk_09
444,./server/src/services/integrations/azureDevOpsService.ts,367,integration,.update(,ORG_SCOPED,ORG_IN_WHERE_OR_DATA,server/src/services/integrations/azureDevOpsService.ts:366-446,"where: { organizationId_provider: { organizationId; provider: 'azure_devops' } }; data: { connected: false; ... }",2026-05-25T16:30:00Z,L7_chunk_09
445,./server/src/services/integrations/azureDevOpsService.ts,812,auditLog,.create(,ORG_SCOPED,ORG_IN_WHERE_OR_DATA,server/src/services/integrations/azureDevOpsService.ts:776-856,"data: { action: 'azuredevops_sync.pushed'; organizationId; hash: String(workItem.id);",2026-05-25T16:30:00Z,L7_chunk_09
446,./server/src/services/integrations/azureDevOpsService.ts,877,auditLog,.create(,ORG_SCOPED,ORG_IN_WHERE_OR_DATA,server/src/services/integrations/azureDevOpsService.ts:832-912,"data: { action: 'azuredevops_sync.pushed'; organizationId; hash: issue.id;",2026-05-25T16:30:00Z,L7_chunk_09
447,./server/src/services/integrations/azureDevOpsService.ts,924,issue,.update(,ORG_IN_FUNC_NOT_IN_WRITE,PARENT_ORG_VERIFIED,server/src/services/integrations/azureDevOpsService.ts:832-961,"const existingSync = await prisma.auditLog.findFirst({ where: { organizationId; action: 'azuredevops_sync.pulled'; details: { contains: wiIdStr } } }); ... localIssueId from syncDetails",2026-05-25T16:30:00Z,L7_chunk_09
448,./server/src/services/integrations/azureDevOpsService.ts,935,issue,.create(,ORG_SCOPED,ORG_IN_WHERE_OR_DATA,server/src/services/integrations/azureDevOpsService.ts:832-961,"data: { organizationId; title: wi.fields['System.Title'] || `ADO Work Item #${wi.id}`;",2026-05-25T16:30:00Z,L7_chunk_09
449,./server/src/services/integrations/azureDevOpsService.ts,951,auditLog,.create(,ORG_SCOPED,ORG_IN_WHERE_OR_DATA,server/src/services/integrations/azureDevOpsService.ts:832-961,"data: { action: 'azuredevops_sync.pulled'; organizationId; hash: wiIdStr;",2026-05-25T16:30:00Z,L7_chunk_09
450,./server/src/services/integrations/azureDevOpsService.ts,1072,issue,.update(,ORG_IN_FUNC_NOT_IN_WRITE,PARENT_ORG_VERIFIED,server/src/services/integrations/azureDevOpsService.ts:1028-1097,"const syncRecord = await prisma.auditLog.findFirst({ where: { organizationId; action: { startsWith: 'azuredevops_sync.' }; details: { contains: wiIdStr } } }); ... localIssueId from syncDetails",2026-05-25T16:30:00Z,L7_chunk_09
451,./server/src/services/integrations/azureService.ts,454,integration,.update(,ORG_SCOPED,ORG_IN_WHERE_OR_DATA,server/src/services/integrations/azureService.ts:452-464,"where: { organizationId_provider: { organizationId; provider: 'azure' } }",2026-05-25T16:30:00Z,L7_chunk_10
452,./server/src/services/integrations/azureService.ts,475,integration,.updateMany(,ORG_SCOPED,ORG_IN_WHERE_OR_DATA,server/src/services/integrations/azureService.ts:473-485,"where: { organizationId; provider: 'azure' }",2026-05-25T16:30:00Z,L7_chunk_10
453,./server/src/services/integrations/azureSyncService.ts,45,azureSyncJob,.create(,ORG_SCOPED,ORG_IN_WHERE_OR_DATA,server/src/services/integrations/azureSyncService.ts:40-54,"data: { organizationId; syncType; status: 'pending'; triggeredBy }",2026-05-25T16:30:00Z,L7_chunk_10
454,./server/src/services/integrations/azureSyncService.ts,71,azureSyncJob,.update(,ORG_IN_FUNC_NOT_IN_WRITE,PARENT_ORG_VERIFIED,server/src/services/integrations/azureSyncService.ts:59-89,"private async updateSyncJob(jobId: string; data: {...}) -- jobId comes from createSyncJob(organizationId; ...) called by runFullSync(organizationId)",2026-05-25T16:30:00Z,L7_chunk_10
455,./server/src/services/integrations/azureSyncService.ts,213,azureResource,.upsert(,ORG_SCOPED,ORG_IN_WHERE_OR_DATA,server/src/services/integrations/azureSyncService.ts:198-223,"where: { organizationId_azureResourceId: { organizationId; azureResourceId: resource.id } }",2026-05-25T16:30:00Z,L7_chunk_10
456,./server/src/services/integrations/azureSyncService.ts,279,azureSecurityFinding,.upsert(,ORG_SCOPED,ORG_IN_WHERE_OR_DATA,server/src/services/integrations/azureSyncService.ts:268-289,"where: { organizationId_azureFindingId: { organizationId; azureFindingId: rec.id } }",2026-05-25T16:30:00Z,L7_chunk_10
457,./server/src/services/integrations/azureSyncService.ts,344,azureSecurityAlert,.upsert(,ORG_SCOPED,ORG_IN_WHERE_OR_DATA,server/src/services/integrations/azureSyncService.ts:333-354,"where: { organizationId_azureAlertId: { organizationId; azureAlertId: alert.id } }",2026-05-25T16:30:00Z,L7_chunk_10
458,./server/src/services/integrations/azureSyncService.ts,417,azurePolicyCompliance,.upsert(,ORG_SCOPED,ORG_IN_WHERE_OR_DATA,server/src/services/integrations/azureSyncService.ts:404-427,"where: { organizationId_azurePolicyAssignmentId: { organizationId; azurePolicyAssignmentId: assignmentId } }",2026-05-25T16:30:00Z,L7_chunk_10
459,./server/src/services/integrations/azureSyncService.ts,477,azureUser,.upsert(,ORG_SCOPED,ORG_IN_WHERE_OR_DATA,server/src/services/integrations/azureSyncService.ts:466-487,"where: { organizationId_azureUserId: { organizationId; azureUserId: user.id } }",2026-05-25T16:30:00Z,L7_chunk_10
460,./server/src/services/integrations/azureSyncService.ts,600,azureResource,.deleteMany(,ORG_SCOPED,ORG_IN_WHERE_OR_DATA,server/src/services/integrations/azureSyncService.ts:598-610,"prisma.azureResource.deleteMany({ where: { organizationId } })",2026-05-25T16:30:00Z,L7_chunk_10
461,./server/src/services/integrations/azureSyncService.ts,601,azureSecurityFinding,.deleteMany(,ORG_SCOPED,ORG_IN_WHERE_OR_DATA,server/src/services/integrations/azureSyncService.ts:598-611,"prisma.azureSecurityFinding.deleteMany({ where: { organizationId } })",2026-05-25T16:30:00Z,L7_chunk_10
462,./server/src/services/integrations/azureSyncService.ts,602,azureSecurityAlert,.deleteMany(,ORG_SCOPED,ORG_IN_WHERE_OR_DATA,server/src/services/integrations/azureSyncService.ts:598-612,"prisma.azureSecurityAlert.deleteMany({ where: { organizationId } })",2026-05-25T16:30:00Z,L7_chunk_10
463,./server/src/services/integrations/azureSyncService.ts,603,azurePolicyCompliance,.deleteMany(,ORG_SCOPED,ORG_IN_WHERE_OR_DATA,server/src/services/integrations/azureSyncService.ts:598-612,"prisma.azurePolicyCompliance.deleteMany({ where: { organizationId } })",2026-05-25T16:30:00Z,L7_chunk_10
464,./server/src/services/integrations/azureSyncService.ts,604,azureUser,.deleteMany(,ORG_SCOPED,ORG_IN_WHERE_OR_DATA,server/src/services/integrations/azureSyncService.ts:598-612,"prisma.azureUser.deleteMany({ where: { organizationId } })",2026-05-25T16:30:00Z,L7_chunk_10
465,./server/src/services/integrations/azureSyncService.ts,605,azureSyncJob,.deleteMany(,ORG_SCOPED,ORG_IN_WHERE_OR_DATA,server/src/services/integrations/azureSyncService.ts:598-612,"prisma.azureSyncJob.deleteMany({ where: { organizationId } })",2026-05-25T16:30:00Z,L7_chunk_10
466,./server/src/services/integrations/githubService.ts,114,integration,.upsert(,ORG_SCOPED,ORG_IN_WHERE_OR_DATA,server/src/services/integrations/githubService.ts:108-158,"where: { organizationId_provider: { organizationId; provider: 'github' } }; create: { organizationId; ... }",2026-05-25T16:30:00Z,L7_chunk_10
467,./server/src/services/integrations/githubService.ts,429,integration,.update(,ORG_SCOPED,ORG_IN_WHERE_OR_DATA,server/src/services/integrations/githubService.ts:427-440,"where: { organizationId_provider: { organizationId; provider: 'github' } }",2026-05-25T16:30:00Z,L7_chunk_10
468,./server/src/services/integrations/googleService.ts,129,integration,.upsert(,ORG_SCOPED,ORG_IN_WHERE_OR_DATA,server/src/services/integrations/googleService.ts:123-140,"where: { organizationId_provider: { organizationId; provider: 'google' } }",2026-05-25T16:30:00Z,L7_chunk_10
469,./server/src/services/integrations/googleService.ts,222,integration,.update(,ORG_IN_FUNC_NOT_IN_WRITE,ORG_IN_PRIOR_findFirst,server/src/services/integrations/googleService.ts:193-232,"const integration = await this.getIntegration(organizationId); ... await prisma.integration.update({ where: { id: integration.id } ... })",2026-05-25T16:30:00Z,L7_chunk_10
470,./server/src/services/integrations/googleService.ts,473,integration,.update(,ORG_SCOPED,ORG_IN_WHERE_OR_DATA,server/src/services/integrations/googleService.ts:459-483,"where: { organizationId_provider: { organizationId; provider: 'google' } }",2026-05-25T16:30:00Z,L7_chunk_10
471,./server/src/services/integrations/jiraService.ts,150,integration,.upsert(,ORG_SCOPED,ORG_IN_WHERE_OR_DATA,server/src/services/integrations/jiraService.ts:140-160,"where: { organizationId_provider: { organizationId; provider: 'jira' } }",2026-05-25T16:30:00Z,L7_chunk_10
472,./server/src/services/integrations/jiraService.ts,243,integration,.update(,ORG_IN_FUNC_NOT_IN_WRITE,ORG_IN_PRIOR_findFirst,server/src/services/integrations/jiraService.ts:214-253,"const integration = await this.getIntegration(organizationId); ... await prisma.integration.update({ where: { id: integration.id } ... })",2026-05-25T16:30:00Z,L7_chunk_10
473,./server/src/services/integrations/jiraService.ts,574,integration,.update(,ORG_SCOPED,ORG_IN_WHERE_OR_DATA,server/src/services/integrations/jiraService.ts:572-584,"where: { organizationId_provider: { organizationId; provider: 'jira' } }",2026-05-25T16:30:00Z,L7_chunk_10
474,./server/src/services/integrations/jiraService.ts,662,auditLog,.create(,ORG_SCOPED,ORG_IN_WHERE_OR_DATA,server/src/services/integrations/jiraService.ts:600-672,"await prisma.auditLog.create({ data: { action: 'jira_sync.pushed'; organizationId; hash: issue.id; ... } })",2026-05-25T16:30:00Z,L7_chunk_10
475,./server/src/services/integrations/jiraService.ts,706,issue,.update(,ORG_IN_FUNC_NOT_IN_WRITE,ORG_IN_PRIOR_findFirst,server/src/services/integrations/jiraService.ts:687-712,"const existingSync = await prisma.auditLog.findFirst({ where: { organizationId; ... } }); ... prisma.issue.update({ where: { id: syncDetails.localIssueId } ... })",2026-05-25T16:30:00Z,L7_chunk_10
476,./server/src/services/integrations/jiraService.ts,717,issue,.create(,ORG_SCOPED,ORG_IN_WHERE_OR_DATA,server/src/services/integrations/jiraService.ts:715-728,"prisma.issue.create({ data: { organizationId; title: jiraIssue.fields?.summary; ... } })",2026-05-25T16:30:00Z,L7_chunk_10
477,./server/src/services/integrations/jiraService.ts,730,auditLog,.create(,ORG_SCOPED,ORG_IN_WHERE_OR_DATA,server/src/services/integrations/jiraService.ts:730-740,"await prisma.auditLog.create({ data: { action: 'jira_sync.pulled'; organizationId; hash: jiraIssue.key; ... } })",2026-05-25T16:30:00Z,L7_chunk_10
478,./server/src/services/integrations/jiraService.ts,943,issue,.update(,ORG_IN_FUNC_NOT_IN_WRITE,ORG_IN_PRIOR_findFirst,server/src/services/integrations/jiraService.ts:917-951,"const syncRecord = await prisma.auditLog.findFirst({ where: { organizationId; ... } }); ... prisma.issue.update({ where: { id: syncDetails.localIssueId } ... })",2026-05-25T16:30:00Z,L7_chunk_10
479,./server/src/services/integrations/providers/baseIntegration.ts,130,axios,.create(,NO_ORG_CHECK,NOT_PRISMA_FALSE_POSITIVE,server/src/services/integrations/providers/baseIntegration.ts:127-137,"this.httpClient = axios.create({ timeout: 30000; headers: {...} })",2026-05-25T16:30:00Z,L7_chunk_10
480,./server/src/services/integrations/providers/baseIntegration.ts,182,crypto,.update(,NO_ORG_CHECK,NOT_PRISMA_FALSE_POSITIVE,server/src/services/integrations/providers/baseIntegration.ts:172-185,"dataHash: crypto.createHash('sha256').update(JSON.stringify(data)).digest('hex')",2026-05-25T16:30:00Z,L7_chunk_10
481,./server/src/services/integrations/servicenowService.ts,181,axios,.create(,ORG_IN_FUNC_NOT_IN_WRITE,NOT_PRISMA_FALSE_POSITIVE,server/src/services/integrations/servicenowService.ts:153-182,"return axios.create({ baseURL: `${instanceUrl}/api/now`; headers; timeout: 30000 })",2026-05-25T16:30:00Z,L7_chunk_10
482,./server/src/services/integrations/servicenowService.ts,240,integration,.update(,ORG_IN_FUNC_NOT_IN_WRITE,ORG_IN_PRIOR_findFirst,server/src/services/integrations/servicenowService.ts:209-250,"const integration = await this.getIntegration(organizationId); if (integration) { ... await prisma.integration.update({ where: { id: integration.id } ... }) }",2026-05-25T16:30:00Z,L7_chunk_10
483,./server/src/services/integrations/servicenowService.ts,339,integration,.upsert(,ORG_SCOPED,ORG_IN_WHERE_OR_DATA,server/src/services/integrations/servicenowService.ts:333-349,"where: { organizationId_provider: { organizationId; provider: 'servicenow' } }",2026-05-25T16:30:00Z,L7_chunk_10
484,./server/src/services/integrations/servicenowService.ts,372,integration,.update(,ORG_SCOPED,ORG_IN_WHERE_OR_DATA,server/src/services/integrations/servicenowService.ts:371-382,"where: { organizationId_provider: { organizationId; provider: 'servicenow' } }",2026-05-25T16:30:00Z,L7_chunk_10
485,./server/src/services/integrations/servicenowService.ts,569,auditLog,.create(,ORG_SCOPED,ORG_IN_WHERE_OR_DATA,server/src/services/integrations/servicenowService.ts:559-579,"await prisma.auditLog.create({ data: { action: 'servicenow_sync.change_created'; organizationId; ... } })",2026-05-25T16:30:00Z,L7_chunk_10
486,./server/src/services/integrations/servicenowService.ts,759,auditLog,.create(,ORG_SCOPED,ORG_IN_WHERE_OR_DATA,server/src/services/integrations/servicenowService.ts:749-769,"await prisma.auditLog.create({ data: { action: 'servicenow_sync.pushed'; organizationId; hash: incident.sys_id; ... } })",2026-05-25T16:30:00Z,L7_chunk_10
487,./server/src/services/integrations/servicenowService.ts,824,auditLog,.create(,ORG_SCOPED,ORG_IN_WHERE_OR_DATA,server/src/services/integrations/servicenowService.ts:814-834,"await prisma.auditLog.create({ data: { action: 'servicenow_sync.pushed'; organizationId; hash: issue.id; ... } })",2026-05-25T16:30:00Z,L7_chunk_10
488,./server/src/services/integrations/servicenowService.ts,872,issue,.update(,ORG_IN_FUNC_NOT_IN_WRITE,ORG_IN_PRIOR_findFirst,server/src/services/integrations/servicenowService.ts:855-882,"const existingSync = await prisma.auditLog.findFirst({ where: { organizationId; ... } }); ... prisma.issue.update({ where: { id: syncDetails.localIssueId } ... })",2026-05-25T16:30:00Z,L7_chunk_10
489,./server/src/services/integrations/servicenowService.ts,883,issue,.create(,ORG_SCOPED,ORG_IN_WHERE_OR_DATA,server/src/services/integrations/servicenowService.ts:882-898,"const localIssue = await prisma.issue.create({ data: { organizationId; title: record.short_description; ... } })",2026-05-25T16:30:00Z,L7_chunk_10
490,./server/src/services/integrations/servicenowService.ts,900,auditLog,.create(,ORG_SCOPED,ORG_IN_WHERE_OR_DATA,server/src/services/integrations/servicenowService.ts:890-910,"await prisma.auditLog.create({ data: { action: 'servicenow_sync.pulled'; organizationId; hash: record.sys_id; ... } })",2026-05-25T16:30:00Z,L7_chunk_10
491,./server/src/services/integrations/servicenowService.ts,1017,issue,.update(,ORG_IN_FUNC_NOT_IN_WRITE,ORG_IN_PRIOR_findFirst,server/src/services/integrations/servicenowService.ts:978-1027,"const syncRecord = await prisma.auditLog.findFirst({ where: { organizationId; action: { startsWith: 'servicenow_sync.' } ... } }); ... prisma.issue.update({ where: { id: syncDetails.localIssueId } ... })",2026-05-25T16:30:00Z,L7_chunk_10
492,./server/src/services/integrations/slackService.ts,139,integration,.upsert(,ORG_SCOPED,ORG_IN_WHERE_OR_DATA,server/src/services/integrations/slackService.ts:134-149,"where: { organizationId_provider: { organizationId; provider: 'slack' } }",2026-05-25T16:30:00Z,L7_chunk_10
493,./server/src/services/integrations/slackService.ts,516,integration,.update(,ORG_SCOPED,ORG_IN_WHERE_OR_DATA,server/src/services/integrations/slackService.ts:494-526,"where: { organizationId_provider: { organizationId; provider: 'slack' } }",2026-05-25T16:30:00Z,L7_chunk_10
494,./server/src/services/integrations/slackService.ts,668,integration,.update(,ORG_SCOPED,ORG_IN_WHERE_OR_DATA,server/src/services/integrations/slackService.ts:655-678,"where: { organizationId_provider: { organizationId; provider: 'slack' } }",2026-05-25T16:30:00Z,L7_chunk_10
495,./server/src/services/iso27001Service.ts,155,iSO27001Assessment,.create(,ORG_SCOPED,ORG_IN_WHERE_OR_DATA,server/src/services/iso27001Service.ts:143-165,"const assessment = await prisma.iSO27001Assessment.create({ data: { organizationId: data.organizationId; ... } })",2026-05-25T16:30:00Z,L7_chunk_10
496,./server/src/services/iso27001Service.ts,228,iSO27001Assessment,.update(,ORG_SCOPED,ORG_IN_PRIOR_findFirst,server/src/services/iso27001Service.ts:208-238,"const existing = await prisma.iSO27001Assessment.findFirst({ where: { id; organizationId } ... }); ... prisma.iSO27001Assessment.update({ where: { id } ... })",2026-05-25T16:30:00Z,L7_chunk_10
497,./server/src/services/iso27001Service.ts,268,iSO27001SoA,.upsert(,ORG_SCOPED,ORG_IN_WHERE_OR_DATA,server/src/services/iso27001Service.ts:253-278,"await this.assertAssessmentBelongsToOrg(data.assessmentId; data.organizationId); ... prisma.iSO27001SoA.upsert({ ... create: { organizationId: data.organizationId; ... } })",2026-05-25T16:30:00Z,L7_chunk_10
498,./server/src/services/iso27001Service.ts,345,iSO27001RiskScenario,.create(,ORG_SCOPED,ORG_IN_WHERE_OR_DATA,server/src/services/iso27001Service.ts:324-355,"await this.assertAssessmentBelongsToOrg(data.assessmentId; data.organizationId); ... prisma.iSO27001RiskScenario.create({ data: { organizationId: data.organizationId; ... } })",2026-05-25T16:30:00Z,L7_chunk_10
499,./server/src/services/iso27001Service.ts,405,iSO27001RiskScenario,.update(,ORG_SCOPED,ORG_IN_PRIOR_findFirst,server/src/services/iso27001Service.ts:386-415,"const existing = await prisma.iSO27001RiskScenario.findFirst({ where: { id; organizationId } ... }); ... prisma.iSO27001RiskScenario.update({ where: { id } ... })",2026-05-25T16:30:00Z,L7_chunk_10
500,./server/src/services/iso27001Service.ts,447,iSO27001CorrectiveAction,.create(,ORG_SCOPED,ORG_IN_WHERE_OR_DATA,server/src/services/iso27001Service.ts:432-457,"await this.assertAssessmentBelongsToOrg(data.assessmentId; data.organizationId); ... prisma.iSO27001CorrectiveAction.create({ data: { organizationId: data.organizationId; ... } })",2026-05-25T16:30:00Z,L7_chunk_10
501,./server/src/services/iso27001Service.ts,489,iSO27001CorrectiveAction,.update(,ORG_SCOPED,ORG_IN_PRIOR_findFirst,server/src/services/iso27001Service.ts:475-499,"const existing = await prisma.iSO27001CorrectiveAction.findFirst({ where: { id; organizationId } });",2026-05-25T16:30:00Z,L7_chunk_11
502,./server/src/services/issueManagementService.ts,33,issue,.create(,ORG_SCOPED,ORG_IN_WHERE_OR_DATA,server/src/services/issueManagementService.ts:15-50,"data: { organizationId: data.organizationId; title: data.title; ...",2026-05-25T16:30:00Z,L7_chunk_11
503,./server/src/services/issueManagementService.ts,117,issue,.update(,ORG_IN_FUNC_NOT_IN_WRITE,ORG_IN_PRIOR_findFirst,server/src/services/issueManagementService.ts:86-139,"const issue = await prisma.issue.findFirst({ where: { id: issueId; organizationId } });",2026-05-25T16:30:00Z,L7_chunk_11
504,./server/src/services/issueManagementService.ts,157,issue,.update(,ORG_IN_FUNC_NOT_IN_WRITE,ORG_IN_PRIOR_findFirst,server/src/services/issueManagementService.ts:144-187,"const existing = await prisma.issue.findFirst({ where: { id: issueId; organizationId } });",2026-05-25T16:30:00Z,L7_chunk_11
505,./server/src/services/issueManagementService.ts,200,issueComment,.create(,ORG_SCOPED,GAP_HIGH,server/src/services/issueManagementService.ts:192-242,"const comment = await prisma.issueComment.create({ data: { issueId; comment: data.content; author: data.userId } }); -- no findFirst gate on parent issue.organizationId",2026-05-25T16:30:00Z,L7_chunk_11
506,./server/src/services/issueManagementService.ts,257,issue,.update(,ORG_SCOPED,GAP_HIGH,server/src/services/issueManagementService.ts:247-279,"const issue = await prisma.issue.update({ where: { id: issueId } ...}); -- organizationId param only used for AuditLogger; no findFirst gate",2026-05-25T16:30:00Z,L7_chunk_11
507,./server/src/services/issueManagementService.ts,384,issue,.update(,ORG_IN_FUNC_NOT_IN_WRITE,PARENT_ORG_VERIFIED,server/src/services/issueManagementService.ts:370-395,"const issues = await prisma.issue.findMany({ where: { organizationId; status: { notIn: ['Resolved'; 'Closed'] } ...} }); -- updates are over org-filtered set",2026-05-25T16:30:00Z,L7_chunk_11
508,./server/src/services/mdmService.ts,136,managedDevice,.create(,ORG_SCOPED,ORG_IN_WHERE_OR_DATA,server/src/services/mdmService.ts:118-150,"data: { organizationId: data.organizationId; deviceName: data.deviceName ...",2026-05-25T16:30:00Z,L7_chunk_11
509,./server/src/services/mdmService.ts,262,managedDevice,.update(,ORG_IN_FUNC_NOT_IN_WRITE,ORG_IN_PRIOR_findFirst,server/src/services/mdmService.ts:248-270,"const existing = await prisma.managedDevice.findFirst({ where: { id; organizationId } });",2026-05-25T16:30:00Z,L7_chunk_11
510,./server/src/services/mdmService.ts,294,managedDevice,.update(,ORG_SCOPED,ORG_IN_PRIOR_findFirst,server/src/services/mdmService.ts:284-302,"const existing = await prisma.managedDevice.findFirst({ where: { id; organizationId } });",2026-05-25T16:30:00Z,L7_chunk_11
511,./server/src/services/mdmService.ts,325,managedDevice,.delete(,ORG_SCOPED,ORG_IN_PRIOR_findFirst,server/src/services/mdmService.ts:319-336,"const existing = await prisma.managedDevice.findFirst({ where: { id; organizationId } });",2026-05-25T16:30:00Z,L7_chunk_11
512,./server/src/services/mdmService.ts,360,managedDevice,.update(,ORG_IN_FUNC_NOT_IN_WRITE,ORG_IN_PRIOR_findFirst,server/src/services/mdmService.ts:342-370,"const existing = await prisma.managedDevice.findFirst({ where: { id; organizationId } });",2026-05-25T16:30:00Z,L7_chunk_11
513,./server/src/services/mdmService.ts,425,mDMPolicy,.create(,ORG_SCOPED,ORG_IN_WHERE_OR_DATA,server/src/services/mdmService.ts:396-437,"data: { organizationId: data.organizationId; name: data.name ...",2026-05-25T16:30:00Z,L7_chunk_11
514,./server/src/services/mdmService.ts,536,mDMPolicy,.update(,ORG_IN_FUNC_NOT_IN_WRITE,ORG_IN_PRIOR_findFirst,server/src/services/mdmService.ts:518-546,"if (!existing) return null; -- existing = findFirst({ where: { id; organizationId } }) per pattern in this service",2026-05-25T16:30:00Z,L7_chunk_11
515,./server/src/services/mdmService.ts,565,mDMPolicy,.delete(,ORG_SCOPED,ORG_IN_PRIOR_findFirst,server/src/services/mdmService.ts:559-575,"const existing = await prisma.mDMPolicy.findFirst({ where: { id; organizationId } });",2026-05-25T16:30:00Z,L7_chunk_11
516,./server/src/services/mdmService.ts,606,deviceAction,.create(,ORG_IN_FUNC_NOT_IN_WRITE,PARENT_ORG_VERIFIED,server/src/services/mdmService.ts:587-616,"const device = await prisma.managedDevice.findFirst({ where: { id: data.deviceId; organizationId: data.organizationId } });",2026-05-25T16:30:00Z,L7_chunk_11
517,./server/src/services/mdmService.ts,782,deviceComplianceCheck,.create(,ORG_IN_FUNC_NOT_IN_WRITE,PARENT_ORG_VERIFIED,server/src/services/mdmService.ts:724-794,"const device = await prisma.managedDevice.findFirst({ where: { id: deviceId; organizationId } });",2026-05-25T16:30:00Z,L7_chunk_11
518,./server/src/services/mdmService.ts,797,managedDevice,.update(,ORG_IN_FUNC_NOT_IN_WRITE,ORG_IN_PRIOR_findFirst,server/src/services/mdmService.ts:724-803,"const device = await prisma.managedDevice.findFirst({ where: { id: deviceId; organizationId } });",2026-05-25T16:30:00Z,L7_chunk_11
519,./server/src/services/mdmService.ts,1139,deviceAction,.update(,NO_ORG_CHECK,PARENT_ORG_VERIFIED,server/src/services/mdmService.ts:1081-1155,"private executeDeviceAction called only from executeAction (line 615) AFTER device.findFirst({ id; organizationId }); action.id from same scope",2026-05-25T16:30:00Z,L7_chunk_11
520,./server/src/services/mdmService.ts,1150,managedDevice,.update(,NO_ORG_CHECK,PARENT_ORG_VERIFIED,server/src/services/mdmService.ts:1081-1155,"private executeDeviceAction called from executeAction after managedDevice.findFirst({ id: data.deviceId; organizationId: data.organizationId }) at line 599",2026-05-25T16:30:00Z,L7_chunk_11
521,./server/src/services/monitoringService.ts,29,continuousMonitor,.create(,ORG_SCOPED,ORG_IN_WHERE_OR_DATA,server/src/services/monitoringService.ts:19-50,"data: { organizationId: data.organizationId; name: data.name; monitorType: data.monitorType ...",2026-05-25T16:30:00Z,L7_chunk_11
522,./server/src/services/monitoringService.ts,75,monitorResult,.create(,ORG_IN_FUNC_NOT_IN_WRITE,PARENT_ORG_VERIFIED,server/src/services/monitoringService.ts:58-86,"const monitor = await prisma.continuousMonitor.findFirst({ where: { id: monitorId; organizationId } });",2026-05-25T16:30:00Z,L7_chunk_11
523,./server/src/services/monitoringService.ts,89,continuousMonitor,.update(,ORG_SCOPED,ORG_IN_WHERE_OR_DATA,server/src/services/monitoringService.ts:58-98,"await prisma.continuousMonitor.update({ where: { id: monitorId; organizationId } ...",2026-05-25T16:30:00Z,L7_chunk_11
524,./server/src/services/monitoringService.ts,262,issue,.create(,ORG_SCOPED,ORG_IN_WHERE_OR_DATA,server/src/services/monitoringService.ts:252-272,"await prisma.issue.create({ data: { organizationId; title: `Monitor Failure: ${monitor.name}` ...",2026-05-25T16:30:00Z,L7_chunk_11
525,./server/src/services/monitoringService.ts,399,continuousMonitor,.update(,ORG_SCOPED,ORG_IN_WHERE_OR_DATA,server/src/services/monitoringService.ts:385-410,"const monitor = await prisma.continuousMonitor.update({ where: { id: monitorId; organizationId } ...",2026-05-25T16:30:00Z,L7_chunk_11
526,./server/src/services/monitoringService.ts,461,continuousMonitor,.update(,ORG_SCOPED,ORG_IN_WHERE_OR_DATA,server/src/services/monitoringService.ts:440-471,"const monitor = await prisma.continuousMonitor.update({ where: { id: monitorId; organizationId } ...",2026-05-25T16:30:00Z,L7_chunk_11
527,./server/src/services/monitoringService.ts,493,monitorResult,.deleteMany(,ORG_SCOPED,ORG_IN_WHERE_OR_DATA,server/src/services/monitoringService.ts:484-504,"await prisma.monitorResult.deleteMany({ where: { monitorId; monitor: { organizationId } } });",2026-05-25T16:30:00Z,L7_chunk_11
528,./server/src/services/monitoringService.ts,494,continuousMonitor,.delete(,ORG_SCOPED,ORG_IN_WHERE_OR_DATA,server/src/services/monitoringService.ts:484-504,"await prisma.continuousMonitor.delete({ where: { id: monitorId; organizationId } });",2026-05-25T16:30:00Z,L7_chunk_11
529,./server/src/services/multiWorkspaceService.ts,33,organization,.update(,ORG_IN_FUNC_NOT_IN_WRITE,GAP_HIGH,server/src/services/multiWorkspaceService.ts:14-59,"const parent = await prisma.organization.findUnique({ where: { id: parentOrganizationId } }); -- no caller-auth check that userId controls parent org",2026-05-25T16:30:00Z,L7_chunk_11
530,./server/src/services/multiWorkspaceService.ts,40,organization,.create(,ORG_IN_FUNC_NOT_IN_WRITE,GAP_HIGH,server/src/services/multiWorkspaceService.ts:14-59,"const child = await prisma.organization.create({ data: { ... parentOrganizationId } }); -- userId not verified to belong to parent org",2026-05-25T16:30:00Z,L7_chunk_11
531,./server/src/services/multiWorkspaceService.ts,269,user,.update(,ORG_SCOPED,ORG_IN_PRIOR_findFirst,server/src/services/multiWorkspaceService.ts:228-287,"if (admin.organizationId !== user.organizationId) { throw new AppError('Cannot move users from other organizations'; 403); }",2026-05-25T16:30:00Z,L7_chunk_11
532,./server/src/services/multiWorkspaceService.ts,314,complianceFramework,.create(,ORG_SCOPED,ORG_IN_WHERE_OR_DATA,server/src/services/multiWorkspaceService.ts:292-352,"data: { name: framework.name; region: framework.region; organizationId: targetOrgId ...",2026-05-25T16:30:00Z,L7_chunk_11
533,./server/src/services/multiWorkspaceService.ts,326,frameworkControl,.create(,ORG_IN_FUNC_NOT_IN_WRITE,PARENT_ORG_VERIFIED,server/src/services/multiWorkspaceService.ts:292-352,"prisma.frameworkControl.create({ data: { frameworkId: newFramework.id ... } }) -- parent newFramework just created with org-scoped data",2026-05-25T16:30:00Z,L7_chunk_11
534,./server/src/services/nistCsfService.ts,445,nistCsfProfile,.create(,ORG_SCOPED,ORG_IN_WHERE_OR_DATA,server/src/services/nistCsfService.ts:440-460,"data: { organizationId: input.organizationId; name: input.name; profileType: input.profileType ...",2026-05-25T16:30:00Z,L7_chunk_11
535,./server/src/services/nistCsfService.ts,492,nistCsfProfile,.update(,ORG_IN_FUNC_NOT_IN_WRITE,ORG_IN_PRIOR_findFirst,server/src/services/nistCsfService.ts:477-505,"const existing = await prisma.nistCsfProfile.findFirst({ where: { id; organizationId } ...",2026-05-25T16:30:00Z,L7_chunk_11
536,./server/src/services/nistCsfService.ts,558,nistCsfProfile,.update(,ORG_IN_FUNC_NOT_IN_WRITE,ORG_IN_PRIOR_findFirst,server/src/services/nistCsfService.ts:548-572,"const existing = await prisma.nistCsfProfile.findFirst({ where: { id; organizationId } ...",2026-05-25T16:30:00Z,L7_chunk_11
537,./server/src/services/nistCsfService.ts,599,nistCsfSubcategoryAssessment,.upsert(,ORG_IN_FUNC_NOT_IN_WRITE,PARENT_ORG_VERIFIED,server/src/services/nistCsfService.ts:579-612,"const profile = await prisma.nistCsfProfile.findFirst({ where: { id: input.profileId; organizationId: input.organizationId } });",2026-05-25T16:30:00Z,L7_chunk_11
538,./server/src/services/nistCsfService.ts,683,nistCsfSubcategoryAssessment,.create(,ORG_SCOPED,ORG_IN_WHERE_OR_DATA,server/src/services/nistCsfService.ts:659-700,"data: { organizationId; profileId; function: c.function ...",2026-05-25T16:30:00Z,L7_chunk_11
539,./server/src/services/nistCsfService.ts,906,nistCsfGapAnalysis,.create(,ORG_SCOPED,ORG_IN_WHERE_OR_DATA,server/src/services/nistCsfService.ts:896-924,"data: { organizationId; profileId: targetProfileId; currentProfileId; targetProfileId ...",2026-05-25T16:30:00Z,L7_chunk_11
540,./server/src/services/nistCsfService.ts,926,nistCsfGapAnalysis,.create(,ORG_SCOPED,ORG_IN_WHERE_OR_DATA,server/src/services/nistCsfService.ts:916-940,"data: { organizationId; profileId: targetProfileId; currentProfileId; targetProfileId; function: 'Total' ...",2026-05-25T16:30:00Z,L7_chunk_11
541,./server/src/services/nistCsfService.ts,1045,nistCsfActionItem,.create(,ORG_SCOPED,ORG_IN_WHERE_OR_DATA,server/src/services/nistCsfService.ts:1023-1060,"data: { organizationId: input.organizationId; profileId: input.profileId ...",2026-05-25T16:30:00Z,L7_chunk_11
542,./server/src/services/nistCsfService.ts,1090,nistCsfActionItem,.update(,ORG_SCOPED,ORG_IN_PRIOR_findFirst,server/src/services/nistCsfService.ts:1078-1105,"const existing = await prisma.nistCsfActionItem.findFirst({ where: { id; organizationId } ...",2026-05-25T16:30:00Z,L7_chunk_11
543,./server/src/services/nistCsfService.ts,1144,nistCsfActionItem,.update(,ORG_IN_FUNC_NOT_IN_WRITE,ORG_IN_PRIOR_findFirst,server/src/services/nistCsfService.ts:1134-1155,"const existing = await prisma.nistCsfActionItem.findFirst({ where: { id; organizationId } ...",2026-05-25T16:30:00Z,L7_chunk_11
544,./server/src/services/notificationService.ts,197,notification,.create(,ORG_SCOPED,ORG_IN_WHERE_OR_DATA,server/src/services/notificationService.ts:163-215,"data: { id: notificationId; userId; organizationId; type: notification.type ...",2026-05-25T16:30:00Z,L7_chunk_11
545,./server/src/services/notificationService.ts,231,notification,.update(,ORG_IN_FUNC_NOT_IN_WRITE,PARENT_ORG_VERIFIED,server/src/services/notificationService.ts:163-243,"await prisma.notification.update({ where: { id: notificationId } ...}); -- notificationId was just created in same function with organizationId in data",2026-05-25T16:30:00Z,L7_chunk_11
546,./server/src/services/notificationService.ts,528,twilio_messages,.create(,ORG_IN_FUNC_NOT_IN_WRITE,NOT_PRISMA_FALSE_POSITIVE,server/src/services/notificationService.ts:468-548,"const message = await twilioClient.messages.create({ body: ...; from: twilioPhoneNumber; to: phoneNumber }); -- Twilio API; not Prisma",2026-05-25T16:30:00Z,L7_chunk_11
547,./server/src/services/notificationService.ts,537,notification,.create(,ORG_SCOPED,ORG_IN_WHERE_OR_DATA,server/src/services/notificationService.ts:468-548,"data: { id: crypto.randomUUID(); userId; organizationId; type: notification.type; category: 'sms' ...",2026-05-25T16:30:00Z,L7_chunk_11
548,./server/src/services/notificationService.ts,704,notification,.update(,ORG_IN_FUNC_NOT_IN_WRITE,USER_SELF_NO_ORG_REQUIRED,server/src/services/notificationService.ts:703-714,"await prisma.notification.update({ where: { id: notificationId; userId } ...}); -- scoped by req.user.id",2026-05-25T16:30:00Z,L7_chunk_11
549,./server/src/services/npsService.ts,92,crypto_hash,.update(,ORG_IN_FUNC_NOT_IN_WRITE,NOT_PRISMA_FALSE_POSITIVE,server/src/services/npsService.ts:88-95,"return createHash('sha256').update(ip).digest('hex').slice(0; 32); -- crypto.Hash.update; not Prisma",2026-05-25T16:30:00Z,L7_chunk_11
550,./server/src/services/npsService.ts,134,nPSInvitation,.create(,ORG_SCOPED,ORG_IN_WHERE_OR_DATA,server/src/services/npsService.ts:103-160,"data: { organizationId; userId; trigger; scheduledFor; expiresAt; status: 'Scheduled' }",2026-05-25T16:30:00Z,L7_chunk_11
551,./server/src/services/npsService.ts,177,nPSInvitation,.update(,ORG_IN_FUNC_NOT_IN_WRITE,ORG_IN_PRIOR_findFirst,server/src/services/npsService.ts:167-187,"where: { id: invitationId; organizationId };",2026-05-25T17:00:00Z,L7_chunk_12
552,./server/src/services/npsService.ts,211,nPSInvitation,.update(,ORG_IN_FUNC_NOT_IN_WRITE,ORG_IN_PRIOR_findFirst,server/src/services/npsService.ts:167-221,"where: { id: invitationId; organizationId };",2026-05-25T17:00:00Z,L7_chunk_12
553,./server/src/services/npsService.ts,256,nPSResponse,.create(,ORG_SCOPED,ORG_IN_WHERE_OR_DATA,server/src/services/npsService.ts:235-275,organizationId;,2026-05-25T17:00:00Z,L7_chunk_12
554,./server/src/services/npsService.ts,270,nPSInvitation,.update(,ORG_IN_FUNC_NOT_IN_WRITE,ORG_IN_PRIOR_findFirst,server/src/services/npsService.ts:235-280,"where: { id: invitationId; organizationId; userId };",2026-05-25T17:00:00Z,L7_chunk_12
555,./server/src/services/npsService.ts,294,nPSInvitation,.updateMany(,ORG_SCOPED,ORG_IN_WHERE_OR_DATA,server/src/services/npsService.ts:293-305,"where: { id: invitationId; organizationId; userId };",2026-05-25T17:00:00Z,L7_chunk_12
556,./server/src/services/npsService.ts,317,nPSInvitation,.updateMany(,ORG_SCOPED,ORG_IN_WHERE_OR_DATA,server/src/services/npsService.ts:312-327,"where: { id: invitationId; organizationId; userId };",2026-05-25T17:00:00Z,L7_chunk_12
557,./server/src/services/pciDssService.ts,241,pCIScope,.create(,ORG_SCOPED,ORG_IN_WHERE_OR_DATA,server/src/services/pciDssService.ts:219-260,organizationId: data.organizationId;,2026-05-25T17:00:00Z,L7_chunk_12
558,./server/src/services/pciDssService.ts,305,pCIScope,.update(,ORG_SCOPED,ORG_IN_PRIOR_findFirst,server/src/services/pciDssService.ts:279-315,"where: { id; organizationId };",2026-05-25T17:00:00Z,L7_chunk_12
559,./server/src/services/pciDssService.ts,413,pCIRequirement,.update(,ORG_SCOPED,ORG_IN_PRIOR_findFirst,server/src/services/pciDssService.ts:356-430,"where: { organizationId: data.organizationId; scopeId: data.scopeId; requirementRef: data.requirementRef };",2026-05-25T17:00:00Z,L7_chunk_12
560,./server/src/services/pciDssService.ts,414,pCIRequirement,.create(,ORG_SCOPED,ORG_IN_WHERE_OR_DATA,server/src/services/pciDssService.ts:356-430,organizationId: data.organizationId; (in payload),2026-05-25T17:00:00Z,L7_chunk_12
561,./server/src/services/pciDssService.ts,492,pCIRequirement,.create(,ORG_SCOPED,ORG_IN_WHERE_OR_DATA,server/src/services/pciDssService.ts:472-510,organizationId;,2026-05-25T17:00:00Z,L7_chunk_12
562,./server/src/services/pciDssService.ts,551,pCIEvidence,.create(,ORG_SCOPED,ORG_IN_WHERE_OR_DATA,server/src/services/pciDssService.ts:523-570,organizationId: data.organizationId;,2026-05-25T17:00:00Z,L7_chunk_12
563,./server/src/services/pciDssService.ts,616,pCIEvidence,.update(,ORG_SCOPED,ORG_IN_PRIOR_findFirst,server/src/services/pciDssService.ts:609-630,"where: { id; organizationId };",2026-05-25T17:00:00Z,L7_chunk_12
564,./server/src/services/pciDssService.ts,649,pCIEvidence,.update(,ORG_SCOPED,ORG_IN_PRIOR_findFirst,server/src/services/pciDssService.ts:638-660,"where: { id; organizationId };",2026-05-25T17:00:00Z,L7_chunk_12
565,./server/src/services/pciDssService.ts,707,qSAFinding,.create(,ORG_SCOPED,ORG_IN_WHERE_OR_DATA,server/src/services/pciDssService.ts:675-720,organizationId: data.organizationId;,2026-05-25T17:00:00Z,L7_chunk_12
566,./server/src/services/pciDssService.ts,784,qSAFinding,.update(,ORG_IN_FUNC_NOT_IN_WRITE,ORG_IN_PRIOR_findFirst,server/src/services/pciDssService.ts:763-800,"where: { id; organizationId };",2026-05-25T17:00:00Z,L7_chunk_12
567,./server/src/services/pciDssService.ts,856,compensatingControlWorksheet,.create(,ORG_SCOPED,ORG_IN_WHERE_OR_DATA,server/src/services/pciDssService.ts:833-870,organizationId: data.organizationId;,2026-05-25T17:00:00Z,L7_chunk_12
568,./server/src/services/pciDssService.ts,892,compensatingControlWorksheet,.update(,ORG_IN_FUNC_NOT_IN_WRITE,ORG_IN_PRIOR_findFirst,server/src/services/pciDssService.ts:883-905,"where: { id; organizationId };",2026-05-25T17:00:00Z,L7_chunk_12
569,./server/src/services/pciDssService.ts,896,pCIRequirement,.update(,ORG_IN_FUNC_NOT_IN_WRITE,PARENT_ORG_VERIFIED,server/src/services/pciDssService.ts:883-910,existing.requirementId comes from CCW verified by organizationId on line 885,2026-05-25T17:00:00Z,L7_chunk_12
570,./server/src/services/pciDssService.ts,946,pCIROC,.create(,ORG_SCOPED,ORG_IN_WHERE_OR_DATA,server/src/services/pciDssService.ts:918-960,organizationId: data.organizationId;,2026-05-25T17:00:00Z,L7_chunk_12
571,./server/src/services/pciDssService.ts,1001,pCIROC,.update(,ORG_IN_FUNC_NOT_IN_WRITE,ORG_IN_PRIOR_findFirst,server/src/services/pciDssService.ts:976-1015,"where: { id; organizationId };",2026-05-25T17:00:00Z,L7_chunk_12
572,./server/src/services/pciDssService.ts,1051,pCIAOC,.create(,ORG_SCOPED,ORG_IN_WHERE_OR_DATA,server/src/services/pciDssService.ts:1024-1065,organizationId; (in data block on line 1053),2026-05-25T17:00:00Z,L7_chunk_12
573,./server/src/services/personnelService.ts,26,personnel,.create(,ORG_SCOPED,ORG_IN_WHERE_OR_DATA,server/src/services/personnelService.ts:15-50,organizationId: data.organizationId;,2026-05-25T17:00:00Z,L7_chunk_12
574,./server/src/services/personnelService.ts,73,personnel,.update(,ORG_IN_FUNC_NOT_IN_WRITE,ORG_IN_PRIOR_findFirst,server/src/services/personnelService.ts:61-85,"where: { id: personnelId; organizationId };",2026-05-25T17:00:00Z,L7_chunk_12
575,./server/src/services/personnelService.ts,85,user,.update(,ORG_IN_FUNC_NOT_IN_WRITE,PARENT_ORG_VERIFIED,server/src/services/personnelService.ts:61-95,personnel.userId from record verified by organizationId at line 66-68,2026-05-25T17:00:00Z,L7_chunk_12
576,./server/src/services/personnelService.ts,118,personnel,.update(,ORG_IN_FUNC_NOT_IN_WRITE,ORG_IN_PRIOR_findFirst,server/src/services/personnelService.ts:105-130,"where: { id: personnelId; organizationId };",2026-05-25T17:00:00Z,L7_chunk_12
577,./server/src/services/personnelService.ts,131,user,.update(,ORG_IN_FUNC_NOT_IN_WRITE,PARENT_ORG_VERIFIED,server/src/services/personnelService.ts:105-140,personnel.userId comes from record verified by organizationId at line 111-113,2026-05-25T17:00:00Z,L7_chunk_12
578,./server/src/services/personnelService.ts,170,accessReview,.create(,ORG_SCOPED,ORG_IN_WHERE_OR_DATA,server/src/services/personnelService.ts:163-185,organizationId: data.organizationId;,2026-05-25T17:00:00Z,L7_chunk_12
579,./server/src/services/personnelService.ts,221,accessReview,.update(,ORG_IN_FUNC_NOT_IN_WRITE,ORG_IN_PRIOR_findFirst,server/src/services/personnelService.ts:204-235,"where: { id: reviewId; organizationId };",2026-05-25T17:00:00Z,L7_chunk_12
580,./server/src/services/personnelService.ts,239,personnel,.update(,ORG_IN_FUNC_NOT_IN_WRITE,PARENT_ORG_VERIFIED,server/src/services/personnelService.ts:204-250,review.personnelId from accessReview verified by organizationId at line 214-216,2026-05-25T17:00:00Z,L7_chunk_12
581,./server/src/services/personnelService.ts,347,personnel,.update(,ORG_IN_FUNC_NOT_IN_WRITE,ORG_IN_PRIOR_findFirst,server/src/services/personnelService.ts:330-360,"where: { id: personnelId; organizationId };",2026-05-25T17:00:00Z,L7_chunk_12
582,./server/src/services/personnelService.ts,387,personnel,.update(,ORG_IN_FUNC_NOT_IN_WRITE,ORG_IN_PRIOR_findFirst,server/src/services/personnelService.ts:374-400,"where: { id: personnelId; organizationId };",2026-05-25T17:00:00Z,L7_chunk_12
583,./server/src/services/personnelService.ts,496,personnel,.update(,ORG_IN_FUNC_NOT_IN_WRITE,ORG_IN_PRIOR_findFirst,server/src/services/personnelService.ts:472-510,"where: { id: personnelId; organizationId };",2026-05-25T17:00:00Z,L7_chunk_12
584,./server/src/services/personnelService.ts,544,personnel,.update(,ORG_IN_FUNC_NOT_IN_WRITE,ORG_IN_PRIOR_findFirst,server/src/services/personnelService.ts:528-555,"where: { id: personnelId; organizationId };",2026-05-25T17:00:00Z,L7_chunk_12
585,./server/src/services/personnelService.ts,553,user,.update(,ORG_IN_FUNC_NOT_IN_WRITE,PARENT_ORG_VERIFIED,server/src/services/personnelService.ts:528-565,existing.userId from personnel record verified by organizationId at line 534-537,2026-05-25T17:00:00Z,L7_chunk_12
586,./server/src/services/policyLibraryService.ts,30,policy,.create(,ORG_SCOPED,ORG_IN_WHERE_OR_DATA,server/src/services/policyLibraryService.ts:15-50,organizationId: data.organizationId;,2026-05-25T17:00:00Z,L7_chunk_12
587,./server/src/services/policyLibraryService.ts,256,frameworkControl,.update(,ORG_IN_FUNC_NOT_IN_WRITE,GAP_HIGH,server/src/services/policyLibraryService.ts:238-283,prisma.frameworkControl.findUnique({ where: { id: sourceControlId } }) — no organizationId join through framework,2026-05-25T17:00:00Z,L7_chunk_12
588,./server/src/services/policyLibraryService.ts,305,policy,.update(,ORG_SCOPED,ORG_IN_PRIOR_findFirst,server/src/services/policyLibraryService.ts:299-320,"where: { id: policyId; organizationId };",2026-05-25T17:00:00Z,L7_chunk_12
589,./server/src/services/policyLibraryService.ts,331,policy,.update(,ORG_SCOPED,ORG_IN_PRIOR_findFirst,server/src/services/policyLibraryService.ts:325-345,"where: { id: policyId; organizationId };",2026-05-25T17:00:00Z,L7_chunk_12
590,./server/src/services/policyLibraryService.ts,357,policy,.create(,ORG_SCOPED,ORG_IN_WHERE_OR_DATA,server/src/services/policyLibraryService.ts:351-370,organizationId; (in data block on line 359),2026-05-25T17:00:00Z,L7_chunk_12
591,./server/src/services/policyLibraryService.ts,449,policy,.update(,ORG_IN_FUNC_NOT_IN_WRITE,ORG_IN_PRIOR_findFirst,server/src/services/policyLibraryService.ts:428-460,"where: { id: policyId; organizationId };",2026-05-25T17:00:00Z,L7_chunk_12
592,./server/src/services/policyLibraryService.ts,484,policy,.update(,ORG_IN_FUNC_NOT_IN_WRITE,ORG_IN_PRIOR_findFirst,server/src/services/policyLibraryService.ts:472-495,"where: { id: policyId; organizationId };",2026-05-25T17:00:00Z,L7_chunk_12
593,./server/src/services/questionnaireService.ts,48,questionnaire,.create(,ORG_SCOPED,ORG_IN_WHERE_OR_DATA,server/src/services/questionnaireService.ts:38-65,organizationId: data.organizationId;,2026-05-25T17:00:00Z,L7_chunk_12
594,./server/src/services/questionnaireService.ts,97,questionnaireQuestion,.create(,ORG_IN_FUNC_NOT_IN_WRITE,PARENT_ORG_VERIFIED,server/src/services/questionnaireService.ts:76-110,parentQuestionnaire findFirst with organizationId at line 88-90,2026-05-25T17:00:00Z,L7_chunk_12
595,./server/src/services/questionnaireService.ts,175,questionnaireResponse,.create(,ORG_IN_FUNC_NOT_IN_WRITE,PARENT_ORG_VERIFIED,server/src/services/questionnaireService.ts:126-190,parent questionnaire findFirst with organizationId at line 132-140,2026-05-25T17:00:00Z,L7_chunk_12
596,./server/src/services/questionnaireService.ts,195,questionnaire,.update(,ORG_IN_FUNC_NOT_IN_WRITE,ORG_IN_PRIOR_findFirst,server/src/services/questionnaireService.ts:126-210,"questionnaire findFirst { id: questionnaireId; organizationId } at line 132-140",2026-05-25T17:00:00Z,L7_chunk_12
597,./server/src/services/questionnaireService.ts,377,questionnaireResponse,.update(,ORG_IN_FUNC_NOT_IN_WRITE,PARENT_ORG_VERIFIED,server/src/services/questionnaireService.ts:346-400,parentQuestionnaire findFirst with organizationId at line 358-363,2026-05-25T17:00:00Z,L7_chunk_12
598,./server/src/services/questionnaireService.ts,388,questionnaireResponse,.create(,ORG_IN_FUNC_NOT_IN_WRITE,PARENT_ORG_VERIFIED,server/src/services/questionnaireService.ts:346-400,parentQuestionnaire findFirst with organizationId at line 358-363,2026-05-25T17:00:00Z,L7_chunk_12
599,./server/src/services/questionnaireService.ts,451,questionnaire,.update(,ORG_IN_FUNC_NOT_IN_WRITE,ORG_IN_PRIOR_findFirst,server/src/services/questionnaireService.ts:415-465,"questionnaire findFirst { id: questionnaireId; organizationId } at line 421-427",2026-05-25T17:00:00Z,L7_chunk_12
600,./server/src/services/queue/jobQueue.ts,607,scheduledJobs,.delete(,NO_ORG_CHECK,NOT_PRISMA_FALSE_POSITIVE,server/src/services/queue/jobQueue.ts:581-620,this.scheduledJobs.delete(repeatKey); — Map.delete on in-memory Map; not Prisma,2026-05-25T17:00:00Z,L7_chunk_12
601,./server/src/services/queue/jobQueue.ts,791,scheduledJobs,.delete(,NO_ORG_CHECK,NOT_PRISMA_FALSE_POSITIVE,server/src/services/queue/jobQueue.ts:785-801,"this.scheduledJobs.delete(key); -- Map.delete; not a Prisma call",2026-05-25T16:30:00Z,L7_chunk_13
602,./server/src/services/realTimeComplianceService.ts,418,monitorMutexes,.delete(,ORG_IN_FUNC_NOT_IN_WRITE,NOT_PRISMA_FALSE_POSITIVE,server/src/services/realTimeComplianceService.ts:408-420,"this.monitorMutexes.delete(monitorId); -- Map.delete; not a Prisma call",2026-05-25T16:30:00Z,L7_chunk_13
603,./server/src/services/realTimeComplianceService.ts,514,metricsHistory,.create(,ORG_SCOPED,ORG_IN_WHERE_OR_DATA,server/src/services/realTimeComplianceService.ts:470-531,"data: { organizationId; metricType: 'compliance-score'; value: overall ...}",2026-05-25T16:30:00Z,L7_chunk_13
604,./server/src/services/realTimeComplianceService.ts,653,scoreDebounceTimers,.delete(,ORG_SCOPED,NOT_PRISMA_FALSE_POSITIVE,server/src/services/realTimeComplianceService.ts:648-661,"this.scoreDebounceTimers.delete(organizationId); -- Map.delete; not Prisma",2026-05-25T16:30:00Z,L7_chunk_13
605,./server/src/services/reportingService.ts,29,customReport,.create(,ORG_SCOPED,ORG_IN_WHERE_OR_DATA,server/src/services/reportingService.ts:19-99,"data: { organizationId: data.organizationId; name: data.name; ...}",2026-05-25T16:30:00Z,L7_chunk_13
606,./server/src/services/reportingService.ts,358,customReport,.update(,ORG_SCOPED,GAP_HIGH,server/src/services/reportingService.ts:352-376,"await prisma.customReport.update({ where: { id: reportId }; data: { schedule; lastGenerated: null } }); -- no orgId in where; no prior findFirst",2026-05-25T16:30:00Z,L7_chunk_13
607,./server/src/services/riskManagementService.ts,28,riskAssessment,.create(,ORG_SCOPED,ORG_IN_WHERE_OR_DATA,server/src/services/riskManagementService.ts:18-52,"data: { organizationId: data.organizationId; name: data.name; ...}",2026-05-25T16:30:00Z,L7_chunk_13
608,./server/src/services/riskManagementService.ts,74,riskItem,.create(,ORG_IN_FUNC_NOT_IN_WRITE,ORG_IN_WHERE_OR_DATA,server/src/services/riskManagementService.ts:57-104,"data: { ... organizationId: riskData.organizationId; assessmentId; }",2026-05-25T16:30:00Z,L7_chunk_13
609,./server/src/services/riskManagementService.ts,118,riskAssessment,.update(,ORG_SCOPED,GAP_HIGH,server/src/services/riskManagementService.ts:109-144,"where: { id: assessmentId }; data: { status: 'Completed' ... } -- no orgId in where; no prior findFirst gating",2026-05-25T16:30:00Z,L7_chunk_13
610,./server/src/services/riskManagementService.ts,161,riskItem,.update(,ORG_SCOPED,GAP_HIGH,server/src/services/riskManagementService.ts:149-189,"where: { id: riskId }; -- no orgId in where; no prior findFirst gating in function body",2026-05-25T16:30:00Z,L7_chunk_13
611,./server/src/services/riskManagementService.ts,209,riskItem,.update(,ORG_IN_FUNC_NOT_IN_WRITE,GAP_HIGH,server/src/services/riskManagementService.ts:194-236,"where: { id: riskId }; -- organizationId received as param but not used in where; no prior findFirst",2026-05-25T16:30:00Z,L7_chunk_13
612,./server/src/services/riskManagementService.ts,251,riskItem,.update(,ORG_SCOPED,GAP_HIGH,server/src/services/riskManagementService.ts:241-276,"where: { id: riskId }; -- organizationId received but not in where; no prior findFirst",2026-05-25T16:30:00Z,L7_chunk_13
613,./server/src/services/s3Service.ts,34,AWS.config,.update(,ORG_IN_FUNC_NOT_IN_WRITE,NOT_PRISMA_FALSE_POSITIVE,server/src/services/s3Service.ts:34-38,"AWS.config.update({ accessKeyId: config.aws.accessKeyId; ...}); -- AWS SDK config; not Prisma",2026-05-25T16:30:00Z,L7_chunk_13
614,./server/src/services/s3Service.ts,122,fileUpload,.create(,ORG_IN_FUNC_NOT_IN_WRITE,ORG_IN_WHERE_OR_DATA,server/src/services/s3Service.ts:82-171,"data: { ... organizationId: options.organizationId; metadata: { folder; etag } }",2026-05-25T16:30:00Z,L7_chunk_13
615,./server/src/services/s3Service.ts,209,fileUpload,.delete(,ORG_IN_FUNC_NOT_IN_WRITE,ORG_IN_PRIOR_findFirst,server/src/services/s3Service.ts:189-217,"const file = await prisma.fileUpload.findFirst({ where: { id: fileId; organizationId } });",2026-05-25T16:30:00Z,L7_chunk_13
616,./server/src/services/secureChatService.ts,1752,chatConversation,.create(,ORG_SCOPED,ORG_IN_WHERE_OR_DATA,server/src/services/secureChatService.ts:1736-1764,"data: { userId; organizationId; messages: []; fileContext: {} }",2026-05-25T16:30:00Z,L7_chunk_13
617,./server/src/services/secureChatService.ts,1813,chatConversation,.update(,ORG_IN_FUNC_NOT_IN_WRITE,ORG_IN_PRIOR_findFirst,server/src/services/secureChatService.ts:1736-1821,"const existing = await prisma.chatConversation.findFirst({ where: { userId; organizationId } });",2026-05-25T16:30:00Z,L7_chunk_13
618,./server/src/services/secureChatService.ts,1824,auditLog,.create(,ORG_SCOPED,ORG_IN_WHERE_OR_DATA,server/src/services/secureChatService.ts:1769-1849,"data: { action: 'Secure Chat Query'; ... userId; organizationId; hash: ... }",2026-05-25T16:30:00Z,L7_chunk_13
619,./server/src/services/sessionManagementService.ts,351,auditLog,.create(,ORG_IN_FUNC_NOT_IN_WRITE,ORG_IN_WHERE_OR_DATA,server/src/services/sessionManagementService.ts:340-365,"data: { action: 'session.timeout_warning_sent'; ... userId: session.userId; organizationId: session.organizationId }",2026-05-25T16:30:00Z,L7_chunk_13
620,./server/src/services/sessionManagementService.ts,386,auditLog,.create(,ORG_IN_FUNC_NOT_IN_WRITE,ORG_IN_WHERE_OR_DATA,server/src/services/sessionManagementService.ts:384-405,"data: { ... userId: session.userId; organizationId: session.organizationId; hash: session.id }",2026-05-25T16:30:00Z,L7_chunk_13
621,./server/src/services/sessionManagementService.ts,412,auditLog,.create(,ORG_IN_FUNC_NOT_IN_WRITE,SYSTEM_LEVEL_NO_ORG_REQUIRED,server/src/services/sessionManagementService.ts:410-425,"data: { ... userId: 'system'; organizationId: 'system'; hash: crypto.randomBytes(16).toString('hex') }",2026-05-25T16:30:00Z,L7_chunk_13
622,./server/src/services/soc2Service.ts,265,sOC2Engagement,.create(,ORG_SCOPED,ORG_IN_WHERE_OR_DATA,server/src/services/soc2Service.ts:235-315,"data: { organizationId: data.organizationId; engagementYear: data.engagementYear; ... }",2026-05-25T16:30:00Z,L7_chunk_13
623,./server/src/services/soc2Service.ts,339,sOC2Engagement,.update(,ORG_IN_FUNC_NOT_IN_WRITE,ORG_IN_PRIOR_findFirst,server/src/services/soc2Service.ts:308-388,"const existing = await prisma.sOC2Engagement.findFirst({ where: { id; organizationId } });",2026-05-25T16:30:00Z,L7_chunk_13
624,./server/src/services/soc2Service.ts,448,sOC2Control,.upsert(,ORG_IN_FUNC_NOT_IN_WRITE,PARENT_ORG_VERIFIED,server/src/services/soc2Service.ts:416-498,"const engagement = await prisma.sOC2Engagement.findFirst({ where: { id: data.engagementId; organizationId: data.organizationId } });",2026-05-25T16:30:00Z,L7_chunk_13
625,./server/src/services/soc2Service.ts,538,sOC2Control,.create(,ORG_SCOPED,ORG_IN_WHERE_OR_DATA,server/src/services/soc2Service.ts:507-587,"data: { organizationId; engagementId; criteriaCategory: seed.category; ...}",2026-05-25T16:30:00Z,L7_chunk_13
626,./server/src/services/soc2Service.ts,618,sOC2Control,.update(,ORG_IN_FUNC_NOT_IN_WRITE,ORG_IN_PRIOR_findFirst,server/src/services/soc2Service.ts:600-680,"const existing = await prisma.sOC2Control.findFirst({ where: { id; organizationId } });",2026-05-25T16:30:00Z,L7_chunk_13
627,./server/src/services/soc2Service.ts,738,sOC2EvidenceSample,.create(,ORG_SCOPED,ORG_IN_WHERE_OR_DATA,server/src/services/soc2Service.ts:706-786,"data: { organizationId: data.organizationId; controlId: data.controlId; ...}",2026-05-25T16:30:00Z,L7_chunk_13
628,./server/src/services/soc2Service.ts,804,sOC2EvidenceSample,.update(,ORG_IN_FUNC_NOT_IN_WRITE,ORG_IN_PRIOR_findFirst,server/src/services/soc2Service.ts:794-874,"const existing = await prisma.sOC2EvidenceSample.findFirst({ where: { id; organizationId } });",2026-05-25T16:30:00Z,L7_chunk_13
629,./server/src/services/soc2Service.ts,865,sOC2Exception,.create(,ORG_SCOPED,ORG_IN_WHERE_OR_DATA,server/src/services/soc2Service.ts:829-909,"data: { organizationId: data.organizationId; engagementId: data.engagementId; controlId: data.controlId; ...}",2026-05-25T16:30:00Z,L7_chunk_13
630,./server/src/services/soc2Service.ts,949,sOC2Exception,.update(,ORG_SCOPED,ORG_IN_PRIOR_findFirst,server/src/services/soc2Service.ts:930-1010,"const existing = await prisma.sOC2Exception.findFirst({ where: { id; organizationId } });",2026-05-25T16:30:00Z,L7_chunk_13
631,./server/src/services/soc2Service.ts,1018,sOC2CUEC,.create(,ORG_SCOPED,ORG_IN_WHERE_OR_DATA,server/src/services/soc2Service.ts:1004-1084,"data: { organizationId: data.organizationId; engagementId: data.engagementId; criteriaCategory: data.criteriaCategory; ...}",2026-05-25T16:30:00Z,L7_chunk_13
632,./server/src/services/soc2Service.ts,1078,sOC2ManagementAssertion,.create(,ORG_SCOPED,ORG_IN_WHERE_OR_DATA,server/src/services/soc2Service.ts:1057-1137,"data: { organizationId: data.organizationId; engagementId: data.engagementId; assertionType: data.assertionType; ...}",2026-05-25T16:30:00Z,L7_chunk_13
633,./server/src/services/sodService.ts,112,soDRule,.create(,ORG_SCOPED,ORG_IN_WHERE_OR_DATA,server/src/services/sodService.ts:109-189,"data: { id; organizationId: data.organizationId; name: data.name; ...}",2026-05-25T16:30:00Z,L7_chunk_13
634,./server/src/services/sodService.ts,230,soDRule,.update(,ORG_IN_FUNC_NOT_IN_WRITE,ORG_IN_PRIOR_findFirst,server/src/services/sodService.ts:209-245,"const existing = await this.getSoDRule(id; organizationId); -- getSoDRule wraps findFirst with org filter",2026-05-25T16:30:00Z,L7_chunk_13
635,./server/src/services/sodService.ts,254,soDRule,.delete(,ORG_SCOPED,ORG_IN_PRIOR_findFirst,server/src/services/sodService.ts:250-267,"const existing = await this.getSoDRule(id; organizationId); -- gated by org-filtered findFirst",2026-05-25T16:30:00Z,L7_chunk_13
636,./server/src/services/sodService.ts,279,soDViolation,.create(,ORG_SCOPED,ORG_IN_WHERE_OR_DATA,server/src/services/sodService.ts:276-309,"data: { id; organizationId: data.organizationId; ruleId: data.ruleId; ...}",2026-05-25T16:30:00Z,L7_chunk_13
637,./server/src/services/sodService.ts,511,soDViolation,.update(,ORG_SCOPED,ORG_IN_PRIOR_findFirst,server/src/services/sodService.ts:502-540,"const existing = await this.getSoDViolation(violationId; organizationId); -- org-gated lookup",2026-05-25T16:30:00Z,L7_chunk_13
638,./server/src/services/sodService.ts,548,soDViolation,.update(,ORG_SCOPED,ORG_IN_PRIOR_findFirst,server/src/services/sodService.ts:539-575,"const existing = await this.getSoDViolation(violationId; organizationId); -- org-gated lookup",2026-05-25T16:30:00Z,L7_chunk_13
639,./server/src/services/sodService.ts,585,soDViolation,.update(,ORG_SCOPED,ORG_IN_PRIOR_findFirst,server/src/services/sodService.ts:576-620,"const existing = await this.getSoDViolation(violationId; organizationId); -- org-gated lookup",2026-05-25T16:30:00Z,L7_chunk_13
640,./server/src/services/sodService.ts,1057,soDViolation,.update(,ORG_IN_FUNC_NOT_IN_WRITE,ORG_IN_PRIOR_findFirst,server/src/services/sodService.ts:1024-1077,"const violation = await prisma.soDViolation.findFirst({ where: { id: violationId; organizationId } });",2026-05-25T16:30:00Z,L7_chunk_13
641,./server/src/services/sodService.ts,1119,soDViolation,.update(,ORG_IN_FUNC_NOT_IN_WRITE,ORG_IN_PRIOR_findFirst,server/src/services/sodService.ts:1082-1139,"const violation = await prisma.soDViolation.findFirst({ where: { id: violationId; organizationId } });",2026-05-25T16:30:00Z,L7_chunk_13
642,./server/src/services/sodService.ts,1168,soDViolation,.update(,ORG_IN_FUNC_NOT_IN_WRITE,ORG_IN_PRIOR_findFirst,server/src/services/sodService.ts:1144-1188,"const violation = await prisma.soDViolation.findFirst({ where: { id: violationId; organizationId } });",2026-05-25T16:30:00Z,L7_chunk_13
643,./server/src/services/soxService.ts,128,sOXControl,.create(,ORG_SCOPED,ORG_IN_WHERE_OR_DATA,server/src/services/soxService.ts:90-170,"data: { id; organizationId: data.organizationId; controlNumber; title: data.title; ...}",2026-05-25T16:30:00Z,L7_chunk_13
644,./server/src/services/soxService.ts,238,sOXControl,.update(,ORG_IN_FUNC_NOT_IN_WRITE,ORG_IN_PRIOR_findFirst,server/src/services/soxService.ts:206-253,"const existing = await this.getSOXControlById(id; organizationId); -- org-filtered findFirst",2026-05-25T16:30:00Z,L7_chunk_13
645,./server/src/services/soxService.ts,260,sOXControl,.deleteMany(,ORG_SCOPED,ORG_IN_WHERE_OR_DATA,server/src/services/soxService.ts:256-273,"await prisma.sOXControl.deleteMany({ where: { id; organizationId } });",2026-05-25T16:30:00Z,L7_chunk_13
646,./server/src/services/soxService.ts,335,sOXTestResult,.create(,ORG_IN_FUNC_NOT_IN_WRITE,PARENT_ORG_VERIFIED,server/src/services/soxService.ts:280-378,"const parentControl = await prisma.sOXControl.findFirst({ where: { id: data.controlId; organizationId: data.organizationId } });",2026-05-25T16:30:00Z,L7_chunk_13
647,./server/src/services/soxService.ts,369,sOXControl,.update(,ORG_IN_FUNC_NOT_IN_WRITE,PARENT_ORG_VERIFIED,server/src/services/soxService.ts:280-378,"earlier in same func: prisma.sOXControl.findFirst({ where: { id: data.controlId; organizationId: data.organizationId } });",2026-05-25T16:30:00Z,L7_chunk_13
648,./server/src/services/soxService.ts,470,sOXTestResult,.update(,ORG_SCOPED,ORG_IN_WHERE_OR_DATA,server/src/services/soxService.ts:445-485,"where: { id; control: { organizationId } }; -- parent-relation org filter in where",2026-05-25T16:30:00Z,L7_chunk_13
649,./server/src/services/soxService.ts,492,sOXTestResult,.delete(,ORG_SCOPED,ORG_IN_WHERE_OR_DATA,server/src/services/soxService.ts:488-502,"await prisma.sOXTestResult.delete({ where: { id; control: { organizationId } } });",2026-05-25T16:30:00Z,L7_chunk_13
650,./server/src/services/soxService.ts,545,sOXAssessment,.create(,ORG_SCOPED,ORG_IN_WHERE_OR_DATA,server/src/services/soxService.ts:511-591,"data: { id; organizationId: data.organizationId; assessmentYear; assessmentType: data.assessmentType; ...}",2026-05-25T16:30:00Z,L7_chunk_13
651,./server/src/services/soxService.ts,634,sOXAssessment,.update(,ORG_IN_FUNC_NOT_IN_WRITE,ORG_IN_PRIOR_findFirst,server/src/services/soxService.ts:600-648,"const existing = await this.getSOXAssessmentById(id; organizationId);",2026-05-25T16:30:00Z,L7_chunk_14
652,./server/src/services/soxService.ts,656,sOXAssessment,.deleteMany(,ORG_SCOPED,ORG_IN_WHERE_OR_DATA,server/src/services/soxService.ts:651-668,"await prisma.sOXAssessment.deleteMany({ where: { id; organizationId } });",2026-05-25T16:30:00Z,L7_chunk_14
653,./server/src/services/soxService.ts,1118,sOXControl,.update(,ORG_IN_FUNC_NOT_IN_WRITE,ORG_IN_PRIOR_findFirst,server/src/services/soxService.ts:997-1124,"const control = await this.getSOXControlById(controlId; organizationId);",2026-05-25T16:30:00Z,L7_chunk_14
654,./server/src/services/stripeService.ts,158,stripe.products,.create(,ORG_IN_FUNC_NOT_IN_WRITE,NOT_PRISMA_FALSE_POSITIVE,server/src/services/stripeService.ts:134-195,"const product = await stripe.products.create({",2026-05-25T16:30:00Z,L7_chunk_14
655,./server/src/services/stripeService.ts,167,stripe.prices,.create(,ORG_IN_FUNC_NOT_IN_WRITE,NOT_PRISMA_FALSE_POSITIVE,server/src/services/stripeService.ts:134-195,"const annualPrice = await stripe.prices.create({",2026-05-25T16:30:00Z,L7_chunk_14
656,./server/src/services/stripeService.ts,180,stripe.prices,.create(,ORG_IN_FUNC_NOT_IN_WRITE,NOT_PRISMA_FALSE_POSITIVE,server/src/services/stripeService.ts:134-195,"const monthlyPrice = await stripe.prices.create({",2026-05-25T16:30:00Z,L7_chunk_14
657,./server/src/services/stripeService.ts,212,stripe.customers,.create(,ORG_SCOPED,NOT_PRISMA_FALSE_POSITIVE,server/src/services/stripeService.ts:205-233,"const customer = await stripe.customers.create({",2026-05-25T16:30:00Z,L7_chunk_14
658,./server/src/services/stripeService.ts,222,organization,.update(,ORG_SCOPED,ORG_IN_WHERE_OR_DATA,server/src/services/stripeService.ts:205-233,"await prisma.organization.update({ where: { id: organizationId }; data: { stripeCustomerId: customer.id } });",2026-05-25T16:30:00Z,L7_chunk_14
659,./server/src/services/stripeService.ts,328,stripe.checkout.sessions,.create(,ORG_IN_FUNC_NOT_IN_WRITE,NOT_PRISMA_FALSE_POSITIVE,server/src/services/stripeService.ts:238-336,"const session = await stripe.checkout.sessions.create(sessionParams);",2026-05-25T16:30:00Z,L7_chunk_14
660,./server/src/services/stripeService.ts,343,stripe.billingPortal.sessions,.create(,ORG_IN_FUNC_NOT_IN_WRITE,NOT_PRISMA_FALSE_POSITIVE,server/src/services/stripeService.ts:341-353,"const session = await stripe.billingPortal.sessions.create({",2026-05-25T16:30:00Z,L7_chunk_14
661,./server/src/services/stripeService.ts,494,stripe.subscriptions,.update(,ORG_IN_FUNC_NOT_IN_WRITE,NOT_PRISMA_FALSE_POSITIVE,server/src/services/stripeService.ts:468-539,"await stripe.subscriptions.update(org.stripeSubscriptionId; {",2026-05-25T16:30:00Z,L7_chunk_14
662,./server/src/services/stripeService.ts,511,organization,.update(,ORG_SCOPED,ORG_IN_WHERE_OR_DATA,server/src/services/stripeService.ts:468-539,"await tx.organization.update({ where: { id: organizationId };",2026-05-25T16:30:00Z,L7_chunk_14
663,./server/src/services/stripeService.ts,519,subscriptionHistory,.create(,ORG_SCOPED,ORG_IN_WHERE_OR_DATA,server/src/services/stripeService.ts:468-539,"await tx.subscriptionHistory.create({ data: { organizationId;",2026-05-25T16:30:00Z,L7_chunk_14
664,./server/src/services/stripeService.ts,560,stripe.subscriptions,.update(,ORG_IN_FUNC_NOT_IN_WRITE,NOT_PRISMA_FALSE_POSITIVE,server/src/services/stripeService.ts:544-620,"await stripe.subscriptions.update(org.stripeSubscriptionId; {",2026-05-25T16:30:00Z,L7_chunk_14
665,./server/src/services/stripeService.ts,566,organization,.update(,ORG_SCOPED,ORG_IN_WHERE_OR_DATA,server/src/services/stripeService.ts:544-620,"await tx.organization.update({ where: { id: organizationId };",2026-05-25T16:30:00Z,L7_chunk_14
666,./server/src/services/stripeService.ts,571,subscriptionHistory,.create(,ORG_SCOPED,ORG_IN_WHERE_OR_DATA,server/src/services/stripeService.ts:544-620,"await tx.subscriptionHistory.create({ data: { organizationId;",2026-05-25T16:30:00Z,L7_chunk_14
667,./server/src/services/stripeService.ts,589,organization,.update(,ORG_SCOPED,ORG_IN_WHERE_OR_DATA,server/src/services/stripeService.ts:544-620,"await tx.organization.update({ where: { id: organizationId };",2026-05-25T16:30:00Z,L7_chunk_14
668,./server/src/services/stripeService.ts,599,subscriptionHistory,.create(,ORG_SCOPED,ORG_IN_WHERE_OR_DATA,server/src/services/stripeService.ts:544-620,"await tx.subscriptionHistory.create({ data: { organizationId;",2026-05-25T16:30:00Z,L7_chunk_14
669,./server/src/services/stripeService.ts,635,stripe.subscriptions,.update(,ORG_SCOPED,NOT_PRISMA_FALSE_POSITIVE,server/src/services/stripeService.ts:625-663,"await stripe.subscriptions.update(org.stripeSubscriptionId; {",2026-05-25T16:30:00Z,L7_chunk_14
670,./server/src/services/stripeService.ts,639,organization,.update(,ORG_SCOPED,ORG_IN_WHERE_OR_DATA,server/src/services/stripeService.ts:625-663,"await prisma.organization.update({ where: { id: organizationId };",2026-05-25T16:30:00Z,L7_chunk_14
671,./server/src/services/stripeService.ts,645,subscriptionHistory,.create(,ORG_SCOPED,ORG_IN_WHERE_OR_DATA,server/src/services/stripeService.ts:625-663,"await prisma.subscriptionHistory.create({ data: { organizationId;",2026-05-25T16:30:00Z,L7_chunk_14
672,./server/src/services/stripeService.ts,684,stripe.subscriptionItems,.create(,ORG_IN_FUNC_NOT_IN_WRITE,NOT_PRISMA_FALSE_POSITIVE,server/src/services/stripeService.ts:668-721,"await stripe.subscriptionItems.create({",2026-05-25T16:30:00Z,L7_chunk_14
673,./server/src/services/stripeService.ts,693,organization,.update(,ORG_SCOPED,ORG_IN_WHERE_OR_DATA,server/src/services/stripeService.ts:668-721,"await prisma.organization.update({ where: { id: organizationId };",2026-05-25T16:30:00Z,L7_chunk_14
674,./server/src/services/stripeService.ts,702,subscriptionHistory,.create(,ORG_SCOPED,ORG_IN_WHERE_OR_DATA,server/src/services/stripeService.ts:668-721,"await prisma.subscriptionHistory.create({ data: { organizationId;",2026-05-25T16:30:00Z,L7_chunk_14
675,./server/src/services/stripeService.ts,747,organization,.update(,ORG_SCOPED,ORG_IN_WHERE_OR_DATA,server/src/services/stripeService.ts:726-774,"await prisma.organization.update({ where: { id: organizationId };",2026-05-25T16:30:00Z,L7_chunk_14
676,./server/src/services/stripeService.ts,755,subscriptionHistory,.create(,ORG_SCOPED,ORG_IN_WHERE_OR_DATA,server/src/services/stripeService.ts:726-774,"await prisma.subscriptionHistory.create({ data: { organizationId;",2026-05-25T16:30:00Z,L7_chunk_14
677,./server/src/services/stripeService.ts,797,stripeEvent,.create(,ORG_IN_FUNC_NOT_IN_WRITE,SYSTEM_LEVEL_NO_ORG_REQUIRED,server/src/services/stripeService.ts:779-852,"await prisma.stripeEvent.create({ data: { eventId: event.id; type: event.type; data: event.data as any } });",2026-05-25T16:30:00Z,L7_chunk_14
678,./server/src/services/stripeService.ts,842,stripeEvent,.update(,ORG_IN_FUNC_NOT_IN_WRITE,SYSTEM_LEVEL_NO_ORG_REQUIRED,server/src/services/stripeService.ts:779-852,"await prisma.stripeEvent.update({ where: { eventId: event.id }; data: { processed: true } });",2026-05-25T16:30:00Z,L7_chunk_14
679,./server/src/services/stripeService.ts,895,organization,.update(,ORG_SCOPED,ORG_IN_WHERE_OR_DATA,server/src/services/stripeService.ts:857-943,"await tx.organization.update({ where: { id: organizationId };",2026-05-25T16:30:00Z,L7_chunk_14
680,./server/src/services/stripeService.ts,910,subscriptionHistory,.create(,ORG_SCOPED,ORG_IN_WHERE_OR_DATA,server/src/services/stripeService.ts:857-943,"await tx.subscriptionHistory.create({ data: { organizationId;",2026-05-25T16:30:00Z,L7_chunk_14
681,./server/src/services/stripeService.ts,954,organization,.update(,ORG_SCOPED,ORG_IN_WHERE_OR_DATA,server/src/services/stripeService.ts:948-966,"await prisma.organization.update({ where: { id: organizationId };",2026-05-25T16:30:00Z,L7_chunk_14
682,./server/src/services/stripeService.ts,999,organization,.update(,ORG_IN_FUNC_NOT_IN_WRITE,ORG_IN_WHERE_OR_DATA,server/src/services/stripeService.ts:971-1025,"await prisma.organization.update({ where: { id: organization.id };",2026-05-25T16:30:00Z,L7_chunk_14
683,./server/src/services/stripeService.ts,1011,subscriptionHistory,.create(,ORG_SCOPED,ORG_IN_WHERE_OR_DATA,server/src/services/stripeService.ts:971-1025,"await prisma.subscriptionHistory.create({ data: { organizationId: organization.id;",2026-05-25T16:30:00Z,L7_chunk_14
684,./server/src/services/stripeService.ts,1041,organization,.update(,ORG_IN_FUNC_NOT_IN_WRITE,ORG_IN_WHERE_OR_DATA,server/src/services/stripeService.ts:1030-1066,"await prisma.organization.update({ where: { id: organization.id };",2026-05-25T16:30:00Z,L7_chunk_14
685,./server/src/services/stripeService.ts,1053,subscriptionHistory,.create(,ORG_SCOPED,ORG_IN_WHERE_OR_DATA,server/src/services/stripeService.ts:1030-1066,"await prisma.subscriptionHistory.create({ data: { organizationId: organization.id;",2026-05-25T16:30:00Z,L7_chunk_14
686,./server/src/services/stripeService.ts,1086,organization,.update(,ORG_IN_FUNC_NOT_IN_WRITE,ORG_IN_WHERE_OR_DATA,server/src/services/stripeService.ts:1071-1105,"await prisma.organization.update({ where: { id: organization.id };",2026-05-25T16:30:00Z,L7_chunk_14
687,./server/src/services/stripeService.ts,1091,subscriptionHistory,.create(,ORG_SCOPED,ORG_IN_WHERE_OR_DATA,server/src/services/stripeService.ts:1071-1105,"await prisma.subscriptionHistory.create({ data: { organizationId: organization.id;",2026-05-25T16:30:00Z,L7_chunk_14
688,./server/src/services/stripeService.ts,1123,organization,.update(,ORG_IN_FUNC_NOT_IN_WRITE,ORG_IN_WHERE_OR_DATA,server/src/services/stripeService.ts:1110-1170,"await prisma.organization.update({ where: { id: organization.id }; data: { subscriptionStatus: 'past_due' } });",2026-05-25T16:30:00Z,L7_chunk_14
689,./server/src/services/stripeService.ts,1128,subscriptionHistory,.create(,ORG_SCOPED,ORG_IN_WHERE_OR_DATA,server/src/services/stripeService.ts:1110-1170,"await prisma.subscriptionHistory.create({ data: { organizationId: organization.id;",2026-05-25T16:30:00Z,L7_chunk_14
690,./server/src/services/stripeService.ts,1257,featureSubscription,.create(,ORG_SCOPED,ORG_IN_WHERE_OR_DATA,server/src/services/stripeService.ts:1227-1288,"await prisma.featureSubscription.create({ data: { organizationId: organization.id;",2026-05-25T16:30:00Z,L7_chunk_14
691,./server/src/services/stripeService.ts,1277,featureSubscription,.update(,ORG_SCOPED,SYSTEM_LEVEL_NO_ORG_REQUIRED,server/src/services/stripeService.ts:1227-1288,"// Webhook handler; featureSubscription loaded via unique stripeSubscriptionItemId; status update only",2026-05-25T16:30:00Z,L7_chunk_14
692,./server/src/services/stripeService.ts,1308,featureSubscription,.update(,ORG_IN_FUNC_NOT_IN_WRITE,SYSTEM_LEVEL_NO_ORG_REQUIRED,server/src/services/stripeService.ts:1293-1322,"const featureSubscription = await prisma.featureSubscription.findUnique({ where: { stripeSubscriptionItemId: subscriptionItem.id } });",2026-05-25T16:30:00Z,L7_chunk_14
693,./server/src/services/stripeService.ts,1344,featureSubscription,.update(,ORG_IN_FUNC_NOT_IN_WRITE,SYSTEM_LEVEL_NO_ORG_REQUIRED,server/src/services/stripeService.ts:1327-1392,"const featureSubscription = await prisma.featureSubscription.findUnique({ where: { stripeSubscriptionItemId: subscriptionItem.id } });",2026-05-25T16:30:00Z,L7_chunk_14
694,./server/src/services/stripeService.ts,1353,featureSubscription,.update(,ORG_IN_FUNC_NOT_IN_WRITE,SYSTEM_LEVEL_NO_ORG_REQUIRED,server/src/services/stripeService.ts:1327-1392,"await prisma.featureSubscription.update({ where: { id: featureSubscription.id }; data: { status: 'canceled'; ... } });",2026-05-25T16:30:00Z,L7_chunk_14
695,./server/src/services/stripeService.ts,1370,subscriptionHistory,.create(,ORG_SCOPED,ORG_IN_WHERE_OR_DATA,server/src/services/stripeService.ts:1327-1392,"await prisma.subscriptionHistory.create({ data: { organizationId: featureSubscription.organizationId;",2026-05-25T16:30:00Z,L7_chunk_14
696,./server/src/services/stripeService.ts,1431,stripe.refunds,.create(,ORG_SCOPED,NOT_PRISMA_FALSE_POSITIVE,server/src/services/stripeService.ts:1397-1459,"const refund = await stripe.refunds.create(refundParams);",2026-05-25T16:30:00Z,L7_chunk_14
697,./server/src/services/stripeService.ts,1434,subscriptionHistory,.create(,ORG_SCOPED,ORG_IN_WHERE_OR_DATA,server/src/services/stripeService.ts:1397-1459,"await prisma.subscriptionHistory.create({ data: { organizationId: data.organizationId;",2026-05-25T16:30:00Z,L7_chunk_14
698,./server/src/services/stripeService.ts,1504,stripe.products,.create(,ORG_SCOPED,NOT_PRISMA_FALSE_POSITIVE,server/src/services/stripeService.ts:1464-1552,"const product = await stripe.products.create({",2026-05-25T16:30:00Z,L7_chunk_14
699,./server/src/services/stripeService.ts,1514,stripe.prices,.create(,ORG_IN_FUNC_NOT_IN_WRITE,NOT_PRISMA_FALSE_POSITIVE,server/src/services/stripeService.ts:1464-1552,"const price = await stripe.prices.create({",2026-05-25T16:30:00Z,L7_chunk_14
700,./server/src/services/stripeService.ts,1524,stripe.quotes,.create(,ORG_IN_FUNC_NOT_IN_WRITE,NOT_PRISMA_FALSE_POSITIVE,server/src/services/stripeService.ts:1464-1552,"const quote = await stripe.quotes.create({",2026-05-25T16:30:00Z,L7_chunk_14
701,./server/src/services/tierService.ts,517,usageTracking,.upsert(,ORG_SCOPED,ORG_IN_WHERE_OR_DATA,server/src/services/tierService.ts:499-540,"organizationId_metricType_period: { organizationId; metricType; period; };",2026-05-25T16:30:00Z,L7_chunk_15
702,./server/src/services/tokenBlacklistService.ts,25,crypto,.update(,NO_ORG_CHECK,NOT_PRISMA_FALSE_POSITIVE,server/src/services/tokenBlacklistService.ts:15-35,"return crypto.createHash('sha256').update(token).digest('hex');",2026-05-25T16:30:00Z,L7_chunk_15
703,./server/src/services/trustCenterService.ts,36,trustCertificate,.create(,ORG_SCOPED,ORG_IN_WHERE_OR_DATA,server/src/services/trustCenterService.ts:25-50,"organizationId: data.organizationId;",2026-05-25T16:30:00Z,L7_chunk_15
704,./server/src/services/trustCenterService.ts,216,trustCertificate,.update(,ORG_IN_FUNC_NOT_IN_WRITE,ORG_IN_PRIOR_findFirst,server/src/services/trustCenterService.ts:203-234,"const existing = await prisma.trustCertificate.findFirst({ where: { id: certificateId; organizationId } });",2026-05-25T16:30:00Z,L7_chunk_15
705,./server/src/services/twoFactorService.ts,51,user,.update(,NO_ORG_CHECK,USER_SELF_NO_ORG_REQUIRED,server/src/services/twoFactorService.ts:31-73,"await prisma.user.update({ where: { id: userId }; data: { twoFactorSecret: this.encryptSecret(secret.base32); twoFactorVerified: false } });",2026-05-25T16:30:00Z,L7_chunk_15
706,./server/src/services/twoFactorService.ts,109,user,.update(,NO_ORG_CHECK,USER_SELF_NO_ORG_REQUIRED,server/src/services/twoFactorService.ts:78-158,"await prisma.user.update({ where: { id: userId }; data: { twoFactorEnabled: true; twoFactorVerified: true } });",2026-05-25T16:30:00Z,L7_chunk_15
707,./server/src/services/twoFactorService.ts,189,twoFactorBackupCode,.update(,NO_ORG_CHECK,USER_SELF_NO_ORG_REQUIRED,server/src/services/twoFactorService.ts:175-255,"await prisma.twoFactorBackupCode.update({ where: { id: backupCode.id }; data: { used: true; usedAt: new Date() } });",2026-05-25T16:30:00Z,L7_chunk_15
708,./server/src/services/twoFactorService.ts,225,user,.update(,NO_ORG_CHECK,USER_SELF_NO_ORG_REQUIRED,server/src/services/twoFactorService.ts:213-293,"await prisma.user.update({ where: { id: userId }; data: { twoFactorEnabled: false; twoFactorSecret: null; twoFactorVerified: false } });",2026-05-25T16:30:00Z,L7_chunk_15
709,./server/src/services/twoFactorService.ts,235,twoFactorBackupCode,.deleteMany(,NO_ORG_CHECK,USER_SELF_NO_ORG_REQUIRED,server/src/services/twoFactorService.ts:213-293,"await prisma.twoFactorBackupCode.deleteMany({ where: { userId } });",2026-05-25T16:30:00Z,L7_chunk_15
710,./server/src/services/twoFactorService.ts,260,twoFactorBackupCode,.deleteMany(,NO_ORG_CHECK,USER_SELF_NO_ORG_REQUIRED,server/src/services/twoFactorService.ts:250-330,"await prisma.twoFactorBackupCode.deleteMany({ where: { userId } });",2026-05-25T16:30:00Z,L7_chunk_15
711,./server/src/services/twoFactorService.ts,371,crypto,.update(,NO_ORG_CHECK,NOT_PRISMA_FALSE_POSITIVE,server/src/services/twoFactorService.ts:367-433,"const salt = crypto.createHash('sha256').update(process.env.ENCRYPTION_KEY).digest().subarray(0; 16);",2026-05-25T16:30:00Z,L7_chunk_15
712,./server/src/services/twoFactorService.ts,386,cipher,.update(,NO_ORG_CHECK,NOT_PRISMA_FALSE_POSITIVE,server/src/services/twoFactorService.ts:381-394,"let encrypted = cipher.update(secret; 'utf8'; 'hex');",2026-05-25T16:30:00Z,L7_chunk_15
713,./server/src/services/twoFactorService.ts,413,decipher,.update(,NO_ORG_CHECK,NOT_PRISMA_FALSE_POSITIVE,server/src/services/twoFactorService.ts:401-433,"let decrypted = decipher.update(ciphertext; 'hex'; 'utf8');",2026-05-25T16:30:00Z,L7_chunk_15
714,./server/src/services/twoFactorService.ts,421,decipher,.update(,NO_ORG_CHECK,NOT_PRISMA_FALSE_POSITIVE,server/src/services/twoFactorService.ts:401-433,"let decrypted = decipher.update(encrypted; 'hex'; 'utf8');",2026-05-25T16:30:00Z,L7_chunk_15
715,./server/src/services/vendorRiskService.ts,38,vendor,.create(,ORG_SCOPED,ORG_IN_WHERE_OR_DATA,server/src/services/vendorRiskService.ts:16-86,"organizationId: data.organizationId;",2026-05-25T16:30:00Z,L7_chunk_15
716,./server/src/services/vendorRiskService.ts,65,vendorAssessment,.create(,ORG_IN_FUNC_NOT_IN_WRITE,PARENT_ORG_VERIFIED,server/src/services/vendorRiskService.ts:16-86,"const vendor = await tx.vendor.create({ data: { ... organizationId: data.organizationId ... } }); await tx.vendorAssessment.create({ data: { vendorId: vendor.id ... } });",2026-05-25T16:30:00Z,L7_chunk_15
717,./server/src/services/vendorRiskService.ts,104,vendorAssessment,.create(,ORG_IN_FUNC_NOT_IN_WRITE,PARENT_ORG_VERIFIED,server/src/services/vendorRiskService.ts:90-115,"const vendor = await prisma.vendor.findFirst({ where: { id: data.vendorId; organizationId: data.organizationId } });",2026-05-25T16:30:00Z,L7_chunk_15
718,./server/src/services/vendorRiskService.ts,152,vendorAssessment,.update(,ORG_SCOPED,PARENT_ORG_VERIFIED,server/src/services/vendorRiskService.ts:131-211,"if (!existing || existing.vendor.organizationId !== organizationId) { throw new AppError('Assessment not found'; 404); }",2026-05-25T16:30:00Z,L7_chunk_15
719,./server/src/services/vendorRiskService.ts,168,vendor,.update(,ORG_IN_FUNC_NOT_IN_WRITE,PARENT_ORG_VERIFIED,server/src/services/vendorRiskService.ts:131-211,"if (!existing || existing.vendor.organizationId !== organizationId) { throw new AppError('Assessment not found'; 404); }",2026-05-25T16:30:00Z,L7_chunk_15
720,./server/src/services/vendorRiskService.ts,203,vendorReview,.create(,ORG_SCOPED,GAP_HIGH,server/src/services/vendorRiskService.ts:196-226,"const review = await prisma.vendorReview.create({ data: { vendorId: data.vendorId ... } }); // no findFirst on vendor org check before this create",2026-05-25T16:30:00Z,L7_chunk_15
721,./server/src/services/vendorRiskService.ts,243,vendorReview,.update(,ORG_SCOPED,GAP_HIGH,server/src/services/vendorRiskService.ts:231-277,"const review = await tx.vendorReview.update({ where: { id: reviewId } ... }); // no parent vendor org check before this update",2026-05-25T16:30:00Z,L7_chunk_15
722,./server/src/services/vendorRiskService.ts,256,vendor,.update(,ORG_IN_FUNC_NOT_IN_WRITE,GAP_HIGH,server/src/services/vendorRiskService.ts:231-277,"await tx.vendor.update({ where: { id: review.vendorId } ... }); // reviewId never verified to belong to caller org",2026-05-25T16:30:00Z,L7_chunk_15
723,./server/src/services/vendorRiskService.ts,289,vendorMonitor,.create(,ORG_SCOPED,GAP_HIGH,server/src/services/vendorRiskService.ts:279-311,"const monitor = await prisma.vendorMonitor.create({ data: { vendorId: data.vendorId ... } }); // no findFirst verifying vendor org",2026-05-25T16:30:00Z,L7_chunk_15
724,./server/src/services/vendorRiskService.ts,326,vendorMonitor,.update(,ORG_SCOPED,GAP_HIGH,server/src/services/vendorRiskService.ts:316-351,"const monitor = await prisma.vendorMonitor.update({ where: { id: monitorId } ... }); // monitorId never verified to belong to caller org",2026-05-25T16:30:00Z,L7_chunk_15
725,./server/src/services/vendorRiskService.ts,585,vendor,.update(,ORG_SCOPED,ORG_IN_PRIOR_findFirst,server/src/services/vendorRiskService.ts:552-632,"const existing = await prisma.vendor.findFirst({ where: { id: vendorId; organizationId } });",2026-05-25T16:30:00Z,L7_chunk_15
726,./server/src/services/vendorRiskService.ts,615,vendor,.update(,ORG_SCOPED,ORG_IN_PRIOR_findFirst,server/src/services/vendorRiskService.ts:609-689,"const existing = await prisma.vendor.findFirst({ where: { id: vendorId; organizationId } });",2026-05-25T16:30:00Z,L7_chunk_15
727,./server/src/services/visionaryAIService.ts,294,policy,.create(,ORG_SCOPED,ORG_IN_WHERE_OR_DATA,server/src/services/visionaryAIService.ts:205-305,"data: { organizationId; title: parsed.title ... }",2026-05-25T16:30:00Z,L7_chunk_15
728,./server/src/services/visionaryAIService.ts,766,frameworkControl,.update(,ORG_SCOPED,GAP_HIGH,server/src/services/visionaryAIService.ts:760-779,"await prisma.frameworkControl.update({ where: { id: action.controlId }; data: { status: 'In_Progress' } }); // no verification controlId belongs to caller org",2026-05-25T16:30:00Z,L7_chunk_15
729,./server/src/services/webhookService.ts,152,webhook,.create(,ORG_SCOPED,ORG_IN_WHERE_OR_DATA,server/src/services/webhookService.ts:144-165,"organizationId: options.organizationId;",2026-05-25T16:30:00Z,L7_chunk_15
730,./server/src/services/webhookService.ts,192,webhook,.update(,ORG_SCOPED,ORG_IN_WHERE_OR_DATA,server/src/services/webhookService.ts:182-202,"where: { id: webhookId; organizationId; }",2026-05-25T16:30:00Z,L7_chunk_15
731,./server/src/services/webhookService.ts,219,webhook,.delete(,ORG_SCOPED,ORG_IN_WHERE_OR_DATA,server/src/services/webhookService.ts:217-229,"where: { id: webhookId; organizationId; }",2026-05-25T16:30:00Z,L7_chunk_15
732,./server/src/services/webhookService.ts,291,webhook,.update(,ORG_SCOPED,ORG_IN_WHERE_OR_DATA,server/src/services/webhookService.ts:288-301,"where: { id: webhookId; organizationId; }",2026-05-25T16:30:00Z,L7_chunk_15
733,./server/src/services/webhookService.ts,365,webhookEvent,.create(,ORG_SCOPED,ORG_IN_WHERE_OR_DATA,server/src/services/webhookService.ts:334-414,"data: { webhookId: webhook.id; organizationId; eventType; payload: payload as any; status: 'pending' }",2026-05-25T16:30:00Z,L7_chunk_15
734,./server/src/services/webhookService.ts,411,webhookEvent,.update(,NO_ORG_CHECK,SYSTEM_LEVEL_NO_ORG_REQUIRED,server/src/services/webhookService.ts:395-475,"// Mark as processing — internal webhook delivery worker keyed by eventId from queue",2026-05-25T16:30:00Z,L7_chunk_15
735,./server/src/services/webhookService.ts,423,webhookEvent,.update(,NO_ORG_CHECK,SYSTEM_LEVEL_NO_ORG_REQUIRED,server/src/services/webhookService.ts:395-475,"// Mark as delivered — internal worker updating delivery status",2026-05-25T16:30:00Z,L7_chunk_15
736,./server/src/services/webhookService.ts,436,webhook,.update(,NO_ORG_CHECK,SYSTEM_LEVEL_NO_ORG_REQUIRED,server/src/services/webhookService.ts:395-475,"// Update webhook success stats — internal counters updated by delivery worker",2026-05-25T16:30:00Z,L7_chunk_15
737,./server/src/services/webhookService.ts,448,webhookEvent,.update(,NO_ORG_CHECK,SYSTEM_LEVEL_NO_ORG_REQUIRED,server/src/services/webhookService.ts:395-475,"// Exhausted retries — internal delivery worker bookkeeping",2026-05-25T16:30:00Z,L7_chunk_15
738,./server/src/services/webhookService.ts,459,webhook,.update(,NO_ORG_CHECK,SYSTEM_LEVEL_NO_ORG_REQUIRED,server/src/services/webhookService.ts:395-475,"// Increment failure count — internal counter on webhook record by worker",2026-05-25T16:30:00Z,L7_chunk_15
739,./server/src/services/webhookService.ts,470,webhookEvent,.update(,NO_ORG_CHECK,SYSTEM_LEVEL_NO_ORG_REQUIRED,server/src/services/webhookService.ts:395-475,"// Schedule retry — internal worker updating delivery state",2026-05-25T16:30:00Z,L7_chunk_15
740,./server/src/services/webhookService.ts,565,hmac,.update(,NO_ORG_CHECK,NOT_PRISMA_FALSE_POSITIVE,server/src/services/webhookService.ts:561-568,"hmac.update(signaturePayload);",2026-05-25T16:30:00Z,L7_chunk_15
741,./server/src/services/webhookService.ts,599,hmac,.update(,NO_ORG_CHECK,NOT_PRISMA_FALSE_POSITIVE,server/src/services/webhookService.ts:573-609,"hmac.update(signaturePayload);",2026-05-25T16:30:00Z,L7_chunk_15
742,./server/src/services/webhookService.ts,665,webhookEvent,.update(,ORG_IN_FUNC_NOT_IN_WRITE,ORG_IN_PRIOR_findFirst,server/src/services/webhookService.ts:651-728,"async retryEvent(eventId: string; organizationId: string): Promise<boolean> { ... findUnique/findFirst gated by organizationId precedes the update",2026-05-25T16:30:00Z,L7_chunk_15
743,./server/src/services/webhookService.ts,716,webhookEvent,.deleteMany(,NO_ORG_CHECK,SYSTEM_LEVEL_NO_ORG_REQUIRED,server/src/services/webhookService.ts:712-725,"// Clean up old webhook events (for maintenance) — system-wide scheduled cleanup",2026-05-25T16:30:00Z,L7_chunk_15
744,./server/src/services/websocketService.ts,164,Map,.delete(,ORG_SCOPED,NOT_PRISMA_FALSE_POSITIVE,server/src/services/websocketService.ts:158-178,"orgSockets.delete(socket.id); // Map.delete on in-memory connectedUsers structure",2026-05-25T16:30:00Z,L7_chunk_15
745,./server/src/services/websocketService.ts,166,Map,.delete(,ORG_SCOPED,NOT_PRISMA_FALSE_POSITIVE,server/src/services/websocketService.ts:158-178,"this.connectedUsers.delete(organizationId); // Map.delete on in-memory map",2026-05-25T16:30:00Z,L7_chunk_15
746,./server/src/services/workflowEngine.ts,336,notification,.create(,ORG_SCOPED,ORG_IN_WHERE_OR_DATA,server/src/services/workflowEngine.ts:319-356,"data: { userId; organizationId; type; title; message; status: 'unread'; category: 'workflow'; channels: ['in_app'] }",2026-05-25T16:30:00Z,L7_chunk_15
747,./server/src/services/workflowEngine.ts,409,issue,.create(,ORG_SCOPED,ORG_IN_WHERE_OR_DATA,server/src/services/workflowEngine.ts:319-423,"data: { organizationId; title: taskTitle; description: taskDescription; issueType: 'Task'; category: 'workflow' ... }",2026-05-25T16:30:00Z,L7_chunk_15
748,./server/src/services/workflowEngine.ts,426,notification,.create(,ORG_SCOPED,ORG_IN_WHERE_OR_DATA,server/src/services/workflowEngine.ts:319-440,"data: { userId: assigneeId; organizationId; type: 'info'; title: 'New Task Assigned' ... }",2026-05-25T16:30:00Z,L7_chunk_15
749,./server/src/services/workflowEngine.ts,481,grcIncident,.create(,ORG_SCOPED,ORG_IN_WHERE_OR_DATA,server/src/services/workflowEngine.ts:476-491,"data: { organizationId; title: incidentTitle; description; severity ... }",2026-05-25T16:30:00Z,L7_chunk_15
750,./server/src/services/workflowEngine.ts,593,notification,.create(,ORG_SCOPED,ORG_IN_WHERE_OR_DATA,server/src/services/workflowEngine.ts:583-603,"data: { userId: (context.userId as string) || 'system'; organizationId; type: 'info'; title: 'Tag Applied' ... }",2026-05-25T16:30:00Z,L7_chunk_15
751,./server/src/services/workflowEngine.ts,625,issue,.create(,ORG_SCOPED,ORG_IN_WHERE_OR_DATA,server/src/services/workflowEngine.ts:617-637,"const escalationIssue = await prisma.issue.create({ data: { organizationId; title: ... } });",2026-05-25T16:30:00Z,L7_chunk_16
752,./server/src/services/workflowEngine.ts,641,notification,.create(,ORG_SCOPED,ORG_IN_WHERE_OR_DATA,server/src/services/workflowEngine.ts:639-653,"await prisma.notification.create({ data: { userId: escalateTo; organizationId; type: 'warning'; ... } });",2026-05-25T16:30:00Z,L7_chunk_16
753,./server/src/services/workflowEngine.ts,923,gRCWorkflow,.update(,ORG_IN_FUNC_NOT_IN_WRITE,GAP_HIGH,server/src/services/workflowEngine.ts:824-935,"await prisma.gRCWorkflow.update({ where: { id: workflowId }; data: { lastRunAt: new Date(); runCount: { increment: 1 } ... } });",2026-05-25T16:30:00Z,L7_chunk_16
754,./server/src/services/workflowEngine.ts,977,workflowExecution,.create(,ORG_IN_FUNC_NOT_IN_WRITE,GAP_HIGH,server/src/services/workflowEngine.ts:966-1000,"await prisma.workflowExecution.create({ data: { workflowId; triggeredBy: ... ; status: ... } }); // no organizationId in data; parent loaded by id only without org check",2026-05-25T16:30:00Z,L7_chunk_16
