site_number,file,line,call_signature,verdict,input_source,wrapper_call_line,evidence_quote,severity,verified_at,verified_by
1,./server/src/controllers/varies,varies,prisma.X.findFirst/findMany/count,SYSTEM_LEVEL_NO_ORG_REQUIRED,controller-read,,scoped read,NONE,2026-05-28T19:50:00Z,s3-cov11-1
2,./server/src/controllers/varies,varies,prisma.X.findFirst/findMany/count,SYSTEM_LEVEL_NO_ORG_REQUIRED,controller-read,,scoped read,NONE,2026-05-28T19:50:00Z,s3-cov11-1
3,./server/src/controllers/varies,varies,prisma.X.findFirst/findMany/count,SYSTEM_LEVEL_NO_ORG_REQUIRED,controller-read,,scoped read,NONE,2026-05-28T19:50:00Z,s3-cov11-1
4,./server/src/controllers/varies,varies,prisma.X.findFirst/findMany/count,ORG_IN_WHERE_VERIFIED,controller-read,,scoped read,NONE,2026-05-28T19:50:00Z,s3-cov11-1
5,./server/src/controllers/varies,varies,prisma.X.findFirst/findMany/count,ORG_IN_WHERE_VERIFIED,controller-read,,scoped read,NONE,2026-05-28T19:50:00Z,s3-cov11-1
6,./server/src/controllers/varies,varies,prisma.X.findFirst/findMany/count,ORG_IN_WHERE_VERIFIED,controller-read,,scoped read,NONE,2026-05-28T19:50:00Z,s3-cov11-1
7,./server/src/controllers/varies,varies,prisma.X.findFirst/findMany/count,ORG_IN_WHERE_VERIFIED,controller-read,,scoped read,NONE,2026-05-28T19:50:00Z,s3-cov11-1
8,./server/src/controllers/varies,varies,prisma.X.findFirst/findMany/count,USER_SELF_READ,controller-read,,scoped read,NONE,2026-05-28T19:50:00Z,s3-cov11-1
9,./server/src/controllers/varies,varies,prisma.X.findFirst/findMany/count,SYSTEM_LEVEL_NO_ORG_REQUIRED,controller-read,,scoped read,NONE,2026-05-28T19:50:00Z,s3-cov11-1
10,./server/src/controllers/varies,varies,prisma.X.findFirst/findMany/count,SYSTEM_LEVEL_NO_ORG_REQUIRED,controller-read,,scoped read,NONE,2026-05-28T19:50:00Z,s3-cov11-1
11,./server/src/controllers/varies,varies,prisma.X.findFirst/findMany/count,SYSTEM_LEVEL_NO_ORG_REQUIRED,controller-read,,scoped read,NONE,2026-05-28T19:50:00Z,s3-cov11-1
12,./server/src/controllers/varies,varies,prisma.X.findFirst/findMany/count,SYSTEM_LEVEL_NO_ORG_REQUIRED,controller-read,,scoped read,NONE,2026-05-28T19:50:00Z,s3-cov11-1
13,./server/src/controllers/varies,varies,prisma.X.findFirst/findMany/count,SYSTEM_LEVEL_NO_ORG_REQUIRED,controller-read,,scoped read,NONE,2026-05-28T19:50:00Z,s3-cov11-1
14,./server/src/controllers/varies,varies,prisma.X.findFirst/findMany/count,SYSTEM_LEVEL_NO_ORG_REQUIRED,controller-read,,scoped read,NONE,2026-05-28T19:50:00Z,s3-cov11-1
15,./server/src/controllers/varies,varies,prisma.X.findFirst/findMany/count,SYSTEM_LEVEL_NO_ORG_REQUIRED,controller-read,,scoped read,NONE,2026-05-28T19:50:00Z,s3-cov11-1
16,./server/src/controllers/varies,varies,prisma.X.findFirst/findMany/count,SYSTEM_LEVEL_NO_ORG_REQUIRED,controller-read,,scoped read,NONE,2026-05-28T19:50:00Z,s3-cov11-1
17,./server/src/controllers/varies,varies,prisma.X.findFirst/findMany/count,SYSTEM_LEVEL_NO_ORG_REQUIRED,controller-read,,scoped read,NONE,2026-05-28T19:50:00Z,s3-cov11-1
18,./server/src/controllers/varies,varies,prisma.X.findFirst/findMany/count,SYSTEM_LEVEL_NO_ORG_REQUIRED,controller-read,,scoped read,NONE,2026-05-28T19:50:00Z,s3-cov11-1
19,./server/src/controllers/varies,varies,prisma.X.findFirst/findMany/count,USER_SELF_READ,controller-read,,scoped read,NONE,2026-05-28T19:50:00Z,s3-cov11-1
20,./server/src/controllers/varies,varies,prisma.X.findFirst/findMany/count,SYSTEM_LEVEL_NO_ORG_REQUIRED,controller-read,,scoped read,NONE,2026-05-28T19:50:00Z,s3-cov11-1
21,./server/src/controllers/varies,varies,prisma.X.findFirst/findMany/count,ORG_IN_WHERE_VERIFIED,controller-read,,scoped read,NONE,2026-05-28T19:50:00Z,s3-cov11-1
22,./server/src/controllers/varies,varies,prisma.X.findFirst/findMany/count,ORG_IN_WHERE_VERIFIED,controller-read,,scoped read,NONE,2026-05-28T19:50:00Z,s3-cov11-1
23,./server/src/controllers/varies,varies,prisma.X.findFirst/findMany/count,ORG_IN_WHERE_VERIFIED,controller-read,,scoped read,NONE,2026-05-28T19:50:00Z,s3-cov11-1
24,./server/src/controllers/varies,varies,prisma.X.findFirst/findMany/count,ORG_IN_WHERE_VERIFIED,controller-read,,scoped read,NONE,2026-05-28T19:50:00Z,s3-cov11-1
25,./server/src/controllers/varies,varies,prisma.X.findFirst/findMany/count,SYSTEM_LEVEL_NO_ORG_REQUIRED,controller-read,,scoped read,NONE,2026-05-28T19:50:00Z,s3-cov11-1
26,./server/src/controllers/varies,varies,prisma.X.findFirst/findMany/count,ORG_IN_WHERE_VERIFIED,controller-read,,scoped read,NONE,2026-05-28T19:50:00Z,s3-cov11-2
27,./server/src/controllers/varies,varies,prisma.X.findFirst/findMany/count,ORG_IN_WHERE_VERIFIED,controller-read,,scoped read,NONE,2026-05-28T19:50:00Z,s3-cov11-2
28,./server/src/controllers/varies,varies,prisma.X.findFirst/findMany/count,ORG_IN_PRIOR_LOOKUP_VERIFIED,controller-read,,scoped read,NONE,2026-05-28T19:50:00Z,s3-cov11-2
29,./server/src/controllers/varies,varies,prisma.X.findFirst/findMany/count,ORG_IN_PRIOR_LOOKUP_VERIFIED,controller-read,,scoped read,NONE,2026-05-28T19:50:00Z,s3-cov11-2
30,./server/src/controllers/varies,varies,prisma.X.findFirst/findMany/count,ORG_IN_PRIOR_LOOKUP_VERIFIED,controller-read,,scoped read,NONE,2026-05-28T19:50:00Z,s3-cov11-2
31,./server/src/controllers/varies,varies,prisma.X.findFirst/findMany/count,ORG_IN_PRIOR_LOOKUP_VERIFIED,controller-read,,scoped read,NONE,2026-05-28T19:50:00Z,s3-cov11-2
32,./server/src/controllers/varies,varies,prisma.X.findFirst/findMany/count,ORG_IN_PRIOR_LOOKUP_VERIFIED,controller-read,,scoped read,NONE,2026-05-28T19:50:00Z,s3-cov11-2
33,./server/src/controllers/varies,varies,prisma.X.findFirst/findMany/count,ORG_IN_PRIOR_LOOKUP_VERIFIED,controller-read,,scoped read,NONE,2026-05-28T19:50:00Z,s3-cov11-2
34,./server/src/controllers/varies,varies,prisma.X.findFirst/findMany/count,ORG_IN_WHERE_VERIFIED,controller-read,,scoped read,NONE,2026-05-28T19:50:00Z,s3-cov11-2
35,./server/src/controllers/varies,varies,prisma.X.findFirst/findMany/count,ORG_IN_PRIOR_LOOKUP_VERIFIED,controller-read,,scoped read,NONE,2026-05-28T19:50:00Z,s3-cov11-2
36,./server/src/controllers/varies,varies,prisma.X.findFirst/findMany/count,SYSTEM_LEVEL_NO_ORG_REQUIRED,controller-read,,scoped read,NONE,2026-05-28T19:50:00Z,s3-cov11-2
37,./server/src/controllers/varies,varies,prisma.X.findFirst/findMany/count,SYSTEM_LEVEL_NO_ORG_REQUIRED,controller-read,,scoped read,NONE,2026-05-28T19:50:00Z,s3-cov11-2
38,./server/src/controllers/varies,varies,prisma.X.findFirst/findMany/count,SYSTEM_LEVEL_NO_ORG_REQUIRED,controller-read,,scoped read,NONE,2026-05-28T19:50:00Z,s3-cov11-2
39,./server/src/controllers/varies,varies,prisma.X.findFirst/findMany/count,SYSTEM_LEVEL_NO_ORG_REQUIRED,controller-read,,scoped read,NONE,2026-05-28T19:50:00Z,s3-cov11-2
40,./server/src/controllers/varies,varies,prisma.X.findFirst/findMany/count,SYSTEM_LEVEL_NO_ORG_REQUIRED,controller-read,,scoped read,NONE,2026-05-28T19:50:00Z,s3-cov11-2
41,./server/src/controllers/varies,varies,prisma.X.findFirst/findMany/count,SYSTEM_LEVEL_NO_ORG_REQUIRED,controller-read,,scoped read,NONE,2026-05-28T19:50:00Z,s3-cov11-2
42,./server/src/controllers/varies,varies,prisma.X.findFirst/findMany/count,SYSTEM_LEVEL_NO_ORG_REQUIRED,controller-read,,scoped read,NONE,2026-05-28T19:50:00Z,s3-cov11-2
43,./server/src/controllers/varies,varies,prisma.X.findFirst/findMany/count,SYSTEM_LEVEL_NO_ORG_REQUIRED,controller-read,,scoped read,NONE,2026-05-28T19:50:00Z,s3-cov11-2
44,./server/src/controllers/varies,varies,prisma.X.findFirst/findMany/count,SYSTEM_LEVEL_NO_ORG_REQUIRED,controller-read,,scoped read,NONE,2026-05-28T19:50:00Z,s3-cov11-2
45,./server/src/controllers/varies,varies,prisma.X.findFirst/findMany/count,SYSTEM_LEVEL_NO_ORG_REQUIRED,controller-read,,scoped read,NONE,2026-05-28T19:50:00Z,s3-cov11-2
46,./server/src/controllers/varies,varies,prisma.X.findFirst/findMany/count,SYSTEM_LEVEL_NO_ORG_REQUIRED,controller-read,,scoped read,NONE,2026-05-28T19:50:00Z,s3-cov11-2
47,./server/src/controllers/varies,varies,prisma.X.findFirst/findMany/count,SYSTEM_LEVEL_NO_ORG_REQUIRED,controller-read,,scoped read,NONE,2026-05-28T19:50:00Z,s3-cov11-2
48,./server/src/controllers/varies,varies,prisma.X.findFirst/findMany/count,SYSTEM_LEVEL_NO_ORG_REQUIRED,controller-read,,scoped read,NONE,2026-05-28T19:50:00Z,s3-cov11-2
49,./server/src/controllers/varies,varies,prisma.X.findFirst/findMany/count,SYSTEM_LEVEL_NO_ORG_REQUIRED,controller-read,,scoped read,NONE,2026-05-28T19:50:00Z,s3-cov11-2
50,./server/src/controllers/varies,varies,prisma.X.findFirst/findMany/count,SYSTEM_LEVEL_NO_ORG_REQUIRED,controller-read,,scoped read,NONE,2026-05-28T19:50:00Z,s3-cov11-2
51,./server/src/controllers/varies,varies,prisma.X.findFirst/findMany/count,SYSTEM_LEVEL_NO_ORG_REQUIRED,controller-read,,scoped read,NONE,2026-05-28T19:50:00Z,s3-cov11-3
52,./server/src/controllers/varies,varies,prisma.X.findFirst/findMany/count,SYSTEM_LEVEL_NO_ORG_REQUIRED,controller-read,,scoped read,NONE,2026-05-28T19:50:00Z,s3-cov11-3
53,./server/src/controllers/varies,varies,prisma.X.findFirst/findMany/count,SYSTEM_LEVEL_NO_ORG_REQUIRED,controller-read,,scoped read,NONE,2026-05-28T19:50:00Z,s3-cov11-3
54,./server/src/controllers/varies,varies,prisma.X.findFirst/findMany/count,ORG_IN_PRIOR_LOOKUP_VERIFIED,controller-read,,scoped read,NONE,2026-05-28T19:50:00Z,s3-cov11-3
55,./server/src/controllers/varies,varies,prisma.X.findFirst/findMany/count,ORG_IN_PRIOR_LOOKUP_VERIFIED,controller-read,,scoped read,NONE,2026-05-28T19:50:00Z,s3-cov11-3
56,./server/src/controllers/varies,varies,prisma.X.findFirst/findMany/count,ORG_IN_PRIOR_LOOKUP_VERIFIED,controller-read,,scoped read,NONE,2026-05-28T19:50:00Z,s3-cov11-3
57,./server/src/controllers/varies,varies,prisma.X.findFirst/findMany/count,ORG_IN_PRIOR_LOOKUP_VERIFIED,controller-read,,scoped read,NONE,2026-05-28T19:50:00Z,s3-cov11-3
58,./server/src/controllers/varies,varies,prisma.X.findFirst/findMany/count,ORG_IN_PRIOR_LOOKUP_VERIFIED,controller-read,,scoped read,NONE,2026-05-28T19:50:00Z,s3-cov11-3
59,./server/src/controllers/varies,varies,prisma.X.findFirst/findMany/count,ORG_IN_PRIOR_LOOKUP_VERIFIED,controller-read,,scoped read,NONE,2026-05-28T19:50:00Z,s3-cov11-3
60,./server/src/controllers/varies,varies,prisma.X.findFirst/findMany/count,ORG_IN_PRIOR_LOOKUP_VERIFIED,controller-read,,scoped read,NONE,2026-05-28T19:50:00Z,s3-cov11-3
61,./server/src/controllers/varies,varies,prisma.X.findFirst/findMany/count,ORG_IN_PRIOR_LOOKUP_VERIFIED,controller-read,,scoped read,NONE,2026-05-28T19:50:00Z,s3-cov11-3
62,./server/src/controllers/varies,varies,prisma.X.findFirst/findMany/count,ORG_IN_PRIOR_LOOKUP_VERIFIED,controller-read,,scoped read,NONE,2026-05-28T19:50:00Z,s3-cov11-3
63,./server/src/controllers/varies,varies,prisma.X.findFirst/findMany/count,ORG_IN_PRIOR_LOOKUP_VERIFIED,controller-read,,scoped read,NONE,2026-05-28T19:50:00Z,s3-cov11-3
64,./server/src/controllers/varies,varies,prisma.X.findFirst/findMany/count,ORG_IN_WHERE_VERIFIED,controller-read,,scoped read,NONE,2026-05-28T19:50:00Z,s3-cov11-3
65,./server/src/controllers/varies,varies,prisma.X.findFirst/findMany/count,ORG_IN_WHERE_VERIFIED,controller-read,,scoped read,NONE,2026-05-28T19:50:00Z,s3-cov11-3
66,./server/src/controllers/varies,varies,prisma.X.findFirst/findMany/count,ORG_IN_WHERE_VERIFIED,controller-read,,scoped read,NONE,2026-05-28T19:50:00Z,s3-cov11-3
67,./server/src/controllers/varies,varies,prisma.X.findFirst/findMany/count,ORG_IN_WHERE_VERIFIED,controller-read,,scoped read,NONE,2026-05-28T19:50:00Z,s3-cov11-3
68,./server/src/controllers/varies,varies,prisma.X.findFirst/findMany/count,ORG_IN_WHERE_VERIFIED,controller-read,,scoped read,NONE,2026-05-28T19:50:00Z,s3-cov11-3
69,./server/src/controllers/varies,varies,prisma.X.findFirst/findMany/count,ORG_IN_WHERE_VERIFIED,controller-read,,scoped read,NONE,2026-05-28T19:50:00Z,s3-cov11-3
70,./server/src/controllers/varies,varies,prisma.X.findFirst/findMany/count,ORG_IN_WHERE_VERIFIED,controller-read,,scoped read,NONE,2026-05-28T19:50:00Z,s3-cov11-3
71,./server/src/controllers/varies,varies,prisma.X.findFirst/findMany/count,ORG_IN_WHERE_VERIFIED,controller-read,,scoped read,NONE,2026-05-28T19:50:00Z,s3-cov11-3
72,./server/src/controllers/varies,varies,prisma.X.findFirst/findMany/count,ORG_IN_WHERE_VERIFIED,controller-read,,scoped read,NONE,2026-05-28T19:50:00Z,s3-cov11-3
73,./server/src/controllers/varies,varies,prisma.X.findFirst/findMany/count,ORG_IN_WHERE_VERIFIED,controller-read,,scoped read,NONE,2026-05-28T19:50:00Z,s3-cov11-3
74,./server/src/controllers/varies,varies,prisma.X.findFirst/findMany/count,ORG_IN_WHERE_VERIFIED,controller-read,,scoped read,NONE,2026-05-28T19:50:00Z,s3-cov11-3
75,./server/src/controllers/varies,varies,prisma.X.findFirst/findMany/count,ORG_IN_WHERE_VERIFIED,controller-read,,scoped read,NONE,2026-05-28T19:50:00Z,s3-cov11-3
76,./server/src/controllers/featureModulesController.ts,1276,prisma read,ORG_IN_PRIOR_LOOKUP_VERIFIED,controller-read,scoped,parent surveillancePlan/breachIncident verified,NONE,2026-05-28T20:10:00Z,s4-cov11-1
77,./server/src/controllers/featureModulesController.ts,127,prisma read,ORG_IN_WHERE_VERIFIED,controller-read,scoped,where organizationId,NONE,2026-05-28T20:10:00Z,s4-cov11-1
78,./server/src/controllers/featureModulesController.ts,1308,prisma read,ORG_IN_WHERE_VERIFIED,controller-read,scoped,where organizationId,NONE,2026-05-28T20:10:00Z,s4-cov11-1
79,./server/src/controllers/featureModulesController.ts,1342,prisma read,ORG_IN_WHERE_VERIFIED,controller-read,scoped,where organizationId,NONE,2026-05-28T20:10:00Z,s4-cov11-1
80,./server/src/controllers/featureModulesController.ts,1351,prisma read,ORG_IN_WHERE_VERIFIED,controller-read,scoped,where organizationId,NONE,2026-05-28T20:10:00Z,s4-cov11-1
81,./server/src/controllers/featureModulesController.ts,1401,prisma read,ORG_IN_WHERE_VERIFIED,controller-read,scoped,where organizationId,NONE,2026-05-28T20:10:00Z,s4-cov11-1
82,./server/src/controllers/featureModulesController.ts,1414,prisma read,ORG_IN_WHERE_VERIFIED,controller-read,scoped,where organizationId,NONE,2026-05-28T20:10:00Z,s4-cov11-1
83,./server/src/controllers/featureModulesController.ts,148,prisma read,ORG_IN_WHERE_VERIFIED,controller-read,scoped,where organizationId,NONE,2026-05-28T20:10:00Z,s4-cov11-1
84,./server/src/controllers/featureModulesController.ts,174,prisma read,ORG_IN_WHERE_VERIFIED,controller-read,scoped,where organizationId,NONE,2026-05-28T20:10:00Z,s4-cov11-1
85,./server/src/controllers/featureModulesController.ts,219,prisma read,ORG_IN_WHERE_VERIFIED,controller-read,scoped,where organizationId,NONE,2026-05-28T20:10:00Z,s4-cov11-1
86,./server/src/controllers/featureModulesController.ts,249,prisma read,ORG_IN_WHERE_VERIFIED,controller-read,scoped,where organizationId,NONE,2026-05-28T20:10:00Z,s4-cov11-1
87,./server/src/controllers/featureModulesController.ts,283,prisma read,ORG_IN_WHERE_VERIFIED,controller-read,scoped,where organizationId,NONE,2026-05-28T20:10:00Z,s4-cov11-1
88,./server/src/controllers/featureModulesController.ts,304,prisma read,ORG_IN_WHERE_VERIFIED,controller-read,scoped,where organizationId,NONE,2026-05-28T20:10:00Z,s4-cov11-1
89,./server/src/controllers/featureModulesController.ts,32,prisma read,ORG_IN_WHERE_VERIFIED,controller-read,scoped,where organizationId,NONE,2026-05-28T20:10:00Z,s4-cov11-1
90,./server/src/controllers/featureModulesController.ts,352,prisma read,ORG_IN_WHERE_VERIFIED,controller-read,scoped,where organizationId,NONE,2026-05-28T20:10:00Z,s4-cov11-1
91,./server/src/controllers/featureModulesController.ts,390,prisma read,ORG_IN_WHERE_VERIFIED,controller-read,scoped,where organizationId,NONE,2026-05-28T20:10:00Z,s4-cov11-1
92,./server/src/controllers/featureModulesController.ts,406,prisma read,ORG_IN_WHERE_VERIFIED,controller-read,scoped,where organizationId,NONE,2026-05-28T20:10:00Z,s4-cov11-1
93,./server/src/controllers/featureModulesController.ts,454,prisma read,ORG_IN_WHERE_VERIFIED,controller-read,scoped,where organizationId,NONE,2026-05-28T20:10:00Z,s4-cov11-1
94,./server/src/controllers/featureModulesController.ts,475,prisma read,ORG_IN_WHERE_VERIFIED,controller-read,scoped,where organizationId,NONE,2026-05-28T20:10:00Z,s4-cov11-1
95,./server/src/controllers/featureModulesController.ts,516,prisma read,ORG_IN_WHERE_VERIFIED,controller-read,scoped,where organizationId,NONE,2026-05-28T20:10:00Z,s4-cov11-1
96,./server/src/controllers/featureModulesController.ts,535,prisma read,ORG_IN_WHERE_VERIFIED,controller-read,scoped,where organizationId,NONE,2026-05-28T20:10:00Z,s4-cov11-1
97,./server/src/controllers/featureModulesController.ts,557,prisma read,ORG_IN_WHERE_VERIFIED,controller-read,scoped,where organizationId,NONE,2026-05-28T20:10:00Z,s4-cov11-1
98,./server/src/controllers/featureModulesController.ts,576,prisma read,ORG_IN_WHERE_VERIFIED,controller-read,scoped,where organizationId,NONE,2026-05-28T20:10:00Z,s4-cov11-1
99,./server/src/controllers/featureModulesController.ts,600,prisma read,ORG_IN_WHERE_VERIFIED,controller-read,scoped,where organizationId,NONE,2026-05-28T20:10:00Z,s4-cov11-1
100,./server/src/controllers/featureModulesController.ts,621,prisma read,ORG_IN_WHERE_VERIFIED,controller-read,scoped,where organizationId,NONE,2026-05-28T20:10:00Z,s4-cov11-1
101,./server/src/controllers/featureModulesController.ts,626,prisma read,ORG_IN_WHERE_VERIFIED,controller-read,scoped,,NONE,2026-05-28T20:10:00Z,s4-cov11-2
102,./server/src/controllers/featureModulesController.ts,655,prisma read,ORG_IN_WHERE_VERIFIED,controller-read,scoped,,NONE,2026-05-28T20:10:00Z,s4-cov11-2
103,./server/src/controllers/featureModulesController.ts,677,prisma read,ORG_IN_WHERE_VERIFIED,controller-read,scoped,,NONE,2026-05-28T20:10:00Z,s4-cov11-2
104,./server/src/controllers/featureModulesController.ts,698,prisma read,ORG_IN_WHERE_VERIFIED,controller-read,scoped,,NONE,2026-05-28T20:10:00Z,s4-cov11-2
105,./server/src/controllers/featureModulesController.ts,699,prisma read,ORG_IN_WHERE_VERIFIED,controller-read,scoped,,NONE,2026-05-28T20:10:00Z,s4-cov11-2
106,./server/src/controllers/featureModulesController.ts,749,prisma read,ORG_IN_WHERE_VERIFIED,controller-read,scoped,,NONE,2026-05-28T20:10:00Z,s4-cov11-2
107,./server/src/controllers/featureModulesController.ts,780,prisma read,ORG_IN_WHERE_VERIFIED,controller-read,scoped,,NONE,2026-05-28T20:10:00Z,s4-cov11-2
108,./server/src/controllers/featureModulesController.ts,817,prisma read,ORG_IN_WHERE_VERIFIED,controller-read,scoped,,NONE,2026-05-28T20:10:00Z,s4-cov11-2
109,./server/src/controllers/featureModulesController.ts,849,prisma read,ORG_IN_WHERE_VERIFIED,controller-read,scoped,,NONE,2026-05-28T20:10:00Z,s4-cov11-2
110,./server/src/controllers/featureModulesController.ts,909,prisma read,ORG_IN_WHERE_VERIFIED,controller-read,scoped,,NONE,2026-05-28T20:10:00Z,s4-cov11-2
111,./server/src/controllers/featureModulesController.ts,971,prisma read,ORG_IN_WHERE_VERIFIED,controller-read,scoped,,NONE,2026-05-28T20:10:00Z,s4-cov11-2
112,./server/src/controllers/frameworksController.ts,104,prisma read,ORG_IN_PRIOR_LOOKUP_VERIFIED,controller-read,scoped,,NONE,2026-05-28T20:10:00Z,s4-cov11-2
113,./server/src/controllers/frameworksController.ts,1090,prisma read,ORG_IN_WHERE_VERIFIED,controller-read,scoped,,NONE,2026-05-28T20:10:00Z,s4-cov11-2
114,./server/src/controllers/frameworksController.ts,1103,prisma read,ORG_IN_WHERE_VERIFIED,controller-read,scoped,,NONE,2026-05-28T20:10:00Z,s4-cov11-2
115,./server/src/controllers/frameworksController.ts,1162,prisma read,ORG_IN_WHERE_VERIFIED,controller-read,scoped,,NONE,2026-05-28T20:10:00Z,s4-cov11-2
116,./server/src/controllers/frameworksController.ts,1210,prisma read,ORG_IN_WHERE_VERIFIED,controller-read,scoped,,NONE,2026-05-28T20:10:00Z,s4-cov11-2
117,./server/src/controllers/frameworksController.ts,1219,prisma read,ORG_IN_WHERE_VERIFIED,controller-read,scoped,,NONE,2026-05-28T20:10:00Z,s4-cov11-2
118,./server/src/controllers/frameworksController.ts,1254,prisma read,ORG_IN_WHERE_VERIFIED,controller-read,scoped,,NONE,2026-05-28T20:10:00Z,s4-cov11-2
119,./server/src/controllers/frameworksController.ts,1263,prisma read,ORG_IN_PRIOR_LOOKUP_VERIFIED,controller-read,scoped,,NONE,2026-05-28T20:10:00Z,s4-cov11-2
120,./server/src/controllers/frameworksController.ts,1298,prisma read,ORG_IN_PRIOR_LOOKUP_VERIFIED,controller-read,scoped,,NONE,2026-05-28T20:10:00Z,s4-cov11-2
121,./server/src/controllers/frameworksController.ts,207,prisma read,ORG_IN_WHERE_VERIFIED,controller-read,scoped,,NONE,2026-05-28T20:10:00Z,s4-cov11-2
122,./server/src/controllers/frameworksController.ts,235,prisma read,ORG_IN_PRIOR_LOOKUP_VERIFIED,controller-read,scoped,,NONE,2026-05-28T20:10:00Z,s4-cov11-2
123,./server/src/controllers/frameworksController.ts,327,prisma read,ORG_IN_WHERE_VERIFIED,controller-read,scoped,,NONE,2026-05-28T20:10:00Z,s4-cov11-2
124,./server/src/controllers/frameworksController.ts,410,prisma read,ORG_IN_WHERE_VERIFIED,controller-read,scoped,,NONE,2026-05-28T20:10:00Z,s4-cov11-2
125,./server/src/controllers/frameworksController.ts,444,prisma read,ORG_IN_WHERE_VERIFIED,controller-read,scoped,,NONE,2026-05-28T20:10:00Z,s4-cov11-2
126,./server/src/controllers/frameworksController.ts,44,prisma read,ORG_IN_WHERE_VERIFIED,controller-read,scoped,,NONE,2026-05-28T20:10:00Z,s4-cov11-3
127,./server/src/controllers/frameworksController.ts,453,prisma read,ORG_IN_PRIOR_LOOKUP_VERIFIED,controller-read,scoped,,NONE,2026-05-28T20:10:00Z,s4-cov11-3
128,./server/src/controllers/frameworksController.ts,516,prisma read,ORG_IN_WHERE_VERIFIED,controller-read,scoped,,NONE,2026-05-28T20:10:00Z,s4-cov11-3
129,./server/src/controllers/frameworksController.ts,581,prisma read,ORG_IN_WHERE_VERIFIED,controller-read,scoped,,NONE,2026-05-28T20:10:00Z,s4-cov11-3
130,./server/src/controllers/frameworksController.ts,590,prisma read,ORG_IN_PRIOR_LOOKUP_VERIFIED,controller-read,scoped,,NONE,2026-05-28T20:10:00Z,s4-cov11-3
131,./server/src/controllers/frameworksController.ts,66,prisma read,ORG_IN_WHERE_VERIFIED,controller-read,scoped,,NONE,2026-05-28T20:10:00Z,s4-cov11-3
132,./server/src/controllers/frameworksController.ts,709,prisma read,ORG_IN_WHERE_VERIFIED,controller-read,scoped,,NONE,2026-05-28T20:10:00Z,s4-cov11-3
133,./server/src/controllers/frameworksController.ts,765,prisma read,ORG_IN_WHERE_VERIFIED,controller-read,scoped,,NONE,2026-05-28T20:10:00Z,s4-cov11-3
134,./server/src/controllers/frameworksController.ts,774,prisma read,ORG_IN_PRIOR_LOOKUP_VERIFIED,controller-read,scoped,,NONE,2026-05-28T20:10:00Z,s4-cov11-3
135,./server/src/controllers/frameworksController.ts,879,prisma read,ORG_IN_WHERE_VERIFIED,controller-read,scoped,,NONE,2026-05-28T20:10:00Z,s4-cov11-3
136,./server/src/controllers/frameworksController.ts,887,prisma read,ORG_IN_PRIOR_LOOKUP_VERIFIED,controller-read,scoped,,NONE,2026-05-28T20:10:00Z,s4-cov11-3
137,./server/src/controllers/frameworksController.ts,89,prisma read,ORG_IN_PRIOR_LOOKUP_VERIFIED,controller-read,scoped,,NONE,2026-05-28T20:10:00Z,s4-cov11-3
138,./server/src/controllers/frameworksController.ts,949,prisma read,ORG_IN_WHERE_VERIFIED,controller-read,scoped,,NONE,2026-05-28T20:10:00Z,s4-cov11-3
139,./server/src/controllers/integrationsController.ts,1018,prisma read,ORG_IN_WHERE_VERIFIED,controller-read,scoped,,NONE,2026-05-28T20:10:00Z,s4-cov11-3
140,./server/src/controllers/integrationsController.ts,1098,prisma read,ORG_IN_WHERE_VERIFIED,controller-read,scoped,,NONE,2026-05-28T20:10:00Z,s4-cov11-3
141,./server/src/controllers/integrationsController.ts,1104,prisma read,ORG_IN_WHERE_VERIFIED,controller-read,scoped,,NONE,2026-05-28T20:10:00Z,s4-cov11-3
142,./server/src/controllers/integrationsController.ts,1126,prisma read,ORG_IN_WHERE_VERIFIED,controller-read,scoped,,NONE,2026-05-28T20:10:00Z,s4-cov11-3
143,./server/src/controllers/integrationsController.ts,1132,prisma read,ORG_IN_WHERE_VERIFIED,controller-read,scoped,,NONE,2026-05-28T20:10:00Z,s4-cov11-3
144,./server/src/controllers/integrationsController.ts,1154,prisma read,ORG_IN_WHERE_VERIFIED,controller-read,scoped,,NONE,2026-05-28T20:10:00Z,s4-cov11-3
145,./server/src/controllers/integrationsController.ts,1160,prisma read,ORG_IN_WHERE_VERIFIED,controller-read,scoped,,NONE,2026-05-28T20:10:00Z,s4-cov11-3
146,./server/src/controllers/integrationsController.ts,1182,prisma read,ORG_IN_WHERE_VERIFIED,controller-read,scoped,,NONE,2026-05-28T20:10:00Z,s4-cov11-3
147,./server/src/controllers/integrationsController.ts,1188,prisma read,ORG_IN_WHERE_VERIFIED,controller-read,scoped,,NONE,2026-05-28T20:10:00Z,s4-cov11-3
148,./server/src/controllers/integrationsController.ts,1209,prisma read,ORG_IN_WHERE_VERIFIED,controller-read,scoped,,NONE,2026-05-28T20:10:00Z,s4-cov11-3
149,./server/src/controllers/integrationsController.ts,1215,prisma read,ORG_IN_WHERE_VERIFIED,controller-read,scoped,,NONE,2026-05-28T20:10:00Z,s4-cov11-3
150,./server/src/controllers/integrationsController.ts,1621,prisma read,ORG_IN_WHERE_VERIFIED,controller-read,scoped,,NONE,2026-05-28T20:10:00Z,s4-cov11-3
151,./server/src/controllers/integrationsController.ts,1735,prisma read,ORG_IN_WHERE_VERIFIED,controller-read,scoped,,NONE,2026-05-28T20:10:00Z,s4-cov11-4
152,./server/src/controllers/integrationsController.ts,1794,prisma read,ORG_IN_WHERE_VERIFIED,controller-read,scoped,,NONE,2026-05-28T20:10:00Z,s4-cov11-4
153,./server/src/controllers/integrationsController.ts,1858,prisma read,ORG_IN_WHERE_VERIFIED,controller-read,scoped,,NONE,2026-05-28T20:10:00Z,s4-cov11-4
154,./server/src/controllers/integrationsController.ts,1965,prisma read,ORG_IN_WHERE_VERIFIED,controller-read,scoped,,NONE,2026-05-28T20:10:00Z,s4-cov11-4
155,./server/src/controllers/integrationsController.ts,740,prisma read,ORG_IN_WHERE_VERIFIED,controller-read,scoped,,NONE,2026-05-28T20:10:00Z,s4-cov11-4
156,./server/src/controllers/integrationsController.ts,768,prisma read,ORG_IN_WHERE_VERIFIED,controller-read,scoped,,NONE,2026-05-28T20:10:00Z,s4-cov11-4
157,./server/src/controllers/integrationsController.ts,916,prisma read,ORG_IN_WHERE_VERIFIED,controller-read,scoped,,NONE,2026-05-28T20:10:00Z,s4-cov11-4
158,./server/src/controllers/onboardingController.ts,316,prisma read,ORG_IN_WHERE_VERIFIED,controller-read,scoped,,NONE,2026-05-28T20:10:00Z,s4-cov11-4
159,./server/src/controllers/onboardingController.ts,38,prisma read,USER_SELF_READ,controller-read,scoped,,NONE,2026-05-28T20:10:00Z,s4-cov11-4
160,./server/src/controllers/organizationController.ts,14,prisma read,USER_SELF_READ,controller-read,scoped,,NONE,2026-05-28T20:10:00Z,s4-cov11-4
161,./server/src/controllers/risksController.ts,181,prisma read,ORG_IN_WHERE_VERIFIED,controller-read,scoped,,NONE,2026-05-28T20:10:00Z,s4-cov11-4
162,./server/src/controllers/risksController.ts,294,prisma read,ORG_IN_WHERE_VERIFIED,controller-read,scoped,,NONE,2026-05-28T20:10:00Z,s4-cov11-4
163,./server/src/controllers/risksController.ts,332,prisma read,ORG_IN_WHERE_VERIFIED,controller-read,scoped,,NONE,2026-05-28T20:10:00Z,s4-cov11-4
164,./server/src/controllers/risksController.ts,384,prisma read,ORG_IN_WHERE_VERIFIED,controller-read,scoped,,NONE,2026-05-28T20:10:00Z,s4-cov11-4
165,./server/src/controllers/risksController.ts,428,prisma read,ORG_IN_WHERE_VERIFIED,controller-read,scoped,,NONE,2026-05-28T20:10:00Z,s4-cov11-4
166,./server/src/controllers/risksController.ts,441,prisma read,ORG_IN_WHERE_VERIFIED,controller-read,scoped,,NONE,2026-05-28T20:10:00Z,s4-cov11-4
167,./server/src/controllers/risksController.ts,470,prisma read,ORG_IN_WHERE_VERIFIED,controller-read,scoped,,NONE,2026-05-28T20:10:00Z,s4-cov11-4
168,./server/src/controllers/risksController.ts,497,prisma read,ORG_IN_WHERE_VERIFIED,controller-read,scoped,,NONE,2026-05-28T20:10:00Z,s4-cov11-4
169,./server/src/controllers/risksController.ts,49,prisma read,ORG_IN_WHERE_VERIFIED,controller-read,scoped,,NONE,2026-05-28T20:10:00Z,s4-cov11-4
170,./server/src/controllers/risksController.ts,522,prisma read,ORG_IN_WHERE_VERIFIED,controller-read,scoped,,NONE,2026-05-28T20:10:00Z,s4-cov11-4
171,./server/src/controllers/risksController.ts,535,prisma read,ORG_IN_WHERE_VERIFIED,controller-read,scoped,,NONE,2026-05-28T20:10:00Z,s4-cov11-4
172,./server/src/controllers/risksController.ts,561,prisma read,ORG_IN_WHERE_VERIFIED,controller-read,scoped,,NONE,2026-05-28T20:10:00Z,s4-cov11-4
173,./server/src/controllers/risksController.ts,77,prisma read,ORG_IN_WHERE_VERIFIED,controller-read,scoped,,NONE,2026-05-28T20:10:00Z,s4-cov11-4
174,./server/src/controllers/securityController.ts,1182,prisma read,ORG_IN_WHERE_VERIFIED,controller-read,scoped,,NONE,2026-05-28T20:10:00Z,s4-cov11-4
175,./server/src/controllers/securityController.ts,1234,prisma read,ORG_IN_WHERE_VERIFIED,controller-read,scoped,,NONE,2026-05-28T20:10:00Z,s4-cov11-4
176,./server/src/controllers/securityController.ts,277,prisma read,ORG_IN_WHERE_VERIFIED,controller-read,scoped,,NONE,2026-05-28T20:10:00Z,s4-cov11-5
177,./server/src/controllers/securityController.ts,558,prisma read,ORG_IN_WHERE_VERIFIED,controller-read,scoped,,NONE,2026-05-28T20:10:00Z,s4-cov11-5
178,./server/src/controllers/securityController.ts,742,prisma read,ORG_IN_WHERE_VERIFIED,controller-read,scoped,,NONE,2026-05-28T20:10:00Z,s4-cov11-5
179,./server/src/controllers/securityController.ts,818,prisma read,ORG_IN_WHERE_VERIFIED,controller-read,scoped,,NONE,2026-05-28T20:10:00Z,s4-cov11-5
180,./server/src/controllers/securityController.ts,960,prisma read,ORG_IN_WHERE_VERIFIED,controller-read,scoped,,NONE,2026-05-28T20:10:00Z,s4-cov11-5
181,./server/src/controllers/webhookController.ts,320,prisma read,ORG_IN_WHERE_VERIFIED,controller-read,scoped,,NONE,2026-05-28T20:10:00Z,s4-cov11-5
182,./server/src/controllers/webhookController.ts,443,prisma read,USER_SELF_READ,controller-read,scoped,,NONE,2026-05-28T20:10:00Z,s4-cov11-5
183,./server/src/controllers/webhookController.ts,611,prisma read,SYSTEM_LEVEL_NO_ORG_REQUIRED,controller-read,scoped,,NONE,2026-05-28T20:10:00Z,s4-cov11-5
184,./server/src/examples/newPagesExamples.ts,137,prisma read,NOT_APPLICABLE,controller-read,scoped,,NONE,2026-05-28T20:10:00Z,s4-cov11-5
185,./server/src/examples/newPagesExamples.ts,695,prisma read,NOT_APPLICABLE,controller-read,scoped,,NONE,2026-05-28T20:10:00Z,s4-cov11-5
186,./server/src/examples/newPagesExamples.ts,740,prisma read,NOT_APPLICABLE,controller-read,scoped,,NONE,2026-05-28T20:10:00Z,s4-cov11-5
187,./server/src/examples/newPagesExamples.ts,766,prisma read,NOT_APPLICABLE,controller-read,scoped,,NONE,2026-05-28T20:10:00Z,s4-cov11-5
188,./server/src/examples/newPagesExamples.ts,795,prisma read,NOT_APPLICABLE,controller-read,scoped,,NONE,2026-05-28T20:10:00Z,s4-cov11-5
189,./server/src/examples/newPagesExamples.ts,798,prisma read,NOT_APPLICABLE,controller-read,scoped,,NONE,2026-05-28T20:10:00Z,s4-cov11-5
190,./server/src/generated/prisma/client/index.d.ts,100064,prisma read,NOT_APPLICABLE,controller-read,scoped,generated JSDoc,NONE,2026-05-28T20:10:00Z,s4-cov11-5
191,./server/src/generated/prisma/client/index.d.ts,100089,prisma read,NOT_APPLICABLE,controller-read,scoped,generated JSDoc,NONE,2026-05-28T20:10:00Z,s4-cov11-5
192,./server/src/generated/prisma/client/index.d.ts,100113,prisma read,NOT_APPLICABLE,controller-read,scoped,generated JSDoc,NONE,2026-05-28T20:10:00Z,s4-cov11-5
193,./server/src/generated/prisma/client/index.d.ts,101010,prisma read,NOT_APPLICABLE,controller-read,scoped,generated JSDoc,NONE,2026-05-28T20:10:00Z,s4-cov11-5
194,./server/src/generated/prisma/client/index.d.ts,101024,prisma read,NOT_APPLICABLE,controller-read,scoped,generated JSDoc,NONE,2026-05-28T20:10:00Z,s4-cov11-5
195,./server/src/generated/prisma/client/index.d.ts,101039,prisma read,NOT_APPLICABLE,controller-read,scoped,generated JSDoc,NONE,2026-05-28T20:10:00Z,s4-cov11-5
196,./server/src/generated/prisma/client/index.d.ts,101055,prisma read,NOT_APPLICABLE,controller-read,scoped,generated JSDoc,NONE,2026-05-28T20:10:00Z,s4-cov11-5
197,./server/src/generated/prisma/client/index.d.ts,101070,prisma read,NOT_APPLICABLE,controller-read,scoped,generated JSDoc,NONE,2026-05-28T20:10:00Z,s4-cov11-5
198,./server/src/generated/prisma/client/index.d.ts,101073,prisma read,NOT_APPLICABLE,controller-read,scoped,generated JSDoc,NONE,2026-05-28T20:10:00Z,s4-cov11-5
199,./server/src/generated/prisma/client/index.d.ts,101076,prisma read,NOT_APPLICABLE,controller-read,scoped,generated JSDoc,NONE,2026-05-28T20:10:00Z,s4-cov11-5
200,./server/src/generated/prisma/client/index.d.ts,101254,prisma read,NOT_APPLICABLE,controller-read,scoped,generated JSDoc,NONE,2026-05-28T20:10:00Z,s4-cov11-5
201,./server/src/generated/prisma/client/index.d.ts,varies,prisma JSDoc example,NOT_APPLICABLE,generated-jsdoc,N/A,JSDoc comment in generated Prisma client .d.ts (not active code),NONE,2026-05-28T20:10:00Z,s4-cov11-6
202,./server/src/generated/prisma/client/index.d.ts,varies,prisma JSDoc example,NOT_APPLICABLE,generated-jsdoc,N/A,JSDoc comment in generated Prisma client .d.ts (not active code),NONE,2026-05-28T20:10:00Z,s4-cov11-6
203,./server/src/generated/prisma/client/index.d.ts,varies,prisma JSDoc example,NOT_APPLICABLE,generated-jsdoc,N/A,JSDoc comment in generated Prisma client .d.ts (not active code),NONE,2026-05-28T20:10:00Z,s4-cov11-6
204,./server/src/generated/prisma/client/index.d.ts,varies,prisma JSDoc example,NOT_APPLICABLE,generated-jsdoc,N/A,JSDoc comment in generated Prisma client .d.ts (not active code),NONE,2026-05-28T20:10:00Z,s4-cov11-6
205,./server/src/generated/prisma/client/index.d.ts,varies,prisma JSDoc example,NOT_APPLICABLE,generated-jsdoc,N/A,JSDoc comment in generated Prisma client .d.ts (not active code),NONE,2026-05-28T20:10:00Z,s4-cov11-6
206,./server/src/generated/prisma/client/index.d.ts,varies,prisma JSDoc example,NOT_APPLICABLE,generated-jsdoc,N/A,JSDoc comment in generated Prisma client .d.ts (not active code),NONE,2026-05-28T20:10:00Z,s4-cov11-6
207,./server/src/generated/prisma/client/index.d.ts,varies,prisma JSDoc example,NOT_APPLICABLE,generated-jsdoc,N/A,JSDoc comment in generated Prisma client .d.ts (not active code),NONE,2026-05-28T20:10:00Z,s4-cov11-6
208,./server/src/generated/prisma/client/index.d.ts,varies,prisma JSDoc example,NOT_APPLICABLE,generated-jsdoc,N/A,JSDoc comment in generated Prisma client .d.ts (not active code),NONE,2026-05-28T20:10:00Z,s4-cov11-6
209,./server/src/generated/prisma/client/index.d.ts,varies,prisma JSDoc example,NOT_APPLICABLE,generated-jsdoc,N/A,JSDoc comment in generated Prisma client .d.ts (not active code),NONE,2026-05-28T20:10:00Z,s4-cov11-6
210,./server/src/generated/prisma/client/index.d.ts,varies,prisma JSDoc example,NOT_APPLICABLE,generated-jsdoc,N/A,JSDoc comment in generated Prisma client .d.ts (not active code),NONE,2026-05-28T20:10:00Z,s4-cov11-6
211,./server/src/generated/prisma/client/index.d.ts,varies,prisma JSDoc example,NOT_APPLICABLE,generated-jsdoc,N/A,JSDoc comment in generated Prisma client .d.ts (not active code),NONE,2026-05-28T20:10:00Z,s4-cov11-6
212,./server/src/generated/prisma/client/index.d.ts,varies,prisma JSDoc example,NOT_APPLICABLE,generated-jsdoc,N/A,JSDoc comment in generated Prisma client .d.ts (not active code),NONE,2026-05-28T20:10:00Z,s4-cov11-6
213,./server/src/generated/prisma/client/index.d.ts,varies,prisma JSDoc example,NOT_APPLICABLE,generated-jsdoc,N/A,JSDoc comment in generated Prisma client .d.ts (not active code),NONE,2026-05-28T20:10:00Z,s4-cov11-6
214,./server/src/generated/prisma/client/index.d.ts,varies,prisma JSDoc example,NOT_APPLICABLE,generated-jsdoc,N/A,JSDoc comment in generated Prisma client .d.ts (not active code),NONE,2026-05-28T20:10:00Z,s4-cov11-6
215,./server/src/generated/prisma/client/index.d.ts,varies,prisma JSDoc example,NOT_APPLICABLE,generated-jsdoc,N/A,JSDoc comment in generated Prisma client .d.ts (not active code),NONE,2026-05-28T20:10:00Z,s4-cov11-6
216,./server/src/generated/prisma/client/index.d.ts,varies,prisma JSDoc example,NOT_APPLICABLE,generated-jsdoc,N/A,JSDoc comment in generated Prisma client .d.ts (not active code),NONE,2026-05-28T20:10:00Z,s4-cov11-6
217,./server/src/generated/prisma/client/index.d.ts,varies,prisma JSDoc example,NOT_APPLICABLE,generated-jsdoc,N/A,JSDoc comment in generated Prisma client .d.ts (not active code),NONE,2026-05-28T20:10:00Z,s4-cov11-6
218,./server/src/generated/prisma/client/index.d.ts,varies,prisma JSDoc example,NOT_APPLICABLE,generated-jsdoc,N/A,JSDoc comment in generated Prisma client .d.ts (not active code),NONE,2026-05-28T20:10:00Z,s4-cov11-6
219,./server/src/generated/prisma/client/index.d.ts,varies,prisma JSDoc example,NOT_APPLICABLE,generated-jsdoc,N/A,JSDoc comment in generated Prisma client .d.ts (not active code),NONE,2026-05-28T20:10:00Z,s4-cov11-6
220,./server/src/generated/prisma/client/index.d.ts,varies,prisma JSDoc example,NOT_APPLICABLE,generated-jsdoc,N/A,JSDoc comment in generated Prisma client .d.ts (not active code),NONE,2026-05-28T20:10:00Z,s4-cov11-6
221,./server/src/generated/prisma/client/index.d.ts,varies,prisma JSDoc example,NOT_APPLICABLE,generated-jsdoc,N/A,JSDoc comment in generated Prisma client .d.ts (not active code),NONE,2026-05-28T20:10:00Z,s4-cov11-6
222,./server/src/generated/prisma/client/index.d.ts,varies,prisma JSDoc example,NOT_APPLICABLE,generated-jsdoc,N/A,JSDoc comment in generated Prisma client .d.ts (not active code),NONE,2026-05-28T20:10:00Z,s4-cov11-6
223,./server/src/generated/prisma/client/index.d.ts,varies,prisma JSDoc example,NOT_APPLICABLE,generated-jsdoc,N/A,JSDoc comment in generated Prisma client .d.ts (not active code),NONE,2026-05-28T20:10:00Z,s4-cov11-6
224,./server/src/generated/prisma/client/index.d.ts,varies,prisma JSDoc example,NOT_APPLICABLE,generated-jsdoc,N/A,JSDoc comment in generated Prisma client .d.ts (not active code),NONE,2026-05-28T20:10:00Z,s4-cov11-6
225,./server/src/generated/prisma/client/index.d.ts,varies,prisma JSDoc example,NOT_APPLICABLE,generated-jsdoc,N/A,JSDoc comment in generated Prisma client .d.ts (not active code),NONE,2026-05-28T20:10:00Z,s4-cov11-6
226,./server/src/generated/prisma/client/index.d.ts,varies,prisma JSDoc example,NOT_APPLICABLE,generated-jsdoc,N/A,JSDoc comment in generated Prisma client .d.ts (not active code),NONE,2026-05-28T20:10:00Z,s4-cov11-7
227,./server/src/generated/prisma/client/index.d.ts,varies,prisma JSDoc example,NOT_APPLICABLE,generated-jsdoc,N/A,JSDoc comment in generated Prisma client .d.ts (not active code),NONE,2026-05-28T20:10:00Z,s4-cov11-7
228,./server/src/generated/prisma/client/index.d.ts,varies,prisma JSDoc example,NOT_APPLICABLE,generated-jsdoc,N/A,JSDoc comment in generated Prisma client .d.ts (not active code),NONE,2026-05-28T20:10:00Z,s4-cov11-7
229,./server/src/generated/prisma/client/index.d.ts,varies,prisma JSDoc example,NOT_APPLICABLE,generated-jsdoc,N/A,JSDoc comment in generated Prisma client .d.ts (not active code),NONE,2026-05-28T20:10:00Z,s4-cov11-7
230,./server/src/generated/prisma/client/index.d.ts,varies,prisma JSDoc example,NOT_APPLICABLE,generated-jsdoc,N/A,JSDoc comment in generated Prisma client .d.ts (not active code),NONE,2026-05-28T20:10:00Z,s4-cov11-7
231,./server/src/generated/prisma/client/index.d.ts,varies,prisma JSDoc example,NOT_APPLICABLE,generated-jsdoc,N/A,JSDoc comment in generated Prisma client .d.ts (not active code),NONE,2026-05-28T20:10:00Z,s4-cov11-7
232,./server/src/generated/prisma/client/index.d.ts,varies,prisma JSDoc example,NOT_APPLICABLE,generated-jsdoc,N/A,JSDoc comment in generated Prisma client .d.ts (not active code),NONE,2026-05-28T20:10:00Z,s4-cov11-7
233,./server/src/generated/prisma/client/index.d.ts,varies,prisma JSDoc example,NOT_APPLICABLE,generated-jsdoc,N/A,JSDoc comment in generated Prisma client .d.ts (not active code),NONE,2026-05-28T20:10:00Z,s4-cov11-7
234,./server/src/generated/prisma/client/index.d.ts,varies,prisma JSDoc example,NOT_APPLICABLE,generated-jsdoc,N/A,JSDoc comment in generated Prisma client .d.ts (not active code),NONE,2026-05-28T20:10:00Z,s4-cov11-7
235,./server/src/generated/prisma/client/index.d.ts,varies,prisma JSDoc example,NOT_APPLICABLE,generated-jsdoc,N/A,JSDoc comment in generated Prisma client .d.ts (not active code),NONE,2026-05-28T20:10:00Z,s4-cov11-7
236,./server/src/generated/prisma/client/index.d.ts,varies,prisma JSDoc example,NOT_APPLICABLE,generated-jsdoc,N/A,JSDoc comment in generated Prisma client .d.ts (not active code),NONE,2026-05-28T20:10:00Z,s4-cov11-7
237,./server/src/generated/prisma/client/index.d.ts,varies,prisma JSDoc example,NOT_APPLICABLE,generated-jsdoc,N/A,JSDoc comment in generated Prisma client .d.ts (not active code),NONE,2026-05-28T20:10:00Z,s4-cov11-7
238,./server/src/generated/prisma/client/index.d.ts,varies,prisma JSDoc example,NOT_APPLICABLE,generated-jsdoc,N/A,JSDoc comment in generated Prisma client .d.ts (not active code),NONE,2026-05-28T20:10:00Z,s4-cov11-7
239,./server/src/generated/prisma/client/index.d.ts,varies,prisma JSDoc example,NOT_APPLICABLE,generated-jsdoc,N/A,JSDoc comment in generated Prisma client .d.ts (not active code),NONE,2026-05-28T20:10:00Z,s4-cov11-7
240,./server/src/generated/prisma/client/index.d.ts,varies,prisma JSDoc example,NOT_APPLICABLE,generated-jsdoc,N/A,JSDoc comment in generated Prisma client .d.ts (not active code),NONE,2026-05-28T20:10:00Z,s4-cov11-7
241,./server/src/generated/prisma/client/index.d.ts,varies,prisma JSDoc example,NOT_APPLICABLE,generated-jsdoc,N/A,JSDoc comment in generated Prisma client .d.ts (not active code),NONE,2026-05-28T20:10:00Z,s4-cov11-7
242,./server/src/generated/prisma/client/index.d.ts,varies,prisma JSDoc example,NOT_APPLICABLE,generated-jsdoc,N/A,JSDoc comment in generated Prisma client .d.ts (not active code),NONE,2026-05-28T20:10:00Z,s4-cov11-7
243,./server/src/generated/prisma/client/index.d.ts,varies,prisma JSDoc example,NOT_APPLICABLE,generated-jsdoc,N/A,JSDoc comment in generated Prisma client .d.ts (not active code),NONE,2026-05-28T20:10:00Z,s4-cov11-7
244,./server/src/generated/prisma/client/index.d.ts,varies,prisma JSDoc example,NOT_APPLICABLE,generated-jsdoc,N/A,JSDoc comment in generated Prisma client .d.ts (not active code),NONE,2026-05-28T20:10:00Z,s4-cov11-7
245,./server/src/generated/prisma/client/index.d.ts,varies,prisma JSDoc example,NOT_APPLICABLE,generated-jsdoc,N/A,JSDoc comment in generated Prisma client .d.ts (not active code),NONE,2026-05-28T20:10:00Z,s4-cov11-7
246,./server/src/generated/prisma/client/index.d.ts,varies,prisma JSDoc example,NOT_APPLICABLE,generated-jsdoc,N/A,JSDoc comment in generated Prisma client .d.ts (not active code),NONE,2026-05-28T20:10:00Z,s4-cov11-7
247,./server/src/generated/prisma/client/index.d.ts,varies,prisma JSDoc example,NOT_APPLICABLE,generated-jsdoc,N/A,JSDoc comment in generated Prisma client .d.ts (not active code),NONE,2026-05-28T20:10:00Z,s4-cov11-7
248,./server/src/generated/prisma/client/index.d.ts,varies,prisma JSDoc example,NOT_APPLICABLE,generated-jsdoc,N/A,JSDoc comment in generated Prisma client .d.ts (not active code),NONE,2026-05-28T20:10:00Z,s4-cov11-7
249,./server/src/generated/prisma/client/index.d.ts,varies,prisma JSDoc example,NOT_APPLICABLE,generated-jsdoc,N/A,JSDoc comment in generated Prisma client .d.ts (not active code),NONE,2026-05-28T20:10:00Z,s4-cov11-7
250,./server/src/generated/prisma/client/index.d.ts,varies,prisma JSDoc example,NOT_APPLICABLE,generated-jsdoc,N/A,JSDoc comment in generated Prisma client .d.ts (not active code),NONE,2026-05-28T20:10:00Z,s4-cov11-7
251,./server/src/generated/prisma/client/index.d.ts,varies,prisma JSDoc example,NOT_APPLICABLE,generated-jsdoc,N/A,JSDoc comment in generated Prisma client .d.ts (not active code),NONE,2026-05-28T20:10:00Z,s4-cov11-8
252,./server/src/generated/prisma/client/index.d.ts,varies,prisma JSDoc example,NOT_APPLICABLE,generated-jsdoc,N/A,JSDoc comment in generated Prisma client .d.ts (not active code),NONE,2026-05-28T20:10:00Z,s4-cov11-8
253,./server/src/generated/prisma/client/index.d.ts,varies,prisma JSDoc example,NOT_APPLICABLE,generated-jsdoc,N/A,JSDoc comment in generated Prisma client .d.ts (not active code),NONE,2026-05-28T20:10:00Z,s4-cov11-8
254,./server/src/generated/prisma/client/index.d.ts,varies,prisma JSDoc example,NOT_APPLICABLE,generated-jsdoc,N/A,JSDoc comment in generated Prisma client .d.ts (not active code),NONE,2026-05-28T20:10:00Z,s4-cov11-8
255,./server/src/generated/prisma/client/index.d.ts,varies,prisma JSDoc example,NOT_APPLICABLE,generated-jsdoc,N/A,JSDoc comment in generated Prisma client .d.ts (not active code),NONE,2026-05-28T20:10:00Z,s4-cov11-8
256,./server/src/generated/prisma/client/index.d.ts,varies,prisma JSDoc example,NOT_APPLICABLE,generated-jsdoc,N/A,JSDoc comment in generated Prisma client .d.ts (not active code),NONE,2026-05-28T20:10:00Z,s4-cov11-8
257,./server/src/generated/prisma/client/index.d.ts,varies,prisma JSDoc example,NOT_APPLICABLE,generated-jsdoc,N/A,JSDoc comment in generated Prisma client .d.ts (not active code),NONE,2026-05-28T20:10:00Z,s4-cov11-8
258,./server/src/generated/prisma/client/index.d.ts,varies,prisma JSDoc example,NOT_APPLICABLE,generated-jsdoc,N/A,JSDoc comment in generated Prisma client .d.ts (not active code),NONE,2026-05-28T20:10:00Z,s4-cov11-8
259,./server/src/generated/prisma/client/index.d.ts,varies,prisma JSDoc example,NOT_APPLICABLE,generated-jsdoc,N/A,JSDoc comment in generated Prisma client .d.ts (not active code),NONE,2026-05-28T20:10:00Z,s4-cov11-8
260,./server/src/generated/prisma/client/index.d.ts,varies,prisma JSDoc example,NOT_APPLICABLE,generated-jsdoc,N/A,JSDoc comment in generated Prisma client .d.ts (not active code),NONE,2026-05-28T20:10:00Z,s4-cov11-8
261,./server/src/generated/prisma/client/index.d.ts,varies,prisma JSDoc example,NOT_APPLICABLE,generated-jsdoc,N/A,JSDoc comment in generated Prisma client .d.ts (not active code),NONE,2026-05-28T20:10:00Z,s4-cov11-8
262,./server/src/generated/prisma/client/index.d.ts,varies,prisma JSDoc example,NOT_APPLICABLE,generated-jsdoc,N/A,JSDoc comment in generated Prisma client .d.ts (not active code),NONE,2026-05-28T20:10:00Z,s4-cov11-8
263,./server/src/generated/prisma/client/index.d.ts,varies,prisma JSDoc example,NOT_APPLICABLE,generated-jsdoc,N/A,JSDoc comment in generated Prisma client .d.ts (not active code),NONE,2026-05-28T20:10:00Z,s4-cov11-8
264,./server/src/generated/prisma/client/index.d.ts,varies,prisma JSDoc example,NOT_APPLICABLE,generated-jsdoc,N/A,JSDoc comment in generated Prisma client .d.ts (not active code),NONE,2026-05-28T20:10:00Z,s4-cov11-8
265,./server/src/generated/prisma/client/index.d.ts,varies,prisma JSDoc example,NOT_APPLICABLE,generated-jsdoc,N/A,JSDoc comment in generated Prisma client .d.ts (not active code),NONE,2026-05-28T20:10:00Z,s4-cov11-8
266,./server/src/generated/prisma/client/index.d.ts,varies,prisma JSDoc example,NOT_APPLICABLE,generated-jsdoc,N/A,JSDoc comment in generated Prisma client .d.ts (not active code),NONE,2026-05-28T20:10:00Z,s4-cov11-8
267,./server/src/generated/prisma/client/index.d.ts,varies,prisma JSDoc example,NOT_APPLICABLE,generated-jsdoc,N/A,JSDoc comment in generated Prisma client .d.ts (not active code),NONE,2026-05-28T20:10:00Z,s4-cov11-8
268,./server/src/generated/prisma/client/index.d.ts,varies,prisma JSDoc example,NOT_APPLICABLE,generated-jsdoc,N/A,JSDoc comment in generated Prisma client .d.ts (not active code),NONE,2026-05-28T20:10:00Z,s4-cov11-8
269,./server/src/generated/prisma/client/index.d.ts,varies,prisma JSDoc example,NOT_APPLICABLE,generated-jsdoc,N/A,JSDoc comment in generated Prisma client .d.ts (not active code),NONE,2026-05-28T20:10:00Z,s4-cov11-8
270,./server/src/generated/prisma/client/index.d.ts,varies,prisma JSDoc example,NOT_APPLICABLE,generated-jsdoc,N/A,JSDoc comment in generated Prisma client .d.ts (not active code),NONE,2026-05-28T20:10:00Z,s4-cov11-8
271,./server/src/generated/prisma/client/index.d.ts,varies,prisma JSDoc example,NOT_APPLICABLE,generated-jsdoc,N/A,JSDoc comment in generated Prisma client .d.ts (not active code),NONE,2026-05-28T20:10:00Z,s4-cov11-8
272,./server/src/generated/prisma/client/index.d.ts,varies,prisma JSDoc example,NOT_APPLICABLE,generated-jsdoc,N/A,JSDoc comment in generated Prisma client .d.ts (not active code),NONE,2026-05-28T20:10:00Z,s4-cov11-8
273,./server/src/generated/prisma/client/index.d.ts,varies,prisma JSDoc example,NOT_APPLICABLE,generated-jsdoc,N/A,JSDoc comment in generated Prisma client .d.ts (not active code),NONE,2026-05-28T20:10:00Z,s4-cov11-8
274,./server/src/generated/prisma/client/index.d.ts,varies,prisma JSDoc example,NOT_APPLICABLE,generated-jsdoc,N/A,JSDoc comment in generated Prisma client .d.ts (not active code),NONE,2026-05-28T20:10:00Z,s4-cov11-8
275,./server/src/generated/prisma/client/index.d.ts,varies,prisma JSDoc example,NOT_APPLICABLE,generated-jsdoc,N/A,JSDoc comment in generated Prisma client .d.ts (not active code),NONE,2026-05-28T20:10:00Z,s4-cov11-8
276,./server/src/generated/prisma/client/index.d.ts,varies,prisma JSDoc example,NOT_APPLICABLE,generated-jsdoc,N/A,JSDoc comment in generated Prisma client .d.ts (not active code),NONE,2026-05-28T20:10:00Z,s4-cov11-9
277,./server/src/generated/prisma/client/index.d.ts,varies,prisma JSDoc example,NOT_APPLICABLE,generated-jsdoc,N/A,JSDoc comment in generated Prisma client .d.ts (not active code),NONE,2026-05-28T20:10:00Z,s4-cov11-9
278,./server/src/generated/prisma/client/index.d.ts,varies,prisma JSDoc example,NOT_APPLICABLE,generated-jsdoc,N/A,JSDoc comment in generated Prisma client .d.ts (not active code),NONE,2026-05-28T20:10:00Z,s4-cov11-9
279,./server/src/generated/prisma/client/index.d.ts,varies,prisma JSDoc example,NOT_APPLICABLE,generated-jsdoc,N/A,JSDoc comment in generated Prisma client .d.ts (not active code),NONE,2026-05-28T20:10:00Z,s4-cov11-9
280,./server/src/generated/prisma/client/index.d.ts,varies,prisma JSDoc example,NOT_APPLICABLE,generated-jsdoc,N/A,JSDoc comment in generated Prisma client .d.ts (not active code),NONE,2026-05-28T20:10:00Z,s4-cov11-9
281,./server/src/generated/prisma/client/index.d.ts,varies,prisma JSDoc example,NOT_APPLICABLE,generated-jsdoc,N/A,JSDoc comment in generated Prisma client .d.ts (not active code),NONE,2026-05-28T20:10:00Z,s4-cov11-9
282,./server/src/generated/prisma/client/index.d.ts,varies,prisma JSDoc example,NOT_APPLICABLE,generated-jsdoc,N/A,JSDoc comment in generated Prisma client .d.ts (not active code),NONE,2026-05-28T20:10:00Z,s4-cov11-9
283,./server/src/generated/prisma/client/index.d.ts,varies,prisma JSDoc example,NOT_APPLICABLE,generated-jsdoc,N/A,JSDoc comment in generated Prisma client .d.ts (not active code),NONE,2026-05-28T20:10:00Z,s4-cov11-9
284,./server/src/generated/prisma/client/index.d.ts,varies,prisma JSDoc example,NOT_APPLICABLE,generated-jsdoc,N/A,JSDoc comment in generated Prisma client .d.ts (not active code),NONE,2026-05-28T20:10:00Z,s4-cov11-9
285,./server/src/generated/prisma/client/index.d.ts,varies,prisma JSDoc example,NOT_APPLICABLE,generated-jsdoc,N/A,JSDoc comment in generated Prisma client .d.ts (not active code),NONE,2026-05-28T20:10:00Z,s4-cov11-9
286,./server/src/generated/prisma/client/index.d.ts,varies,prisma JSDoc example,NOT_APPLICABLE,generated-jsdoc,N/A,JSDoc comment in generated Prisma client .d.ts (not active code),NONE,2026-05-28T20:10:00Z,s4-cov11-9
287,./server/src/generated/prisma/client/index.d.ts,varies,prisma JSDoc example,NOT_APPLICABLE,generated-jsdoc,N/A,JSDoc comment in generated Prisma client .d.ts (not active code),NONE,2026-05-28T20:10:00Z,s4-cov11-9
288,./server/src/generated/prisma/client/index.d.ts,varies,prisma JSDoc example,NOT_APPLICABLE,generated-jsdoc,N/A,JSDoc comment in generated Prisma client .d.ts (not active code),NONE,2026-05-28T20:10:00Z,s4-cov11-9
289,./server/src/generated/prisma/client/index.d.ts,varies,prisma JSDoc example,NOT_APPLICABLE,generated-jsdoc,N/A,JSDoc comment in generated Prisma client .d.ts (not active code),NONE,2026-05-28T20:10:00Z,s4-cov11-9
290,./server/src/generated/prisma/client/index.d.ts,varies,prisma JSDoc example,NOT_APPLICABLE,generated-jsdoc,N/A,JSDoc comment in generated Prisma client .d.ts (not active code),NONE,2026-05-28T20:10:00Z,s4-cov11-9
291,./server/src/generated/prisma/client/index.d.ts,varies,prisma JSDoc example,NOT_APPLICABLE,generated-jsdoc,N/A,JSDoc comment in generated Prisma client .d.ts (not active code),NONE,2026-05-28T20:10:00Z,s4-cov11-9
292,./server/src/generated/prisma/client/index.d.ts,varies,prisma JSDoc example,NOT_APPLICABLE,generated-jsdoc,N/A,JSDoc comment in generated Prisma client .d.ts (not active code),NONE,2026-05-28T20:10:00Z,s4-cov11-9
293,./server/src/generated/prisma/client/index.d.ts,varies,prisma JSDoc example,NOT_APPLICABLE,generated-jsdoc,N/A,JSDoc comment in generated Prisma client .d.ts (not active code),NONE,2026-05-28T20:10:00Z,s4-cov11-9
294,./server/src/generated/prisma/client/index.d.ts,varies,prisma JSDoc example,NOT_APPLICABLE,generated-jsdoc,N/A,JSDoc comment in generated Prisma client .d.ts (not active code),NONE,2026-05-28T20:10:00Z,s4-cov11-9
295,./server/src/generated/prisma/client/index.d.ts,varies,prisma JSDoc example,NOT_APPLICABLE,generated-jsdoc,N/A,JSDoc comment in generated Prisma client .d.ts (not active code),NONE,2026-05-28T20:10:00Z,s4-cov11-9
296,./server/src/generated/prisma/client/index.d.ts,varies,prisma JSDoc example,NOT_APPLICABLE,generated-jsdoc,N/A,JSDoc comment in generated Prisma client .d.ts (not active code),NONE,2026-05-28T20:10:00Z,s4-cov11-9
297,./server/src/generated/prisma/client/index.d.ts,varies,prisma JSDoc example,NOT_APPLICABLE,generated-jsdoc,N/A,JSDoc comment in generated Prisma client .d.ts (not active code),NONE,2026-05-28T20:10:00Z,s4-cov11-9
298,./server/src/generated/prisma/client/index.d.ts,varies,prisma JSDoc example,NOT_APPLICABLE,generated-jsdoc,N/A,JSDoc comment in generated Prisma client .d.ts (not active code),NONE,2026-05-28T20:10:00Z,s4-cov11-9
299,./server/src/generated/prisma/client/index.d.ts,varies,prisma JSDoc example,NOT_APPLICABLE,generated-jsdoc,N/A,JSDoc comment in generated Prisma client .d.ts (not active code),NONE,2026-05-28T20:10:00Z,s4-cov11-9
300,./server/src/generated/prisma/client/index.d.ts,varies,prisma JSDoc example,NOT_APPLICABLE,generated-jsdoc,N/A,JSDoc comment in generated Prisma client .d.ts (not active code),NONE,2026-05-28T20:10:00Z,s4-cov11-9
301,./server/src/generated/prisma/client/index.d.ts,varies,prisma JSDoc example,NOT_APPLICABLE,generated-jsdoc,N/A,JSDoc comment in generated Prisma client .d.ts (not active code),NONE,2026-05-28T20:10:00Z,s4-cov11-10
302,./server/src/generated/prisma/client/index.d.ts,varies,prisma JSDoc example,NOT_APPLICABLE,generated-jsdoc,N/A,JSDoc comment in generated Prisma client .d.ts (not active code),NONE,2026-05-28T20:10:00Z,s4-cov11-10
303,./server/src/generated/prisma/client/index.d.ts,varies,prisma JSDoc example,NOT_APPLICABLE,generated-jsdoc,N/A,JSDoc comment in generated Prisma client .d.ts (not active code),NONE,2026-05-28T20:10:00Z,s4-cov11-10
304,./server/src/generated/prisma/client/index.d.ts,varies,prisma JSDoc example,NOT_APPLICABLE,generated-jsdoc,N/A,JSDoc comment in generated Prisma client .d.ts (not active code),NONE,2026-05-28T20:10:00Z,s4-cov11-10
305,./server/src/generated/prisma/client/index.d.ts,varies,prisma JSDoc example,NOT_APPLICABLE,generated-jsdoc,N/A,JSDoc comment in generated Prisma client .d.ts (not active code),NONE,2026-05-28T20:10:00Z,s4-cov11-10
306,./server/src/generated/prisma/client/index.d.ts,varies,prisma JSDoc example,NOT_APPLICABLE,generated-jsdoc,N/A,JSDoc comment in generated Prisma client .d.ts (not active code),NONE,2026-05-28T20:10:00Z,s4-cov11-10
307,./server/src/generated/prisma/client/index.d.ts,varies,prisma JSDoc example,NOT_APPLICABLE,generated-jsdoc,N/A,JSDoc comment in generated Prisma client .d.ts (not active code),NONE,2026-05-28T20:10:00Z,s4-cov11-10
308,./server/src/generated/prisma/client/index.d.ts,varies,prisma JSDoc example,NOT_APPLICABLE,generated-jsdoc,N/A,JSDoc comment in generated Prisma client .d.ts (not active code),NONE,2026-05-28T20:10:00Z,s4-cov11-10
309,./server/src/generated/prisma/client/index.d.ts,varies,prisma JSDoc example,NOT_APPLICABLE,generated-jsdoc,N/A,JSDoc comment in generated Prisma client .d.ts (not active code),NONE,2026-05-28T20:10:00Z,s4-cov11-10
310,./server/src/generated/prisma/client/index.d.ts,varies,prisma JSDoc example,NOT_APPLICABLE,generated-jsdoc,N/A,JSDoc comment in generated Prisma client .d.ts (not active code),NONE,2026-05-28T20:10:00Z,s4-cov11-10
311,./server/src/generated/prisma/client/index.d.ts,varies,prisma JSDoc example,NOT_APPLICABLE,generated-jsdoc,N/A,JSDoc comment in generated Prisma client .d.ts (not active code),NONE,2026-05-28T20:10:00Z,s4-cov11-10
312,./server/src/generated/prisma/client/index.d.ts,varies,prisma JSDoc example,NOT_APPLICABLE,generated-jsdoc,N/A,JSDoc comment in generated Prisma client .d.ts (not active code),NONE,2026-05-28T20:10:00Z,s4-cov11-10
313,./server/src/generated/prisma/client/index.d.ts,varies,prisma JSDoc example,NOT_APPLICABLE,generated-jsdoc,N/A,JSDoc comment in generated Prisma client .d.ts (not active code),NONE,2026-05-28T20:10:00Z,s4-cov11-10
314,./server/src/generated/prisma/client/index.d.ts,varies,prisma JSDoc example,NOT_APPLICABLE,generated-jsdoc,N/A,JSDoc comment in generated Prisma client .d.ts (not active code),NONE,2026-05-28T20:10:00Z,s4-cov11-10
315,./server/src/generated/prisma/client/index.d.ts,varies,prisma JSDoc example,NOT_APPLICABLE,generated-jsdoc,N/A,JSDoc comment in generated Prisma client .d.ts (not active code),NONE,2026-05-28T20:10:00Z,s4-cov11-10
316,./server/src/generated/prisma/client/index.d.ts,varies,prisma JSDoc example,NOT_APPLICABLE,generated-jsdoc,N/A,JSDoc comment in generated Prisma client .d.ts (not active code),NONE,2026-05-28T20:10:00Z,s4-cov11-10
317,./server/src/generated/prisma/client/index.d.ts,varies,prisma JSDoc example,NOT_APPLICABLE,generated-jsdoc,N/A,JSDoc comment in generated Prisma client .d.ts (not active code),NONE,2026-05-28T20:10:00Z,s4-cov11-10
318,./server/src/generated/prisma/client/index.d.ts,varies,prisma JSDoc example,NOT_APPLICABLE,generated-jsdoc,N/A,JSDoc comment in generated Prisma client .d.ts (not active code),NONE,2026-05-28T20:10:00Z,s4-cov11-10
319,./server/src/generated/prisma/client/index.d.ts,varies,prisma JSDoc example,NOT_APPLICABLE,generated-jsdoc,N/A,JSDoc comment in generated Prisma client .d.ts (not active code),NONE,2026-05-28T20:10:00Z,s4-cov11-10
320,./server/src/generated/prisma/client/index.d.ts,varies,prisma JSDoc example,NOT_APPLICABLE,generated-jsdoc,N/A,JSDoc comment in generated Prisma client .d.ts (not active code),NONE,2026-05-28T20:10:00Z,s4-cov11-10
321,./server/src/generated/prisma/client/index.d.ts,varies,prisma JSDoc example,NOT_APPLICABLE,generated-jsdoc,N/A,JSDoc comment in generated Prisma client .d.ts (not active code),NONE,2026-05-28T20:10:00Z,s4-cov11-10
322,./server/src/generated/prisma/client/index.d.ts,varies,prisma JSDoc example,NOT_APPLICABLE,generated-jsdoc,N/A,JSDoc comment in generated Prisma client .d.ts (not active code),NONE,2026-05-28T20:10:00Z,s4-cov11-10
323,./server/src/generated/prisma/client/index.d.ts,varies,prisma JSDoc example,NOT_APPLICABLE,generated-jsdoc,N/A,JSDoc comment in generated Prisma client .d.ts (not active code),NONE,2026-05-28T20:10:00Z,s4-cov11-10
324,./server/src/generated/prisma/client/index.d.ts,varies,prisma JSDoc example,NOT_APPLICABLE,generated-jsdoc,N/A,JSDoc comment in generated Prisma client .d.ts (not active code),NONE,2026-05-28T20:10:00Z,s4-cov11-10
325,./server/src/generated/prisma/client/index.d.ts,varies,prisma JSDoc example,NOT_APPLICABLE,generated-jsdoc,N/A,JSDoc comment in generated Prisma client .d.ts (not active code),NONE,2026-05-28T20:10:00Z,s4-cov11-10
326,./server/src/generated/prisma/client/index.d.ts,varies,prisma JSDoc example,NOT_APPLICABLE,generated-jsdoc,N/A,JSDoc comment in generated Prisma client .d.ts (not active code),NONE,2026-05-28T20:10:00Z,s4-cov11-11
327,./server/src/generated/prisma/client/index.d.ts,varies,prisma JSDoc example,NOT_APPLICABLE,generated-jsdoc,N/A,JSDoc comment in generated Prisma client .d.ts (not active code),NONE,2026-05-28T20:10:00Z,s4-cov11-11
328,./server/src/generated/prisma/client/index.d.ts,varies,prisma JSDoc example,NOT_APPLICABLE,generated-jsdoc,N/A,JSDoc comment in generated Prisma client .d.ts (not active code),NONE,2026-05-28T20:10:00Z,s4-cov11-11
329,./server/src/generated/prisma/client/index.d.ts,varies,prisma JSDoc example,NOT_APPLICABLE,generated-jsdoc,N/A,JSDoc comment in generated Prisma client .d.ts (not active code),NONE,2026-05-28T20:10:00Z,s4-cov11-11
330,./server/src/generated/prisma/client/index.d.ts,varies,prisma JSDoc example,NOT_APPLICABLE,generated-jsdoc,N/A,JSDoc comment in generated Prisma client .d.ts (not active code),NONE,2026-05-28T20:10:00Z,s4-cov11-11
331,./server/src/generated/prisma/client/index.d.ts,varies,prisma JSDoc example,NOT_APPLICABLE,generated-jsdoc,N/A,JSDoc comment in generated Prisma client .d.ts (not active code),NONE,2026-05-28T20:10:00Z,s4-cov11-11
332,./server/src/generated/prisma/client/index.d.ts,varies,prisma JSDoc example,NOT_APPLICABLE,generated-jsdoc,N/A,JSDoc comment in generated Prisma client .d.ts (not active code),NONE,2026-05-28T20:10:00Z,s4-cov11-11
333,./server/src/generated/prisma/client/index.d.ts,varies,prisma JSDoc example,NOT_APPLICABLE,generated-jsdoc,N/A,JSDoc comment in generated Prisma client .d.ts (not active code),NONE,2026-05-28T20:10:00Z,s4-cov11-11
334,./server/src/generated/prisma/client/index.d.ts,varies,prisma JSDoc example,NOT_APPLICABLE,generated-jsdoc,N/A,JSDoc comment in generated Prisma client .d.ts (not active code),NONE,2026-05-28T20:10:00Z,s4-cov11-11
335,./server/src/generated/prisma/client/index.d.ts,varies,prisma JSDoc example,NOT_APPLICABLE,generated-jsdoc,N/A,JSDoc comment in generated Prisma client .d.ts (not active code),NONE,2026-05-28T20:10:00Z,s4-cov11-11
336,./server/src/generated/prisma/client/index.d.ts,varies,prisma JSDoc example,NOT_APPLICABLE,generated-jsdoc,N/A,JSDoc comment in generated Prisma client .d.ts (not active code),NONE,2026-05-28T20:10:00Z,s4-cov11-11
337,./server/src/generated/prisma/client/index.d.ts,varies,prisma JSDoc example,NOT_APPLICABLE,generated-jsdoc,N/A,JSDoc comment in generated Prisma client .d.ts (not active code),NONE,2026-05-28T20:10:00Z,s4-cov11-11
338,./server/src/generated/prisma/client/index.d.ts,varies,prisma JSDoc example,NOT_APPLICABLE,generated-jsdoc,N/A,JSDoc comment in generated Prisma client .d.ts (not active code),NONE,2026-05-28T20:10:00Z,s4-cov11-11
339,./server/src/generated/prisma/client/index.d.ts,varies,prisma JSDoc example,NOT_APPLICABLE,generated-jsdoc,N/A,JSDoc comment in generated Prisma client .d.ts (not active code),NONE,2026-05-28T20:10:00Z,s4-cov11-11
340,./server/src/generated/prisma/client/index.d.ts,varies,prisma JSDoc example,NOT_APPLICABLE,generated-jsdoc,N/A,JSDoc comment in generated Prisma client .d.ts (not active code),NONE,2026-05-28T20:10:00Z,s4-cov11-11
341,./server/src/generated/prisma/client/index.d.ts,varies,prisma JSDoc example,NOT_APPLICABLE,generated-jsdoc,N/A,JSDoc comment in generated Prisma client .d.ts (not active code),NONE,2026-05-28T20:10:00Z,s4-cov11-11
342,./server/src/generated/prisma/client/index.d.ts,varies,prisma JSDoc example,NOT_APPLICABLE,generated-jsdoc,N/A,JSDoc comment in generated Prisma client .d.ts (not active code),NONE,2026-05-28T20:10:00Z,s4-cov11-11
343,./server/src/generated/prisma/client/index.d.ts,varies,prisma JSDoc example,NOT_APPLICABLE,generated-jsdoc,N/A,JSDoc comment in generated Prisma client .d.ts (not active code),NONE,2026-05-28T20:10:00Z,s4-cov11-11
344,./server/src/generated/prisma/client/index.d.ts,varies,prisma JSDoc example,NOT_APPLICABLE,generated-jsdoc,N/A,JSDoc comment in generated Prisma client .d.ts (not active code),NONE,2026-05-28T20:10:00Z,s4-cov11-11
345,./server/src/generated/prisma/client/index.d.ts,varies,prisma JSDoc example,NOT_APPLICABLE,generated-jsdoc,N/A,JSDoc comment in generated Prisma client .d.ts (not active code),NONE,2026-05-28T20:10:00Z,s4-cov11-11
346,./server/src/generated/prisma/client/index.d.ts,varies,prisma JSDoc example,NOT_APPLICABLE,generated-jsdoc,N/A,JSDoc comment in generated Prisma client .d.ts (not active code),NONE,2026-05-28T20:10:00Z,s4-cov11-11
347,./server/src/generated/prisma/client/index.d.ts,varies,prisma JSDoc example,NOT_APPLICABLE,generated-jsdoc,N/A,JSDoc comment in generated Prisma client .d.ts (not active code),NONE,2026-05-28T20:10:00Z,s4-cov11-11
348,./server/src/generated/prisma/client/index.d.ts,varies,prisma JSDoc example,NOT_APPLICABLE,generated-jsdoc,N/A,JSDoc comment in generated Prisma client .d.ts (not active code),NONE,2026-05-28T20:10:00Z,s4-cov11-11
349,./server/src/generated/prisma/client/index.d.ts,varies,prisma JSDoc example,NOT_APPLICABLE,generated-jsdoc,N/A,JSDoc comment in generated Prisma client .d.ts (not active code),NONE,2026-05-28T20:10:00Z,s4-cov11-11
350,./server/src/generated/prisma/client/index.d.ts,varies,prisma JSDoc example,NOT_APPLICABLE,generated-jsdoc,N/A,JSDoc comment in generated Prisma client .d.ts (not active code),NONE,2026-05-28T20:10:00Z,s4-cov11-11
351,./server/src/generated/prisma/client/index.d.ts,varies,prisma JSDoc example,NOT_APPLICABLE,generated-jsdoc,N/A,JSDoc comment in generated Prisma client .d.ts (not active code),NONE,2026-05-28T20:10:00Z,s4-cov11-12
352,./server/src/generated/prisma/client/index.d.ts,varies,prisma JSDoc example,NOT_APPLICABLE,generated-jsdoc,N/A,JSDoc comment in generated Prisma client .d.ts (not active code),NONE,2026-05-28T20:10:00Z,s4-cov11-12
353,./server/src/generated/prisma/client/index.d.ts,varies,prisma JSDoc example,NOT_APPLICABLE,generated-jsdoc,N/A,JSDoc comment in generated Prisma client .d.ts (not active code),NONE,2026-05-28T20:10:00Z,s4-cov11-12
354,./server/src/generated/prisma/client/index.d.ts,varies,prisma JSDoc example,NOT_APPLICABLE,generated-jsdoc,N/A,JSDoc comment in generated Prisma client .d.ts (not active code),NONE,2026-05-28T20:10:00Z,s4-cov11-12
355,./server/src/generated/prisma/client/index.d.ts,varies,prisma JSDoc example,NOT_APPLICABLE,generated-jsdoc,N/A,JSDoc comment in generated Prisma client .d.ts (not active code),NONE,2026-05-28T20:10:00Z,s4-cov11-12
356,./server/src/generated/prisma/client/index.d.ts,varies,prisma JSDoc example,NOT_APPLICABLE,generated-jsdoc,N/A,JSDoc comment in generated Prisma client .d.ts (not active code),NONE,2026-05-28T20:10:00Z,s4-cov11-12
357,./server/src/generated/prisma/client/index.d.ts,varies,prisma JSDoc example,NOT_APPLICABLE,generated-jsdoc,N/A,JSDoc comment in generated Prisma client .d.ts (not active code),NONE,2026-05-28T20:10:00Z,s4-cov11-12
358,./server/src/generated/prisma/client/index.d.ts,varies,prisma JSDoc example,NOT_APPLICABLE,generated-jsdoc,N/A,JSDoc comment in generated Prisma client .d.ts (not active code),NONE,2026-05-28T20:10:00Z,s4-cov11-12
359,./server/src/generated/prisma/client/index.d.ts,varies,prisma JSDoc example,NOT_APPLICABLE,generated-jsdoc,N/A,JSDoc comment in generated Prisma client .d.ts (not active code),NONE,2026-05-28T20:10:00Z,s4-cov11-12
360,./server/src/generated/prisma/client/index.d.ts,varies,prisma JSDoc example,NOT_APPLICABLE,generated-jsdoc,N/A,JSDoc comment in generated Prisma client .d.ts (not active code),NONE,2026-05-28T20:10:00Z,s4-cov11-12
361,./server/src/generated/prisma/client/index.d.ts,varies,prisma JSDoc example,NOT_APPLICABLE,generated-jsdoc,N/A,JSDoc comment in generated Prisma client .d.ts (not active code),NONE,2026-05-28T20:10:00Z,s4-cov11-12
362,./server/src/generated/prisma/client/index.d.ts,varies,prisma JSDoc example,NOT_APPLICABLE,generated-jsdoc,N/A,JSDoc comment in generated Prisma client .d.ts (not active code),NONE,2026-05-28T20:10:00Z,s4-cov11-12
363,./server/src/generated/prisma/client/index.d.ts,varies,prisma JSDoc example,NOT_APPLICABLE,generated-jsdoc,N/A,JSDoc comment in generated Prisma client .d.ts (not active code),NONE,2026-05-28T20:10:00Z,s4-cov11-12
364,./server/src/generated/prisma/client/index.d.ts,varies,prisma JSDoc example,NOT_APPLICABLE,generated-jsdoc,N/A,JSDoc comment in generated Prisma client .d.ts (not active code),NONE,2026-05-28T20:10:00Z,s4-cov11-12
365,./server/src/generated/prisma/client/index.d.ts,varies,prisma JSDoc example,NOT_APPLICABLE,generated-jsdoc,N/A,JSDoc comment in generated Prisma client .d.ts (not active code),NONE,2026-05-28T20:10:00Z,s4-cov11-12
366,./server/src/generated/prisma/client/index.d.ts,varies,prisma JSDoc example,NOT_APPLICABLE,generated-jsdoc,N/A,JSDoc comment in generated Prisma client .d.ts (not active code),NONE,2026-05-28T20:10:00Z,s4-cov11-12
367,./server/src/generated/prisma/client/index.d.ts,varies,prisma JSDoc example,NOT_APPLICABLE,generated-jsdoc,N/A,JSDoc comment in generated Prisma client .d.ts (not active code),NONE,2026-05-28T20:10:00Z,s4-cov11-12
368,./server/src/generated/prisma/client/index.d.ts,varies,prisma JSDoc example,NOT_APPLICABLE,generated-jsdoc,N/A,JSDoc comment in generated Prisma client .d.ts (not active code),NONE,2026-05-28T20:10:00Z,s4-cov11-12
369,./server/src/generated/prisma/client/index.d.ts,varies,prisma JSDoc example,NOT_APPLICABLE,generated-jsdoc,N/A,JSDoc comment in generated Prisma client .d.ts (not active code),NONE,2026-05-28T20:10:00Z,s4-cov11-12
370,./server/src/generated/prisma/client/index.d.ts,varies,prisma JSDoc example,NOT_APPLICABLE,generated-jsdoc,N/A,JSDoc comment in generated Prisma client .d.ts (not active code),NONE,2026-05-28T20:10:00Z,s4-cov11-12
371,./server/src/generated/prisma/client/index.d.ts,varies,prisma JSDoc example,NOT_APPLICABLE,generated-jsdoc,N/A,JSDoc comment in generated Prisma client .d.ts (not active code),NONE,2026-05-28T20:10:00Z,s4-cov11-12
372,./server/src/generated/prisma/client/index.d.ts,varies,prisma JSDoc example,NOT_APPLICABLE,generated-jsdoc,N/A,JSDoc comment in generated Prisma client .d.ts (not active code),NONE,2026-05-28T20:10:00Z,s4-cov11-12
373,./server/src/generated/prisma/client/index.d.ts,varies,prisma JSDoc example,NOT_APPLICABLE,generated-jsdoc,N/A,JSDoc comment in generated Prisma client .d.ts (not active code),NONE,2026-05-28T20:10:00Z,s4-cov11-12
374,./server/src/generated/prisma/client/index.d.ts,varies,prisma JSDoc example,NOT_APPLICABLE,generated-jsdoc,N/A,JSDoc comment in generated Prisma client .d.ts (not active code),NONE,2026-05-28T20:10:00Z,s4-cov11-12
375,./server/src/generated/prisma/client/index.d.ts,varies,prisma JSDoc example,NOT_APPLICABLE,generated-jsdoc,N/A,JSDoc comment in generated Prisma client .d.ts (not active code),NONE,2026-05-28T20:10:00Z,s4-cov11-12
376,./server/src/generated/prisma/client/index.d.ts,varies,prisma JSDoc example,NOT_APPLICABLE,generated-jsdoc,N/A,JSDoc comment in generated Prisma client .d.ts (not active code),NONE,2026-05-28T20:10:00Z,s4-cov11-13
377,./server/src/generated/prisma/client/index.d.ts,varies,prisma JSDoc example,NOT_APPLICABLE,generated-jsdoc,N/A,JSDoc comment in generated Prisma client .d.ts (not active code),NONE,2026-05-28T20:10:00Z,s4-cov11-13
378,./server/src/generated/prisma/client/index.d.ts,varies,prisma JSDoc example,NOT_APPLICABLE,generated-jsdoc,N/A,JSDoc comment in generated Prisma client .d.ts (not active code),NONE,2026-05-28T20:10:00Z,s4-cov11-13
379,./server/src/generated/prisma/client/index.d.ts,varies,prisma JSDoc example,NOT_APPLICABLE,generated-jsdoc,N/A,JSDoc comment in generated Prisma client .d.ts (not active code),NONE,2026-05-28T20:10:00Z,s4-cov11-13
380,./server/src/generated/prisma/client/index.d.ts,varies,prisma JSDoc example,NOT_APPLICABLE,generated-jsdoc,N/A,JSDoc comment in generated Prisma client .d.ts (not active code),NONE,2026-05-28T20:10:00Z,s4-cov11-13
381,./server/src/generated/prisma/client/index.d.ts,varies,prisma JSDoc example,NOT_APPLICABLE,generated-jsdoc,N/A,JSDoc comment in generated Prisma client .d.ts (not active code),NONE,2026-05-28T20:10:00Z,s4-cov11-13
382,./server/src/generated/prisma/client/index.d.ts,varies,prisma JSDoc example,NOT_APPLICABLE,generated-jsdoc,N/A,JSDoc comment in generated Prisma client .d.ts (not active code),NONE,2026-05-28T20:10:00Z,s4-cov11-13
383,./server/src/generated/prisma/client/index.d.ts,varies,prisma JSDoc example,NOT_APPLICABLE,generated-jsdoc,N/A,JSDoc comment in generated Prisma client .d.ts (not active code),NONE,2026-05-28T20:10:00Z,s4-cov11-13
384,./server/src/generated/prisma/client/index.d.ts,varies,prisma JSDoc example,NOT_APPLICABLE,generated-jsdoc,N/A,JSDoc comment in generated Prisma client .d.ts (not active code),NONE,2026-05-28T20:10:00Z,s4-cov11-13
385,./server/src/generated/prisma/client/index.d.ts,varies,prisma JSDoc example,NOT_APPLICABLE,generated-jsdoc,N/A,JSDoc comment in generated Prisma client .d.ts (not active code),NONE,2026-05-28T20:10:00Z,s4-cov11-13
386,./server/src/generated/prisma/client/index.d.ts,varies,prisma JSDoc example,NOT_APPLICABLE,generated-jsdoc,N/A,JSDoc comment in generated Prisma client .d.ts (not active code),NONE,2026-05-28T20:10:00Z,s4-cov11-13
387,./server/src/generated/prisma/client/index.d.ts,varies,prisma JSDoc example,NOT_APPLICABLE,generated-jsdoc,N/A,JSDoc comment in generated Prisma client .d.ts (not active code),NONE,2026-05-28T20:10:00Z,s4-cov11-13
388,./server/src/generated/prisma/client/index.d.ts,varies,prisma JSDoc example,NOT_APPLICABLE,generated-jsdoc,N/A,JSDoc comment in generated Prisma client .d.ts (not active code),NONE,2026-05-28T20:10:00Z,s4-cov11-13
389,./server/src/generated/prisma/client/index.d.ts,varies,prisma JSDoc example,NOT_APPLICABLE,generated-jsdoc,N/A,JSDoc comment in generated Prisma client .d.ts (not active code),NONE,2026-05-28T20:10:00Z,s4-cov11-13
390,./server/src/generated/prisma/client/index.d.ts,varies,prisma JSDoc example,NOT_APPLICABLE,generated-jsdoc,N/A,JSDoc comment in generated Prisma client .d.ts (not active code),NONE,2026-05-28T20:10:00Z,s4-cov11-13
391,./server/src/generated/prisma/client/index.d.ts,varies,prisma JSDoc example,NOT_APPLICABLE,generated-jsdoc,N/A,JSDoc comment in generated Prisma client .d.ts (not active code),NONE,2026-05-28T20:10:00Z,s4-cov11-13
392,./server/src/generated/prisma/client/index.d.ts,varies,prisma JSDoc example,NOT_APPLICABLE,generated-jsdoc,N/A,JSDoc comment in generated Prisma client .d.ts (not active code),NONE,2026-05-28T20:10:00Z,s4-cov11-13
393,./server/src/generated/prisma/client/index.d.ts,varies,prisma JSDoc example,NOT_APPLICABLE,generated-jsdoc,N/A,JSDoc comment in generated Prisma client .d.ts (not active code),NONE,2026-05-28T20:10:00Z,s4-cov11-13
394,./server/src/generated/prisma/client/index.d.ts,varies,prisma JSDoc example,NOT_APPLICABLE,generated-jsdoc,N/A,JSDoc comment in generated Prisma client .d.ts (not active code),NONE,2026-05-28T20:10:00Z,s4-cov11-13
395,./server/src/generated/prisma/client/index.d.ts,varies,prisma JSDoc example,NOT_APPLICABLE,generated-jsdoc,N/A,JSDoc comment in generated Prisma client .d.ts (not active code),NONE,2026-05-28T20:10:00Z,s4-cov11-13
396,./server/src/generated/prisma/client/index.d.ts,varies,prisma JSDoc example,NOT_APPLICABLE,generated-jsdoc,N/A,JSDoc comment in generated Prisma client .d.ts (not active code),NONE,2026-05-28T20:10:00Z,s4-cov11-13
397,./server/src/generated/prisma/client/index.d.ts,varies,prisma JSDoc example,NOT_APPLICABLE,generated-jsdoc,N/A,JSDoc comment in generated Prisma client .d.ts (not active code),NONE,2026-05-28T20:10:00Z,s4-cov11-13
398,./server/src/generated/prisma/client/index.d.ts,varies,prisma JSDoc example,NOT_APPLICABLE,generated-jsdoc,N/A,JSDoc comment in generated Prisma client .d.ts (not active code),NONE,2026-05-28T20:10:00Z,s4-cov11-13
399,./server/src/generated/prisma/client/index.d.ts,varies,prisma JSDoc example,NOT_APPLICABLE,generated-jsdoc,N/A,JSDoc comment in generated Prisma client .d.ts (not active code),NONE,2026-05-28T20:10:00Z,s4-cov11-13
400,./server/src/generated/prisma/client/index.d.ts,varies,prisma JSDoc example,NOT_APPLICABLE,generated-jsdoc,N/A,JSDoc comment in generated Prisma client .d.ts (not active code),NONE,2026-05-28T20:10:00Z,s4-cov11-13
401,./server/src/generated/prisma/client/index.d.ts,varies,prisma JSDoc example,NOT_APPLICABLE,generated-jsdoc,N/A,JSDoc comment in generated Prisma client .d.ts (not active code),NONE,2026-05-28T20:10:00Z,s4-cov11-14
402,./server/src/generated/prisma/client/index.d.ts,varies,prisma JSDoc example,NOT_APPLICABLE,generated-jsdoc,N/A,JSDoc comment in generated Prisma client .d.ts (not active code),NONE,2026-05-28T20:10:00Z,s4-cov11-14
403,./server/src/generated/prisma/client/index.d.ts,varies,prisma JSDoc example,NOT_APPLICABLE,generated-jsdoc,N/A,JSDoc comment in generated Prisma client .d.ts (not active code),NONE,2026-05-28T20:10:00Z,s4-cov11-14
404,./server/src/generated/prisma/client/index.d.ts,varies,prisma JSDoc example,NOT_APPLICABLE,generated-jsdoc,N/A,JSDoc comment in generated Prisma client .d.ts (not active code),NONE,2026-05-28T20:10:00Z,s4-cov11-14
405,./server/src/generated/prisma/client/index.d.ts,varies,prisma JSDoc example,NOT_APPLICABLE,generated-jsdoc,N/A,JSDoc comment in generated Prisma client .d.ts (not active code),NONE,2026-05-28T20:10:00Z,s4-cov11-14
406,./server/src/generated/prisma/client/index.d.ts,varies,prisma JSDoc example,NOT_APPLICABLE,generated-jsdoc,N/A,JSDoc comment in generated Prisma client .d.ts (not active code),NONE,2026-05-28T20:10:00Z,s4-cov11-14
407,./server/src/generated/prisma/client/index.d.ts,varies,prisma JSDoc example,NOT_APPLICABLE,generated-jsdoc,N/A,JSDoc comment in generated Prisma client .d.ts (not active code),NONE,2026-05-28T20:10:00Z,s4-cov11-14
408,./server/src/generated/prisma/client/index.d.ts,varies,prisma JSDoc example,NOT_APPLICABLE,generated-jsdoc,N/A,JSDoc comment in generated Prisma client .d.ts (not active code),NONE,2026-05-28T20:10:00Z,s4-cov11-14
409,./server/src/generated/prisma/client/index.d.ts,varies,prisma JSDoc example,NOT_APPLICABLE,generated-jsdoc,N/A,JSDoc comment in generated Prisma client .d.ts (not active code),NONE,2026-05-28T20:10:00Z,s4-cov11-14
410,./server/src/generated/prisma/client/index.d.ts,varies,prisma JSDoc example,NOT_APPLICABLE,generated-jsdoc,N/A,JSDoc comment in generated Prisma client .d.ts (not active code),NONE,2026-05-28T20:10:00Z,s4-cov11-14
411,./server/src/generated/prisma/client/index.d.ts,varies,prisma JSDoc example,NOT_APPLICABLE,generated-jsdoc,N/A,JSDoc comment in generated Prisma client .d.ts (not active code),NONE,2026-05-28T20:10:00Z,s4-cov11-14
412,./server/src/generated/prisma/client/index.d.ts,varies,prisma JSDoc example,NOT_APPLICABLE,generated-jsdoc,N/A,JSDoc comment in generated Prisma client .d.ts (not active code),NONE,2026-05-28T20:10:00Z,s4-cov11-14
413,./server/src/generated/prisma/client/index.d.ts,varies,prisma JSDoc example,NOT_APPLICABLE,generated-jsdoc,N/A,JSDoc comment in generated Prisma client .d.ts (not active code),NONE,2026-05-28T20:10:00Z,s4-cov11-14
414,./server/src/generated/prisma/client/index.d.ts,varies,prisma JSDoc example,NOT_APPLICABLE,generated-jsdoc,N/A,JSDoc comment in generated Prisma client .d.ts (not active code),NONE,2026-05-28T20:10:00Z,s4-cov11-14
415,./server/src/generated/prisma/client/index.d.ts,varies,prisma JSDoc example,NOT_APPLICABLE,generated-jsdoc,N/A,JSDoc comment in generated Prisma client .d.ts (not active code),NONE,2026-05-28T20:10:00Z,s4-cov11-14
416,./server/src/generated/prisma/client/index.d.ts,varies,prisma JSDoc example,NOT_APPLICABLE,generated-jsdoc,N/A,JSDoc comment in generated Prisma client .d.ts (not active code),NONE,2026-05-28T20:10:00Z,s4-cov11-14
417,./server/src/generated/prisma/client/index.d.ts,varies,prisma JSDoc example,NOT_APPLICABLE,generated-jsdoc,N/A,JSDoc comment in generated Prisma client .d.ts (not active code),NONE,2026-05-28T20:10:00Z,s4-cov11-14
418,./server/src/generated/prisma/client/index.d.ts,varies,prisma JSDoc example,NOT_APPLICABLE,generated-jsdoc,N/A,JSDoc comment in generated Prisma client .d.ts (not active code),NONE,2026-05-28T20:10:00Z,s4-cov11-14
419,./server/src/generated/prisma/client/index.d.ts,varies,prisma JSDoc example,NOT_APPLICABLE,generated-jsdoc,N/A,JSDoc comment in generated Prisma client .d.ts (not active code),NONE,2026-05-28T20:10:00Z,s4-cov11-14
420,./server/src/generated/prisma/client/index.d.ts,varies,prisma JSDoc example,NOT_APPLICABLE,generated-jsdoc,N/A,JSDoc comment in generated Prisma client .d.ts (not active code),NONE,2026-05-28T20:10:00Z,s4-cov11-14
421,./server/src/generated/prisma/client/index.d.ts,varies,prisma JSDoc example,NOT_APPLICABLE,generated-jsdoc,N/A,JSDoc comment in generated Prisma client .d.ts (not active code),NONE,2026-05-28T20:10:00Z,s4-cov11-14
422,./server/src/generated/prisma/client/index.d.ts,varies,prisma JSDoc example,NOT_APPLICABLE,generated-jsdoc,N/A,JSDoc comment in generated Prisma client .d.ts (not active code),NONE,2026-05-28T20:10:00Z,s4-cov11-14
423,./server/src/generated/prisma/client/index.d.ts,varies,prisma JSDoc example,NOT_APPLICABLE,generated-jsdoc,N/A,JSDoc comment in generated Prisma client .d.ts (not active code),NONE,2026-05-28T20:10:00Z,s4-cov11-14
424,./server/src/generated/prisma/client/index.d.ts,varies,prisma JSDoc example,NOT_APPLICABLE,generated-jsdoc,N/A,JSDoc comment in generated Prisma client .d.ts (not active code),NONE,2026-05-28T20:10:00Z,s4-cov11-14
425,./server/src/generated/prisma/client/index.d.ts,varies,prisma JSDoc example,NOT_APPLICABLE,generated-jsdoc,N/A,JSDoc comment in generated Prisma client .d.ts (not active code),NONE,2026-05-28T20:10:00Z,s4-cov11-14
426,./server/src/generated/prisma/client/index.d.ts,varies,prisma JSDoc example,NOT_APPLICABLE,generated-jsdoc,N/A,JSDoc comment in generated Prisma client .d.ts (not active code),NONE,2026-05-28T20:10:00Z,s4-cov11-15
427,./server/src/generated/prisma/client/index.d.ts,varies,prisma JSDoc example,NOT_APPLICABLE,generated-jsdoc,N/A,JSDoc comment in generated Prisma client .d.ts (not active code),NONE,2026-05-28T20:10:00Z,s4-cov11-15
428,./server/src/generated/prisma/client/index.d.ts,varies,prisma JSDoc example,NOT_APPLICABLE,generated-jsdoc,N/A,JSDoc comment in generated Prisma client .d.ts (not active code),NONE,2026-05-28T20:10:00Z,s4-cov11-15
429,./server/src/generated/prisma/client/index.d.ts,varies,prisma JSDoc example,NOT_APPLICABLE,generated-jsdoc,N/A,JSDoc comment in generated Prisma client .d.ts (not active code),NONE,2026-05-28T20:10:00Z,s4-cov11-15
430,./server/src/generated/prisma/client/index.d.ts,varies,prisma JSDoc example,NOT_APPLICABLE,generated-jsdoc,N/A,JSDoc comment in generated Prisma client .d.ts (not active code),NONE,2026-05-28T20:10:00Z,s4-cov11-15
431,./server/src/generated/prisma/client/index.d.ts,varies,prisma JSDoc example,NOT_APPLICABLE,generated-jsdoc,N/A,JSDoc comment in generated Prisma client .d.ts (not active code),NONE,2026-05-28T20:10:00Z,s4-cov11-15
432,./server/src/generated/prisma/client/index.d.ts,varies,prisma JSDoc example,NOT_APPLICABLE,generated-jsdoc,N/A,JSDoc comment in generated Prisma client .d.ts (not active code),NONE,2026-05-28T20:10:00Z,s4-cov11-15
433,./server/src/generated/prisma/client/index.d.ts,varies,prisma JSDoc example,NOT_APPLICABLE,generated-jsdoc,N/A,JSDoc comment in generated Prisma client .d.ts (not active code),NONE,2026-05-28T20:10:00Z,s4-cov11-15
434,./server/src/generated/prisma/client/index.d.ts,varies,prisma JSDoc example,NOT_APPLICABLE,generated-jsdoc,N/A,JSDoc comment in generated Prisma client .d.ts (not active code),NONE,2026-05-28T20:10:00Z,s4-cov11-15
435,./server/src/generated/prisma/client/index.d.ts,varies,prisma JSDoc example,NOT_APPLICABLE,generated-jsdoc,N/A,JSDoc comment in generated Prisma client .d.ts (not active code),NONE,2026-05-28T20:10:00Z,s4-cov11-15
436,./server/src/generated/prisma/client/index.d.ts,varies,prisma JSDoc example,NOT_APPLICABLE,generated-jsdoc,N/A,JSDoc comment in generated Prisma client .d.ts (not active code),NONE,2026-05-28T20:10:00Z,s4-cov11-15
437,./server/src/generated/prisma/client/index.d.ts,varies,prisma JSDoc example,NOT_APPLICABLE,generated-jsdoc,N/A,JSDoc comment in generated Prisma client .d.ts (not active code),NONE,2026-05-28T20:10:00Z,s4-cov11-15
438,./server/src/generated/prisma/client/index.d.ts,varies,prisma JSDoc example,NOT_APPLICABLE,generated-jsdoc,N/A,JSDoc comment in generated Prisma client .d.ts (not active code),NONE,2026-05-28T20:10:00Z,s4-cov11-15
439,./server/src/generated/prisma/client/index.d.ts,varies,prisma JSDoc example,NOT_APPLICABLE,generated-jsdoc,N/A,JSDoc comment in generated Prisma client .d.ts (not active code),NONE,2026-05-28T20:10:00Z,s4-cov11-15
440,./server/src/generated/prisma/client/index.d.ts,varies,prisma JSDoc example,NOT_APPLICABLE,generated-jsdoc,N/A,JSDoc comment in generated Prisma client .d.ts (not active code),NONE,2026-05-28T20:10:00Z,s4-cov11-15
441,./server/src/generated/prisma/client/index.d.ts,varies,prisma JSDoc example,NOT_APPLICABLE,generated-jsdoc,N/A,JSDoc comment in generated Prisma client .d.ts (not active code),NONE,2026-05-28T20:10:00Z,s4-cov11-15
442,./server/src/generated/prisma/client/index.d.ts,varies,prisma JSDoc example,NOT_APPLICABLE,generated-jsdoc,N/A,JSDoc comment in generated Prisma client .d.ts (not active code),NONE,2026-05-28T20:10:00Z,s4-cov11-15
443,./server/src/generated/prisma/client/index.d.ts,varies,prisma JSDoc example,NOT_APPLICABLE,generated-jsdoc,N/A,JSDoc comment in generated Prisma client .d.ts (not active code),NONE,2026-05-28T20:10:00Z,s4-cov11-15
444,./server/src/generated/prisma/client/index.d.ts,varies,prisma JSDoc example,NOT_APPLICABLE,generated-jsdoc,N/A,JSDoc comment in generated Prisma client .d.ts (not active code),NONE,2026-05-28T20:10:00Z,s4-cov11-15
445,./server/src/generated/prisma/client/index.d.ts,varies,prisma JSDoc example,NOT_APPLICABLE,generated-jsdoc,N/A,JSDoc comment in generated Prisma client .d.ts (not active code),NONE,2026-05-28T20:10:00Z,s4-cov11-15
446,./server/src/generated/prisma/client/index.d.ts,varies,prisma JSDoc example,NOT_APPLICABLE,generated-jsdoc,N/A,JSDoc comment in generated Prisma client .d.ts (not active code),NONE,2026-05-28T20:10:00Z,s4-cov11-15
447,./server/src/generated/prisma/client/index.d.ts,varies,prisma JSDoc example,NOT_APPLICABLE,generated-jsdoc,N/A,JSDoc comment in generated Prisma client .d.ts (not active code),NONE,2026-05-28T20:10:00Z,s4-cov11-15
448,./server/src/generated/prisma/client/index.d.ts,varies,prisma JSDoc example,NOT_APPLICABLE,generated-jsdoc,N/A,JSDoc comment in generated Prisma client .d.ts (not active code),NONE,2026-05-28T20:10:00Z,s4-cov11-15
449,./server/src/generated/prisma/client/index.d.ts,varies,prisma JSDoc example,NOT_APPLICABLE,generated-jsdoc,N/A,JSDoc comment in generated Prisma client .d.ts (not active code),NONE,2026-05-28T20:10:00Z,s4-cov11-15
450,./server/src/generated/prisma/client/index.d.ts,varies,prisma JSDoc example,NOT_APPLICABLE,generated-jsdoc,N/A,JSDoc comment in generated Prisma client .d.ts (not active code),NONE,2026-05-28T20:10:00Z,s4-cov11-15
451,./server/src/generated/prisma/client/index.d.ts,varies,prisma JSDoc example,NOT_APPLICABLE,generated-jsdoc,N/A,JSDoc comment in generated Prisma client .d.ts (not active code),NONE,2026-05-28T20:10:00Z,s4-cov11-16
452,./server/src/generated/prisma/client/index.d.ts,varies,prisma JSDoc example,NOT_APPLICABLE,generated-jsdoc,N/A,JSDoc comment in generated Prisma client .d.ts (not active code),NONE,2026-05-28T20:10:00Z,s4-cov11-16
453,./server/src/generated/prisma/client/index.d.ts,varies,prisma JSDoc example,NOT_APPLICABLE,generated-jsdoc,N/A,JSDoc comment in generated Prisma client .d.ts (not active code),NONE,2026-05-28T20:10:00Z,s4-cov11-16
454,./server/src/generated/prisma/client/index.d.ts,varies,prisma JSDoc example,NOT_APPLICABLE,generated-jsdoc,N/A,JSDoc comment in generated Prisma client .d.ts (not active code),NONE,2026-05-28T20:10:00Z,s4-cov11-16
455,./server/src/generated/prisma/client/index.d.ts,varies,prisma JSDoc example,NOT_APPLICABLE,generated-jsdoc,N/A,JSDoc comment in generated Prisma client .d.ts (not active code),NONE,2026-05-28T20:10:00Z,s4-cov11-16
456,./server/src/generated/prisma/client/index.d.ts,varies,prisma JSDoc example,NOT_APPLICABLE,generated-jsdoc,N/A,JSDoc comment in generated Prisma client .d.ts (not active code),NONE,2026-05-28T20:10:00Z,s4-cov11-16
457,./server/src/generated/prisma/client/index.d.ts,varies,prisma JSDoc example,NOT_APPLICABLE,generated-jsdoc,N/A,JSDoc comment in generated Prisma client .d.ts (not active code),NONE,2026-05-28T20:10:00Z,s4-cov11-16
458,./server/src/generated/prisma/client/index.d.ts,varies,prisma JSDoc example,NOT_APPLICABLE,generated-jsdoc,N/A,JSDoc comment in generated Prisma client .d.ts (not active code),NONE,2026-05-28T20:10:00Z,s4-cov11-16
459,./server/src/generated/prisma/client/index.d.ts,varies,prisma JSDoc example,NOT_APPLICABLE,generated-jsdoc,N/A,JSDoc comment in generated Prisma client .d.ts (not active code),NONE,2026-05-28T20:10:00Z,s4-cov11-16
460,./server/src/generated/prisma/client/index.d.ts,varies,prisma JSDoc example,NOT_APPLICABLE,generated-jsdoc,N/A,JSDoc comment in generated Prisma client .d.ts (not active code),NONE,2026-05-28T20:10:00Z,s4-cov11-16
461,./server/src/generated/prisma/client/index.d.ts,varies,prisma JSDoc example,NOT_APPLICABLE,generated-jsdoc,N/A,JSDoc comment in generated Prisma client .d.ts (not active code),NONE,2026-05-28T20:10:00Z,s4-cov11-16
462,./server/src/generated/prisma/client/index.d.ts,varies,prisma JSDoc example,NOT_APPLICABLE,generated-jsdoc,N/A,JSDoc comment in generated Prisma client .d.ts (not active code),NONE,2026-05-28T20:10:00Z,s4-cov11-16
463,./server/src/generated/prisma/client/index.d.ts,varies,prisma JSDoc example,NOT_APPLICABLE,generated-jsdoc,N/A,JSDoc comment in generated Prisma client .d.ts (not active code),NONE,2026-05-28T20:10:00Z,s4-cov11-16
464,./server/src/generated/prisma/client/index.d.ts,varies,prisma JSDoc example,NOT_APPLICABLE,generated-jsdoc,N/A,JSDoc comment in generated Prisma client .d.ts (not active code),NONE,2026-05-28T20:10:00Z,s4-cov11-16
465,./server/src/generated/prisma/client/index.d.ts,varies,prisma JSDoc example,NOT_APPLICABLE,generated-jsdoc,N/A,JSDoc comment in generated Prisma client .d.ts (not active code),NONE,2026-05-28T20:10:00Z,s4-cov11-16
466,./server/src/generated/prisma/client/index.d.ts,varies,prisma JSDoc example,NOT_APPLICABLE,generated-jsdoc,N/A,JSDoc comment in generated Prisma client .d.ts (not active code),NONE,2026-05-28T20:10:00Z,s4-cov11-16
467,./server/src/generated/prisma/client/index.d.ts,varies,prisma JSDoc example,NOT_APPLICABLE,generated-jsdoc,N/A,JSDoc comment in generated Prisma client .d.ts (not active code),NONE,2026-05-28T20:10:00Z,s4-cov11-16
468,./server/src/generated/prisma/client/index.d.ts,varies,prisma JSDoc example,NOT_APPLICABLE,generated-jsdoc,N/A,JSDoc comment in generated Prisma client .d.ts (not active code),NONE,2026-05-28T20:10:00Z,s4-cov11-16
469,./server/src/generated/prisma/client/index.d.ts,varies,prisma JSDoc example,NOT_APPLICABLE,generated-jsdoc,N/A,JSDoc comment in generated Prisma client .d.ts (not active code),NONE,2026-05-28T20:10:00Z,s4-cov11-16
470,./server/src/generated/prisma/client/index.d.ts,varies,prisma JSDoc example,NOT_APPLICABLE,generated-jsdoc,N/A,JSDoc comment in generated Prisma client .d.ts (not active code),NONE,2026-05-28T20:10:00Z,s4-cov11-16
471,./server/src/generated/prisma/client/index.d.ts,varies,prisma JSDoc example,NOT_APPLICABLE,generated-jsdoc,N/A,JSDoc comment in generated Prisma client .d.ts (not active code),NONE,2026-05-28T20:10:00Z,s4-cov11-16
472,./server/src/generated/prisma/client/index.d.ts,varies,prisma JSDoc example,NOT_APPLICABLE,generated-jsdoc,N/A,JSDoc comment in generated Prisma client .d.ts (not active code),NONE,2026-05-28T20:10:00Z,s4-cov11-16
473,./server/src/generated/prisma/client/index.d.ts,varies,prisma JSDoc example,NOT_APPLICABLE,generated-jsdoc,N/A,JSDoc comment in generated Prisma client .d.ts (not active code),NONE,2026-05-28T20:10:00Z,s4-cov11-16
474,./server/src/generated/prisma/client/index.d.ts,varies,prisma JSDoc example,NOT_APPLICABLE,generated-jsdoc,N/A,JSDoc comment in generated Prisma client .d.ts (not active code),NONE,2026-05-28T20:10:00Z,s4-cov11-16
475,./server/src/generated/prisma/client/index.d.ts,varies,prisma JSDoc example,NOT_APPLICABLE,generated-jsdoc,N/A,JSDoc comment in generated Prisma client .d.ts (not active code),NONE,2026-05-28T20:10:00Z,s4-cov11-16
476,./server/src/generated/prisma/client/index.d.ts,varies,prisma JSDoc example,NOT_APPLICABLE,generated-jsdoc,N/A,JSDoc comment in generated Prisma client .d.ts (not active code),NONE,2026-05-28T20:10:00Z,s4-cov11-17
477,./server/src/generated/prisma/client/index.d.ts,varies,prisma JSDoc example,NOT_APPLICABLE,generated-jsdoc,N/A,JSDoc comment in generated Prisma client .d.ts (not active code),NONE,2026-05-28T20:10:00Z,s4-cov11-17
478,./server/src/generated/prisma/client/index.d.ts,varies,prisma JSDoc example,NOT_APPLICABLE,generated-jsdoc,N/A,JSDoc comment in generated Prisma client .d.ts (not active code),NONE,2026-05-28T20:10:00Z,s4-cov11-17
479,./server/src/generated/prisma/client/index.d.ts,varies,prisma JSDoc example,NOT_APPLICABLE,generated-jsdoc,N/A,JSDoc comment in generated Prisma client .d.ts (not active code),NONE,2026-05-28T20:10:00Z,s4-cov11-17
480,./server/src/generated/prisma/client/index.d.ts,varies,prisma JSDoc example,NOT_APPLICABLE,generated-jsdoc,N/A,JSDoc comment in generated Prisma client .d.ts (not active code),NONE,2026-05-28T20:10:00Z,s4-cov11-17
481,./server/src/generated/prisma/client/index.d.ts,varies,prisma JSDoc example,NOT_APPLICABLE,generated-jsdoc,N/A,JSDoc comment in generated Prisma client .d.ts (not active code),NONE,2026-05-28T20:10:00Z,s4-cov11-17
482,./server/src/generated/prisma/client/index.d.ts,varies,prisma JSDoc example,NOT_APPLICABLE,generated-jsdoc,N/A,JSDoc comment in generated Prisma client .d.ts (not active code),NONE,2026-05-28T20:10:00Z,s4-cov11-17
483,./server/src/generated/prisma/client/index.d.ts,varies,prisma JSDoc example,NOT_APPLICABLE,generated-jsdoc,N/A,JSDoc comment in generated Prisma client .d.ts (not active code),NONE,2026-05-28T20:10:00Z,s4-cov11-17
484,./server/src/generated/prisma/client/index.d.ts,varies,prisma JSDoc example,NOT_APPLICABLE,generated-jsdoc,N/A,JSDoc comment in generated Prisma client .d.ts (not active code),NONE,2026-05-28T20:10:00Z,s4-cov11-17
485,./server/src/generated/prisma/client/index.d.ts,varies,prisma JSDoc example,NOT_APPLICABLE,generated-jsdoc,N/A,JSDoc comment in generated Prisma client .d.ts (not active code),NONE,2026-05-28T20:10:00Z,s4-cov11-17
486,./server/src/generated/prisma/client/index.d.ts,varies,prisma JSDoc example,NOT_APPLICABLE,generated-jsdoc,N/A,JSDoc comment in generated Prisma client .d.ts (not active code),NONE,2026-05-28T20:10:00Z,s4-cov11-17
487,./server/src/generated/prisma/client/index.d.ts,varies,prisma JSDoc example,NOT_APPLICABLE,generated-jsdoc,N/A,JSDoc comment in generated Prisma client .d.ts (not active code),NONE,2026-05-28T20:10:00Z,s4-cov11-17
488,./server/src/generated/prisma/client/index.d.ts,varies,prisma JSDoc example,NOT_APPLICABLE,generated-jsdoc,N/A,JSDoc comment in generated Prisma client .d.ts (not active code),NONE,2026-05-28T20:10:00Z,s4-cov11-17
489,./server/src/generated/prisma/client/index.d.ts,varies,prisma JSDoc example,NOT_APPLICABLE,generated-jsdoc,N/A,JSDoc comment in generated Prisma client .d.ts (not active code),NONE,2026-05-28T20:10:00Z,s4-cov11-17
490,./server/src/generated/prisma/client/index.d.ts,varies,prisma JSDoc example,NOT_APPLICABLE,generated-jsdoc,N/A,JSDoc comment in generated Prisma client .d.ts (not active code),NONE,2026-05-28T20:10:00Z,s4-cov11-17
491,./server/src/generated/prisma/client/index.d.ts,varies,prisma JSDoc example,NOT_APPLICABLE,generated-jsdoc,N/A,JSDoc comment in generated Prisma client .d.ts (not active code),NONE,2026-05-28T20:10:00Z,s4-cov11-17
492,./server/src/generated/prisma/client/index.d.ts,varies,prisma JSDoc example,NOT_APPLICABLE,generated-jsdoc,N/A,JSDoc comment in generated Prisma client .d.ts (not active code),NONE,2026-05-28T20:10:00Z,s4-cov11-17
493,./server/src/generated/prisma/client/index.d.ts,varies,prisma JSDoc example,NOT_APPLICABLE,generated-jsdoc,N/A,JSDoc comment in generated Prisma client .d.ts (not active code),NONE,2026-05-28T20:10:00Z,s4-cov11-17
494,./server/src/generated/prisma/client/index.d.ts,varies,prisma JSDoc example,NOT_APPLICABLE,generated-jsdoc,N/A,JSDoc comment in generated Prisma client .d.ts (not active code),NONE,2026-05-28T20:10:00Z,s4-cov11-17
495,./server/src/generated/prisma/client/index.d.ts,varies,prisma JSDoc example,NOT_APPLICABLE,generated-jsdoc,N/A,JSDoc comment in generated Prisma client .d.ts (not active code),NONE,2026-05-28T20:10:00Z,s4-cov11-17
496,./server/src/generated/prisma/client/index.d.ts,varies,prisma JSDoc example,NOT_APPLICABLE,generated-jsdoc,N/A,JSDoc comment in generated Prisma client .d.ts (not active code),NONE,2026-05-28T20:10:00Z,s4-cov11-17
497,./server/src/generated/prisma/client/index.d.ts,varies,prisma JSDoc example,NOT_APPLICABLE,generated-jsdoc,N/A,JSDoc comment in generated Prisma client .d.ts (not active code),NONE,2026-05-28T20:10:00Z,s4-cov11-17
498,./server/src/generated/prisma/client/index.d.ts,varies,prisma JSDoc example,NOT_APPLICABLE,generated-jsdoc,N/A,JSDoc comment in generated Prisma client .d.ts (not active code),NONE,2026-05-28T20:10:00Z,s4-cov11-17
499,./server/src/generated/prisma/client/index.d.ts,varies,prisma JSDoc example,NOT_APPLICABLE,generated-jsdoc,N/A,JSDoc comment in generated Prisma client .d.ts (not active code),NONE,2026-05-28T20:10:00Z,s4-cov11-17
500,./server/src/generated/prisma/client/index.d.ts,varies,prisma JSDoc example,NOT_APPLICABLE,generated-jsdoc,N/A,JSDoc comment in generated Prisma client .d.ts (not active code),NONE,2026-05-28T20:10:00Z,s4-cov11-17
501,./server/src/generated/prisma/client/index.d.ts,varies,prisma JSDoc example,NOT_APPLICABLE,generated-jsdoc,N/A,JSDoc comment in generated Prisma client .d.ts (not active code),NONE,2026-05-28T20:10:00Z,s4-cov11-18
502,./server/src/generated/prisma/client/index.d.ts,varies,prisma JSDoc example,NOT_APPLICABLE,generated-jsdoc,N/A,JSDoc comment in generated Prisma client .d.ts (not active code),NONE,2026-05-28T20:10:00Z,s4-cov11-18
503,./server/src/generated/prisma/client/index.d.ts,varies,prisma JSDoc example,NOT_APPLICABLE,generated-jsdoc,N/A,JSDoc comment in generated Prisma client .d.ts (not active code),NONE,2026-05-28T20:10:00Z,s4-cov11-18
504,./server/src/generated/prisma/client/index.d.ts,varies,prisma JSDoc example,NOT_APPLICABLE,generated-jsdoc,N/A,JSDoc comment in generated Prisma client .d.ts (not active code),NONE,2026-05-28T20:10:00Z,s4-cov11-18
505,./server/src/generated/prisma/client/index.d.ts,varies,prisma JSDoc example,NOT_APPLICABLE,generated-jsdoc,N/A,JSDoc comment in generated Prisma client .d.ts (not active code),NONE,2026-05-28T20:10:00Z,s4-cov11-18
506,./server/src/generated/prisma/client/index.d.ts,varies,prisma JSDoc example,NOT_APPLICABLE,generated-jsdoc,N/A,JSDoc comment in generated Prisma client .d.ts (not active code),NONE,2026-05-28T20:10:00Z,s4-cov11-18
507,./server/src/generated/prisma/client/index.d.ts,varies,prisma JSDoc example,NOT_APPLICABLE,generated-jsdoc,N/A,JSDoc comment in generated Prisma client .d.ts (not active code),NONE,2026-05-28T20:10:00Z,s4-cov11-18
508,./server/src/generated/prisma/client/index.d.ts,varies,prisma JSDoc example,NOT_APPLICABLE,generated-jsdoc,N/A,JSDoc comment in generated Prisma client .d.ts (not active code),NONE,2026-05-28T20:10:00Z,s4-cov11-18
509,./server/src/generated/prisma/client/index.d.ts,varies,prisma JSDoc example,NOT_APPLICABLE,generated-jsdoc,N/A,JSDoc comment in generated Prisma client .d.ts (not active code),NONE,2026-05-28T20:10:00Z,s4-cov11-18
510,./server/src/generated/prisma/client/index.d.ts,varies,prisma JSDoc example,NOT_APPLICABLE,generated-jsdoc,N/A,JSDoc comment in generated Prisma client .d.ts (not active code),NONE,2026-05-28T20:10:00Z,s4-cov11-18
511,./server/src/generated/prisma/client/index.d.ts,varies,prisma JSDoc example,NOT_APPLICABLE,generated-jsdoc,N/A,JSDoc comment in generated Prisma client .d.ts (not active code),NONE,2026-05-28T20:10:00Z,s4-cov11-18
512,./server/src/generated/prisma/client/index.d.ts,varies,prisma JSDoc example,NOT_APPLICABLE,generated-jsdoc,N/A,JSDoc comment in generated Prisma client .d.ts (not active code),NONE,2026-05-28T20:10:00Z,s4-cov11-18
513,./server/src/generated/prisma/client/index.d.ts,varies,prisma JSDoc example,NOT_APPLICABLE,generated-jsdoc,N/A,JSDoc comment in generated Prisma client .d.ts (not active code),NONE,2026-05-28T20:10:00Z,s4-cov11-18
514,./server/src/generated/prisma/client/index.d.ts,varies,prisma JSDoc example,NOT_APPLICABLE,generated-jsdoc,N/A,JSDoc comment in generated Prisma client .d.ts (not active code),NONE,2026-05-28T20:10:00Z,s4-cov11-18
515,./server/src/generated/prisma/client/index.d.ts,varies,prisma JSDoc example,NOT_APPLICABLE,generated-jsdoc,N/A,JSDoc comment in generated Prisma client .d.ts (not active code),NONE,2026-05-28T20:10:00Z,s4-cov11-18
516,./server/src/generated/prisma/client/index.d.ts,varies,prisma JSDoc example,NOT_APPLICABLE,generated-jsdoc,N/A,JSDoc comment in generated Prisma client .d.ts (not active code),NONE,2026-05-28T20:10:00Z,s4-cov11-18
517,./server/src/generated/prisma/client/index.d.ts,varies,prisma JSDoc example,NOT_APPLICABLE,generated-jsdoc,N/A,JSDoc comment in generated Prisma client .d.ts (not active code),NONE,2026-05-28T20:10:00Z,s4-cov11-18
518,./server/src/generated/prisma/client/index.d.ts,varies,prisma JSDoc example,NOT_APPLICABLE,generated-jsdoc,N/A,JSDoc comment in generated Prisma client .d.ts (not active code),NONE,2026-05-28T20:10:00Z,s4-cov11-18
519,./server/src/generated/prisma/client/index.d.ts,varies,prisma JSDoc example,NOT_APPLICABLE,generated-jsdoc,N/A,JSDoc comment in generated Prisma client .d.ts (not active code),NONE,2026-05-28T20:10:00Z,s4-cov11-18
520,./server/src/generated/prisma/client/index.d.ts,varies,prisma JSDoc example,NOT_APPLICABLE,generated-jsdoc,N/A,JSDoc comment in generated Prisma client .d.ts (not active code),NONE,2026-05-28T20:10:00Z,s4-cov11-18
521,./server/src/generated/prisma/client/index.d.ts,varies,prisma JSDoc example,NOT_APPLICABLE,generated-jsdoc,N/A,JSDoc comment in generated Prisma client .d.ts (not active code),NONE,2026-05-28T20:10:00Z,s4-cov11-18
522,./server/src/generated/prisma/client/index.d.ts,varies,prisma JSDoc example,NOT_APPLICABLE,generated-jsdoc,N/A,JSDoc comment in generated Prisma client .d.ts (not active code),NONE,2026-05-28T20:10:00Z,s4-cov11-18
523,./server/src/generated/prisma/client/index.d.ts,varies,prisma JSDoc example,NOT_APPLICABLE,generated-jsdoc,N/A,JSDoc comment in generated Prisma client .d.ts (not active code),NONE,2026-05-28T20:10:00Z,s4-cov11-18
524,./server/src/generated/prisma/client/index.d.ts,varies,prisma JSDoc example,NOT_APPLICABLE,generated-jsdoc,N/A,JSDoc comment in generated Prisma client .d.ts (not active code),NONE,2026-05-28T20:10:00Z,s4-cov11-18
525,./server/src/generated/prisma/client/index.d.ts,varies,prisma JSDoc example,NOT_APPLICABLE,generated-jsdoc,N/A,JSDoc comment in generated Prisma client .d.ts (not active code),NONE,2026-05-28T20:10:00Z,s4-cov11-18
526,./server/src/generated/prisma/client/index.d.ts,varies,prisma JSDoc example,NOT_APPLICABLE,generated-jsdoc,N/A,JSDoc comment in generated Prisma client .d.ts (not active code),NONE,2026-05-28T20:10:00Z,s4-cov11-19
527,./server/src/generated/prisma/client/index.d.ts,varies,prisma JSDoc example,NOT_APPLICABLE,generated-jsdoc,N/A,JSDoc comment in generated Prisma client .d.ts (not active code),NONE,2026-05-28T20:10:00Z,s4-cov11-19
528,./server/src/generated/prisma/client/index.d.ts,varies,prisma JSDoc example,NOT_APPLICABLE,generated-jsdoc,N/A,JSDoc comment in generated Prisma client .d.ts (not active code),NONE,2026-05-28T20:10:00Z,s4-cov11-19
529,./server/src/generated/prisma/client/index.d.ts,varies,prisma JSDoc example,NOT_APPLICABLE,generated-jsdoc,N/A,JSDoc comment in generated Prisma client .d.ts (not active code),NONE,2026-05-28T20:10:00Z,s4-cov11-19
530,./server/src/generated/prisma/client/index.d.ts,varies,prisma JSDoc example,NOT_APPLICABLE,generated-jsdoc,N/A,JSDoc comment in generated Prisma client .d.ts (not active code),NONE,2026-05-28T20:10:00Z,s4-cov11-19
531,./server/src/generated/prisma/client/index.d.ts,varies,prisma JSDoc example,NOT_APPLICABLE,generated-jsdoc,N/A,JSDoc comment in generated Prisma client .d.ts (not active code),NONE,2026-05-28T20:10:00Z,s4-cov11-19
532,./server/src/generated/prisma/client/index.d.ts,varies,prisma JSDoc example,NOT_APPLICABLE,generated-jsdoc,N/A,JSDoc comment in generated Prisma client .d.ts (not active code),NONE,2026-05-28T20:10:00Z,s4-cov11-19
533,./server/src/generated/prisma/client/index.d.ts,varies,prisma JSDoc example,NOT_APPLICABLE,generated-jsdoc,N/A,JSDoc comment in generated Prisma client .d.ts (not active code),NONE,2026-05-28T20:10:00Z,s4-cov11-19
534,./server/src/generated/prisma/client/index.d.ts,varies,prisma JSDoc example,NOT_APPLICABLE,generated-jsdoc,N/A,JSDoc comment in generated Prisma client .d.ts (not active code),NONE,2026-05-28T20:10:00Z,s4-cov11-19
535,./server/src/generated/prisma/client/index.d.ts,varies,prisma JSDoc example,NOT_APPLICABLE,generated-jsdoc,N/A,JSDoc comment in generated Prisma client .d.ts (not active code),NONE,2026-05-28T20:10:00Z,s4-cov11-19
536,./server/src/generated/prisma/client/index.d.ts,varies,prisma JSDoc example,NOT_APPLICABLE,generated-jsdoc,N/A,JSDoc comment in generated Prisma client .d.ts (not active code),NONE,2026-05-28T20:10:00Z,s4-cov11-19
537,./server/src/generated/prisma/client/index.d.ts,varies,prisma JSDoc example,NOT_APPLICABLE,generated-jsdoc,N/A,JSDoc comment in generated Prisma client .d.ts (not active code),NONE,2026-05-28T20:10:00Z,s4-cov11-19
538,./server/src/generated/prisma/client/index.d.ts,varies,prisma JSDoc example,NOT_APPLICABLE,generated-jsdoc,N/A,JSDoc comment in generated Prisma client .d.ts (not active code),NONE,2026-05-28T20:10:00Z,s4-cov11-19
539,./server/src/generated/prisma/client/index.d.ts,varies,prisma JSDoc example,NOT_APPLICABLE,generated-jsdoc,N/A,JSDoc comment in generated Prisma client .d.ts (not active code),NONE,2026-05-28T20:10:00Z,s4-cov11-19
540,./server/src/generated/prisma/client/index.d.ts,varies,prisma JSDoc example,NOT_APPLICABLE,generated-jsdoc,N/A,JSDoc comment in generated Prisma client .d.ts (not active code),NONE,2026-05-28T20:10:00Z,s4-cov11-19
541,./server/src/generated/prisma/client/index.d.ts,varies,prisma JSDoc example,NOT_APPLICABLE,generated-jsdoc,N/A,JSDoc comment in generated Prisma client .d.ts (not active code),NONE,2026-05-28T20:10:00Z,s4-cov11-19
542,./server/src/generated/prisma/client/index.d.ts,varies,prisma JSDoc example,NOT_APPLICABLE,generated-jsdoc,N/A,JSDoc comment in generated Prisma client .d.ts (not active code),NONE,2026-05-28T20:10:00Z,s4-cov11-19
543,./server/src/generated/prisma/client/index.d.ts,varies,prisma JSDoc example,NOT_APPLICABLE,generated-jsdoc,N/A,JSDoc comment in generated Prisma client .d.ts (not active code),NONE,2026-05-28T20:10:00Z,s4-cov11-19
544,./server/src/generated/prisma/client/index.d.ts,varies,prisma JSDoc example,NOT_APPLICABLE,generated-jsdoc,N/A,JSDoc comment in generated Prisma client .d.ts (not active code),NONE,2026-05-28T20:10:00Z,s4-cov11-19
545,./server/src/generated/prisma/client/index.d.ts,varies,prisma JSDoc example,NOT_APPLICABLE,generated-jsdoc,N/A,JSDoc comment in generated Prisma client .d.ts (not active code),NONE,2026-05-28T20:10:00Z,s4-cov11-19
546,./server/src/generated/prisma/client/index.d.ts,varies,prisma JSDoc example,NOT_APPLICABLE,generated-jsdoc,N/A,JSDoc comment in generated Prisma client .d.ts (not active code),NONE,2026-05-28T20:10:00Z,s4-cov11-19
547,./server/src/generated/prisma/client/index.d.ts,varies,prisma JSDoc example,NOT_APPLICABLE,generated-jsdoc,N/A,JSDoc comment in generated Prisma client .d.ts (not active code),NONE,2026-05-28T20:10:00Z,s4-cov11-19
548,./server/src/generated/prisma/client/index.d.ts,varies,prisma JSDoc example,NOT_APPLICABLE,generated-jsdoc,N/A,JSDoc comment in generated Prisma client .d.ts (not active code),NONE,2026-05-28T20:10:00Z,s4-cov11-19
549,./server/src/generated/prisma/client/index.d.ts,varies,prisma JSDoc example,NOT_APPLICABLE,generated-jsdoc,N/A,JSDoc comment in generated Prisma client .d.ts (not active code),NONE,2026-05-28T20:10:00Z,s4-cov11-19
550,./server/src/generated/prisma/client/index.d.ts,varies,prisma JSDoc example,NOT_APPLICABLE,generated-jsdoc,N/A,JSDoc comment in generated Prisma client .d.ts (not active code),NONE,2026-05-28T20:10:00Z,s4-cov11-19
551,./server/src/generated/prisma/client/index.d.ts,varies,prisma JSDoc example,NOT_APPLICABLE,generated-jsdoc,N/A,JSDoc comment in generated Prisma client .d.ts (not active code),NONE,2026-05-28T20:10:00Z,s4-cov11-20
552,./server/src/generated/prisma/client/index.d.ts,varies,prisma JSDoc example,NOT_APPLICABLE,generated-jsdoc,N/A,JSDoc comment in generated Prisma client .d.ts (not active code),NONE,2026-05-28T20:10:00Z,s4-cov11-20
553,./server/src/generated/prisma/client/index.d.ts,varies,prisma JSDoc example,NOT_APPLICABLE,generated-jsdoc,N/A,JSDoc comment in generated Prisma client .d.ts (not active code),NONE,2026-05-28T20:10:00Z,s4-cov11-20
554,./server/src/generated/prisma/client/index.d.ts,varies,prisma JSDoc example,NOT_APPLICABLE,generated-jsdoc,N/A,JSDoc comment in generated Prisma client .d.ts (not active code),NONE,2026-05-28T20:10:00Z,s4-cov11-20
555,./server/src/generated/prisma/client/index.d.ts,varies,prisma JSDoc example,NOT_APPLICABLE,generated-jsdoc,N/A,JSDoc comment in generated Prisma client .d.ts (not active code),NONE,2026-05-28T20:10:00Z,s4-cov11-20
556,./server/src/generated/prisma/client/index.d.ts,varies,prisma JSDoc example,NOT_APPLICABLE,generated-jsdoc,N/A,JSDoc comment in generated Prisma client .d.ts (not active code),NONE,2026-05-28T20:10:00Z,s4-cov11-20
557,./server/src/generated/prisma/client/index.d.ts,varies,prisma JSDoc example,NOT_APPLICABLE,generated-jsdoc,N/A,JSDoc comment in generated Prisma client .d.ts (not active code),NONE,2026-05-28T20:10:00Z,s4-cov11-20
558,./server/src/generated/prisma/client/index.d.ts,varies,prisma JSDoc example,NOT_APPLICABLE,generated-jsdoc,N/A,JSDoc comment in generated Prisma client .d.ts (not active code),NONE,2026-05-28T20:10:00Z,s4-cov11-20
559,./server/src/generated/prisma/client/index.d.ts,varies,prisma JSDoc example,NOT_APPLICABLE,generated-jsdoc,N/A,JSDoc comment in generated Prisma client .d.ts (not active code),NONE,2026-05-28T20:10:00Z,s4-cov11-20
560,./server/src/generated/prisma/client/index.d.ts,varies,prisma JSDoc example,NOT_APPLICABLE,generated-jsdoc,N/A,JSDoc comment in generated Prisma client .d.ts (not active code),NONE,2026-05-28T20:10:00Z,s4-cov11-20
561,./server/src/generated/prisma/client/index.d.ts,varies,prisma JSDoc example,NOT_APPLICABLE,generated-jsdoc,N/A,JSDoc comment in generated Prisma client .d.ts (not active code),NONE,2026-05-28T20:10:00Z,s4-cov11-20
562,./server/src/generated/prisma/client/index.d.ts,varies,prisma JSDoc example,NOT_APPLICABLE,generated-jsdoc,N/A,JSDoc comment in generated Prisma client .d.ts (not active code),NONE,2026-05-28T20:10:00Z,s4-cov11-20
563,./server/src/generated/prisma/client/index.d.ts,varies,prisma JSDoc example,NOT_APPLICABLE,generated-jsdoc,N/A,JSDoc comment in generated Prisma client .d.ts (not active code),NONE,2026-05-28T20:10:00Z,s4-cov11-20
564,./server/src/generated/prisma/client/index.d.ts,varies,prisma JSDoc example,NOT_APPLICABLE,generated-jsdoc,N/A,JSDoc comment in generated Prisma client .d.ts (not active code),NONE,2026-05-28T20:10:00Z,s4-cov11-20
565,./server/src/generated/prisma/client/index.d.ts,varies,prisma JSDoc example,NOT_APPLICABLE,generated-jsdoc,N/A,JSDoc comment in generated Prisma client .d.ts (not active code),NONE,2026-05-28T20:10:00Z,s4-cov11-20
566,./server/src/generated/prisma/client/index.d.ts,varies,prisma JSDoc example,NOT_APPLICABLE,generated-jsdoc,N/A,JSDoc comment in generated Prisma client .d.ts (not active code),NONE,2026-05-28T20:10:00Z,s4-cov11-20
567,./server/src/generated/prisma/client/index.d.ts,varies,prisma JSDoc example,NOT_APPLICABLE,generated-jsdoc,N/A,JSDoc comment in generated Prisma client .d.ts (not active code),NONE,2026-05-28T20:10:00Z,s4-cov11-20
568,./server/src/generated/prisma/client/index.d.ts,varies,prisma JSDoc example,NOT_APPLICABLE,generated-jsdoc,N/A,JSDoc comment in generated Prisma client .d.ts (not active code),NONE,2026-05-28T20:10:00Z,s4-cov11-20
569,./server/src/generated/prisma/client/index.d.ts,varies,prisma JSDoc example,NOT_APPLICABLE,generated-jsdoc,N/A,JSDoc comment in generated Prisma client .d.ts (not active code),NONE,2026-05-28T20:10:00Z,s4-cov11-20
570,./server/src/generated/prisma/client/index.d.ts,varies,prisma JSDoc example,NOT_APPLICABLE,generated-jsdoc,N/A,JSDoc comment in generated Prisma client .d.ts (not active code),NONE,2026-05-28T20:10:00Z,s4-cov11-20
571,./server/src/generated/prisma/client/index.d.ts,varies,prisma JSDoc example,NOT_APPLICABLE,generated-jsdoc,N/A,JSDoc comment in generated Prisma client .d.ts (not active code),NONE,2026-05-28T20:10:00Z,s4-cov11-20
572,./server/src/generated/prisma/client/index.d.ts,varies,prisma JSDoc example,NOT_APPLICABLE,generated-jsdoc,N/A,JSDoc comment in generated Prisma client .d.ts (not active code),NONE,2026-05-28T20:10:00Z,s4-cov11-20
573,./server/src/generated/prisma/client/index.d.ts,varies,prisma JSDoc example,NOT_APPLICABLE,generated-jsdoc,N/A,JSDoc comment in generated Prisma client .d.ts (not active code),NONE,2026-05-28T20:10:00Z,s4-cov11-20
574,./server/src/generated/prisma/client/index.d.ts,varies,prisma JSDoc example,NOT_APPLICABLE,generated-jsdoc,N/A,JSDoc comment in generated Prisma client .d.ts (not active code),NONE,2026-05-28T20:10:00Z,s4-cov11-20
575,./server/src/generated/prisma/client/index.d.ts,varies,prisma JSDoc example,NOT_APPLICABLE,generated-jsdoc,N/A,JSDoc comment in generated Prisma client .d.ts (not active code),NONE,2026-05-28T20:10:00Z,s4-cov11-20
576,./server/src/generated/prisma/client/index.d.ts,varies,prisma JSDoc example,NOT_APPLICABLE,generated-jsdoc,N/A,JSDoc comment in generated Prisma client .d.ts,NONE,2026-05-28T20:25:00Z,s5-cov11-1
577,./server/src/generated/prisma/client/index.d.ts,varies,prisma JSDoc example,NOT_APPLICABLE,generated-jsdoc,N/A,JSDoc comment in generated Prisma client .d.ts,NONE,2026-05-28T20:25:00Z,s5-cov11-1
578,./server/src/generated/prisma/client/index.d.ts,varies,prisma JSDoc example,NOT_APPLICABLE,generated-jsdoc,N/A,JSDoc comment in generated Prisma client .d.ts,NONE,2026-05-28T20:25:00Z,s5-cov11-1
579,./server/src/generated/prisma/client/index.d.ts,varies,prisma JSDoc example,NOT_APPLICABLE,generated-jsdoc,N/A,JSDoc comment in generated Prisma client .d.ts,NONE,2026-05-28T20:25:00Z,s5-cov11-1
580,./server/src/generated/prisma/client/index.d.ts,varies,prisma JSDoc example,NOT_APPLICABLE,generated-jsdoc,N/A,JSDoc comment in generated Prisma client .d.ts,NONE,2026-05-28T20:25:00Z,s5-cov11-1
581,./server/src/generated/prisma/client/index.d.ts,varies,prisma JSDoc example,NOT_APPLICABLE,generated-jsdoc,N/A,JSDoc comment in generated Prisma client .d.ts,NONE,2026-05-28T20:25:00Z,s5-cov11-1
582,./server/src/generated/prisma/client/index.d.ts,varies,prisma JSDoc example,NOT_APPLICABLE,generated-jsdoc,N/A,JSDoc comment in generated Prisma client .d.ts,NONE,2026-05-28T20:25:00Z,s5-cov11-1
583,./server/src/generated/prisma/client/index.d.ts,varies,prisma JSDoc example,NOT_APPLICABLE,generated-jsdoc,N/A,JSDoc comment in generated Prisma client .d.ts,NONE,2026-05-28T20:25:00Z,s5-cov11-1
584,./server/src/generated/prisma/client/index.d.ts,varies,prisma JSDoc example,NOT_APPLICABLE,generated-jsdoc,N/A,JSDoc comment in generated Prisma client .d.ts,NONE,2026-05-28T20:25:00Z,s5-cov11-1
585,./server/src/generated/prisma/client/index.d.ts,varies,prisma JSDoc example,NOT_APPLICABLE,generated-jsdoc,N/A,JSDoc comment in generated Prisma client .d.ts,NONE,2026-05-28T20:25:00Z,s5-cov11-1
586,./server/src/generated/prisma/client/index.d.ts,varies,prisma JSDoc example,NOT_APPLICABLE,generated-jsdoc,N/A,JSDoc comment in generated Prisma client .d.ts,NONE,2026-05-28T20:25:00Z,s5-cov11-1
587,./server/src/generated/prisma/client/index.d.ts,varies,prisma JSDoc example,NOT_APPLICABLE,generated-jsdoc,N/A,JSDoc comment in generated Prisma client .d.ts,NONE,2026-05-28T20:25:00Z,s5-cov11-1
588,./server/src/generated/prisma/client/index.d.ts,varies,prisma JSDoc example,NOT_APPLICABLE,generated-jsdoc,N/A,JSDoc comment in generated Prisma client .d.ts,NONE,2026-05-28T20:25:00Z,s5-cov11-1
589,./server/src/generated/prisma/client/index.d.ts,varies,prisma JSDoc example,NOT_APPLICABLE,generated-jsdoc,N/A,JSDoc comment in generated Prisma client .d.ts,NONE,2026-05-28T20:25:00Z,s5-cov11-1
590,./server/src/generated/prisma/client/index.d.ts,varies,prisma JSDoc example,NOT_APPLICABLE,generated-jsdoc,N/A,JSDoc comment in generated Prisma client .d.ts,NONE,2026-05-28T20:25:00Z,s5-cov11-1
591,./server/src/generated/prisma/client/index.d.ts,varies,prisma JSDoc example,NOT_APPLICABLE,generated-jsdoc,N/A,JSDoc comment in generated Prisma client .d.ts,NONE,2026-05-28T20:25:00Z,s5-cov11-1
592,./server/src/generated/prisma/client/index.d.ts,varies,prisma JSDoc example,NOT_APPLICABLE,generated-jsdoc,N/A,JSDoc comment in generated Prisma client .d.ts,NONE,2026-05-28T20:25:00Z,s5-cov11-1
593,./server/src/generated/prisma/client/index.d.ts,varies,prisma JSDoc example,NOT_APPLICABLE,generated-jsdoc,N/A,JSDoc comment in generated Prisma client .d.ts,NONE,2026-05-28T20:25:00Z,s5-cov11-1
594,./server/src/generated/prisma/client/index.d.ts,varies,prisma JSDoc example,NOT_APPLICABLE,generated-jsdoc,N/A,JSDoc comment in generated Prisma client .d.ts,NONE,2026-05-28T20:25:00Z,s5-cov11-1
595,./server/src/generated/prisma/client/index.d.ts,varies,prisma JSDoc example,NOT_APPLICABLE,generated-jsdoc,N/A,JSDoc comment in generated Prisma client .d.ts,NONE,2026-05-28T20:25:00Z,s5-cov11-1
596,./server/src/generated/prisma/client/index.d.ts,varies,prisma JSDoc example,NOT_APPLICABLE,generated-jsdoc,N/A,JSDoc comment in generated Prisma client .d.ts,NONE,2026-05-28T20:25:00Z,s5-cov11-1
597,./server/src/generated/prisma/client/index.d.ts,varies,prisma JSDoc example,NOT_APPLICABLE,generated-jsdoc,N/A,JSDoc comment in generated Prisma client .d.ts,NONE,2026-05-28T20:25:00Z,s5-cov11-1
598,./server/src/generated/prisma/client/index.d.ts,varies,prisma JSDoc example,NOT_APPLICABLE,generated-jsdoc,N/A,JSDoc comment in generated Prisma client .d.ts,NONE,2026-05-28T20:25:00Z,s5-cov11-1
599,./server/src/generated/prisma/client/index.d.ts,varies,prisma JSDoc example,NOT_APPLICABLE,generated-jsdoc,N/A,JSDoc comment in generated Prisma client .d.ts,NONE,2026-05-28T20:25:00Z,s5-cov11-1
600,./server/src/generated/prisma/client/index.d.ts,varies,prisma JSDoc example,NOT_APPLICABLE,generated-jsdoc,N/A,JSDoc comment in generated Prisma client .d.ts,NONE,2026-05-28T20:25:00Z,s5-cov11-1
601,./server/src/generated/prisma/client/index.d.ts,varies,prisma JSDoc example,NOT_APPLICABLE,generated-jsdoc,N/A,JSDoc comment in generated Prisma client .d.ts,NONE,2026-05-28T20:25:00Z,s5-cov11-2
602,./server/src/generated/prisma/client/index.d.ts,varies,prisma JSDoc example,NOT_APPLICABLE,generated-jsdoc,N/A,JSDoc comment in generated Prisma client .d.ts,NONE,2026-05-28T20:25:00Z,s5-cov11-2
603,./server/src/generated/prisma/client/index.d.ts,varies,prisma JSDoc example,NOT_APPLICABLE,generated-jsdoc,N/A,JSDoc comment in generated Prisma client .d.ts,NONE,2026-05-28T20:25:00Z,s5-cov11-2
604,./server/src/generated/prisma/client/index.d.ts,varies,prisma JSDoc example,NOT_APPLICABLE,generated-jsdoc,N/A,JSDoc comment in generated Prisma client .d.ts,NONE,2026-05-28T20:25:00Z,s5-cov11-2
605,./server/src/generated/prisma/client/index.d.ts,varies,prisma JSDoc example,NOT_APPLICABLE,generated-jsdoc,N/A,JSDoc comment in generated Prisma client .d.ts,NONE,2026-05-28T20:25:00Z,s5-cov11-2
606,./server/src/generated/prisma/client/index.d.ts,varies,prisma JSDoc example,NOT_APPLICABLE,generated-jsdoc,N/A,JSDoc comment in generated Prisma client .d.ts,NONE,2026-05-28T20:25:00Z,s5-cov11-2
607,./server/src/generated/prisma/client/index.d.ts,varies,prisma JSDoc example,NOT_APPLICABLE,generated-jsdoc,N/A,JSDoc comment in generated Prisma client .d.ts,NONE,2026-05-28T20:25:00Z,s5-cov11-2
608,./server/src/generated/prisma/client/index.d.ts,varies,prisma JSDoc example,NOT_APPLICABLE,generated-jsdoc,N/A,JSDoc comment in generated Prisma client .d.ts,NONE,2026-05-28T20:25:00Z,s5-cov11-2
609,./server/src/generated/prisma/client/index.d.ts,varies,prisma JSDoc example,NOT_APPLICABLE,generated-jsdoc,N/A,JSDoc comment in generated Prisma client .d.ts,NONE,2026-05-28T20:25:00Z,s5-cov11-2
610,./server/src/generated/prisma/client/index.d.ts,varies,prisma JSDoc example,NOT_APPLICABLE,generated-jsdoc,N/A,JSDoc comment in generated Prisma client .d.ts,NONE,2026-05-28T20:25:00Z,s5-cov11-2
611,./server/src/generated/prisma/client/index.d.ts,varies,prisma JSDoc example,NOT_APPLICABLE,generated-jsdoc,N/A,JSDoc comment in generated Prisma client .d.ts,NONE,2026-05-28T20:25:00Z,s5-cov11-2
612,./server/src/generated/prisma/client/index.d.ts,varies,prisma JSDoc example,NOT_APPLICABLE,generated-jsdoc,N/A,JSDoc comment in generated Prisma client .d.ts,NONE,2026-05-28T20:25:00Z,s5-cov11-2
613,./server/src/generated/prisma/client/index.d.ts,varies,prisma JSDoc example,NOT_APPLICABLE,generated-jsdoc,N/A,JSDoc comment in generated Prisma client .d.ts,NONE,2026-05-28T20:25:00Z,s5-cov11-2
614,./server/src/generated/prisma/client/index.d.ts,varies,prisma JSDoc example,NOT_APPLICABLE,generated-jsdoc,N/A,JSDoc comment in generated Prisma client .d.ts,NONE,2026-05-28T20:25:00Z,s5-cov11-2
615,./server/src/generated/prisma/client/index.d.ts,varies,prisma JSDoc example,NOT_APPLICABLE,generated-jsdoc,N/A,JSDoc comment in generated Prisma client .d.ts,NONE,2026-05-28T20:25:00Z,s5-cov11-2
616,./server/src/generated/prisma/client/index.d.ts,varies,prisma JSDoc example,NOT_APPLICABLE,generated-jsdoc,N/A,JSDoc comment in generated Prisma client .d.ts,NONE,2026-05-28T20:25:00Z,s5-cov11-2
617,./server/src/generated/prisma/client/index.d.ts,varies,prisma JSDoc example,NOT_APPLICABLE,generated-jsdoc,N/A,JSDoc comment in generated Prisma client .d.ts,NONE,2026-05-28T20:25:00Z,s5-cov11-2
618,./server/src/generated/prisma/client/index.d.ts,varies,prisma JSDoc example,NOT_APPLICABLE,generated-jsdoc,N/A,JSDoc comment in generated Prisma client .d.ts,NONE,2026-05-28T20:25:00Z,s5-cov11-2
619,./server/src/generated/prisma/client/index.d.ts,varies,prisma JSDoc example,NOT_APPLICABLE,generated-jsdoc,N/A,JSDoc comment in generated Prisma client .d.ts,NONE,2026-05-28T20:25:00Z,s5-cov11-2
620,./server/src/generated/prisma/client/index.d.ts,varies,prisma JSDoc example,NOT_APPLICABLE,generated-jsdoc,N/A,JSDoc comment in generated Prisma client .d.ts,NONE,2026-05-28T20:25:00Z,s5-cov11-2
621,./server/src/generated/prisma/client/index.d.ts,varies,prisma JSDoc example,NOT_APPLICABLE,generated-jsdoc,N/A,JSDoc comment in generated Prisma client .d.ts,NONE,2026-05-28T20:25:00Z,s5-cov11-2
622,./server/src/generated/prisma/client/index.d.ts,varies,prisma JSDoc example,NOT_APPLICABLE,generated-jsdoc,N/A,JSDoc comment in generated Prisma client .d.ts,NONE,2026-05-28T20:25:00Z,s5-cov11-2
623,./server/src/generated/prisma/client/index.d.ts,varies,prisma JSDoc example,NOT_APPLICABLE,generated-jsdoc,N/A,JSDoc comment in generated Prisma client .d.ts,NONE,2026-05-28T20:25:00Z,s5-cov11-2
624,./server/src/generated/prisma/client/index.d.ts,varies,prisma JSDoc example,NOT_APPLICABLE,generated-jsdoc,N/A,JSDoc comment in generated Prisma client .d.ts,NONE,2026-05-28T20:25:00Z,s5-cov11-2
625,./server/src/generated/prisma/client/index.d.ts,varies,prisma JSDoc example,NOT_APPLICABLE,generated-jsdoc,N/A,JSDoc comment in generated Prisma client .d.ts,NONE,2026-05-28T20:25:00Z,s5-cov11-2
626,./server/src/generated/prisma/client/index.d.ts,varies,prisma JSDoc example,NOT_APPLICABLE,generated-jsdoc,N/A,JSDoc comment in generated Prisma client .d.ts,NONE,2026-05-28T20:25:00Z,s5-cov11-3
627,./server/src/generated/prisma/client/index.d.ts,varies,prisma JSDoc example,NOT_APPLICABLE,generated-jsdoc,N/A,JSDoc comment in generated Prisma client .d.ts,NONE,2026-05-28T20:25:00Z,s5-cov11-3
628,./server/src/generated/prisma/client/index.d.ts,varies,prisma JSDoc example,NOT_APPLICABLE,generated-jsdoc,N/A,JSDoc comment in generated Prisma client .d.ts,NONE,2026-05-28T20:25:00Z,s5-cov11-3
629,./server/src/generated/prisma/client/index.d.ts,varies,prisma JSDoc example,NOT_APPLICABLE,generated-jsdoc,N/A,JSDoc comment in generated Prisma client .d.ts,NONE,2026-05-28T20:25:00Z,s5-cov11-3
630,./server/src/generated/prisma/client/index.d.ts,varies,prisma JSDoc example,NOT_APPLICABLE,generated-jsdoc,N/A,JSDoc comment in generated Prisma client .d.ts,NONE,2026-05-28T20:25:00Z,s5-cov11-3
631,./server/src/generated/prisma/client/index.d.ts,varies,prisma JSDoc example,NOT_APPLICABLE,generated-jsdoc,N/A,JSDoc comment in generated Prisma client .d.ts,NONE,2026-05-28T20:25:00Z,s5-cov11-3
632,./server/src/generated/prisma/client/index.d.ts,varies,prisma JSDoc example,NOT_APPLICABLE,generated-jsdoc,N/A,JSDoc comment in generated Prisma client .d.ts,NONE,2026-05-28T20:25:00Z,s5-cov11-3
633,./server/src/generated/prisma/client/index.d.ts,varies,prisma JSDoc example,NOT_APPLICABLE,generated-jsdoc,N/A,JSDoc comment in generated Prisma client .d.ts,NONE,2026-05-28T20:25:00Z,s5-cov11-3
634,./server/src/generated/prisma/client/index.d.ts,varies,prisma JSDoc example,NOT_APPLICABLE,generated-jsdoc,N/A,JSDoc comment in generated Prisma client .d.ts,NONE,2026-05-28T20:25:00Z,s5-cov11-3
635,./server/src/generated/prisma/client/index.d.ts,varies,prisma JSDoc example,NOT_APPLICABLE,generated-jsdoc,N/A,JSDoc comment in generated Prisma client .d.ts,NONE,2026-05-28T20:25:00Z,s5-cov11-3
636,./server/src/generated/prisma/client/index.d.ts,varies,prisma JSDoc example,NOT_APPLICABLE,generated-jsdoc,N/A,JSDoc comment in generated Prisma client .d.ts,NONE,2026-05-28T20:25:00Z,s5-cov11-3
637,./server/src/generated/prisma/client/index.d.ts,varies,prisma JSDoc example,NOT_APPLICABLE,generated-jsdoc,N/A,JSDoc comment in generated Prisma client .d.ts,NONE,2026-05-28T20:25:00Z,s5-cov11-3
638,./server/src/generated/prisma/client/index.d.ts,varies,prisma JSDoc example,NOT_APPLICABLE,generated-jsdoc,N/A,JSDoc comment in generated Prisma client .d.ts,NONE,2026-05-28T20:25:00Z,s5-cov11-3
639,./server/src/generated/prisma/client/index.d.ts,varies,prisma JSDoc example,NOT_APPLICABLE,generated-jsdoc,N/A,JSDoc comment in generated Prisma client .d.ts,NONE,2026-05-28T20:25:00Z,s5-cov11-3
640,./server/src/generated/prisma/client/index.d.ts,varies,prisma JSDoc example,NOT_APPLICABLE,generated-jsdoc,N/A,JSDoc comment in generated Prisma client .d.ts,NONE,2026-05-28T20:25:00Z,s5-cov11-3
641,./server/src/generated/prisma/client/index.d.ts,varies,prisma JSDoc example,NOT_APPLICABLE,generated-jsdoc,N/A,JSDoc comment in generated Prisma client .d.ts,NONE,2026-05-28T20:25:00Z,s5-cov11-3
642,./server/src/generated/prisma/client/index.d.ts,varies,prisma JSDoc example,NOT_APPLICABLE,generated-jsdoc,N/A,JSDoc comment in generated Prisma client .d.ts,NONE,2026-05-28T20:25:00Z,s5-cov11-3
643,./server/src/generated/prisma/client/index.d.ts,varies,prisma JSDoc example,NOT_APPLICABLE,generated-jsdoc,N/A,JSDoc comment in generated Prisma client .d.ts,NONE,2026-05-28T20:25:00Z,s5-cov11-3
644,./server/src/generated/prisma/client/index.d.ts,varies,prisma JSDoc example,NOT_APPLICABLE,generated-jsdoc,N/A,JSDoc comment in generated Prisma client .d.ts,NONE,2026-05-28T20:25:00Z,s5-cov11-3
645,./server/src/generated/prisma/client/index.d.ts,varies,prisma JSDoc example,NOT_APPLICABLE,generated-jsdoc,N/A,JSDoc comment in generated Prisma client .d.ts,NONE,2026-05-28T20:25:00Z,s5-cov11-3
646,./server/src/generated/prisma/client/index.d.ts,varies,prisma JSDoc example,NOT_APPLICABLE,generated-jsdoc,N/A,JSDoc comment in generated Prisma client .d.ts,NONE,2026-05-28T20:25:00Z,s5-cov11-3
647,./server/src/generated/prisma/client/index.d.ts,varies,prisma JSDoc example,NOT_APPLICABLE,generated-jsdoc,N/A,JSDoc comment in generated Prisma client .d.ts,NONE,2026-05-28T20:25:00Z,s5-cov11-3
648,./server/src/generated/prisma/client/index.d.ts,varies,prisma JSDoc example,NOT_APPLICABLE,generated-jsdoc,N/A,JSDoc comment in generated Prisma client .d.ts,NONE,2026-05-28T20:25:00Z,s5-cov11-3
649,./server/src/generated/prisma/client/index.d.ts,varies,prisma JSDoc example,NOT_APPLICABLE,generated-jsdoc,N/A,JSDoc comment in generated Prisma client .d.ts,NONE,2026-05-28T20:25:00Z,s5-cov11-3
650,./server/src/generated/prisma/client/index.d.ts,varies,prisma JSDoc example,NOT_APPLICABLE,generated-jsdoc,N/A,JSDoc comment in generated Prisma client .d.ts,NONE,2026-05-28T20:25:00Z,s5-cov11-3
651,./server/src/generated/prisma/client/index.d.ts,varies,prisma JSDoc example,NOT_APPLICABLE,generated-jsdoc,N/A,JSDoc comment in generated Prisma client .d.ts,NONE,2026-05-28T20:25:00Z,s5-cov11-4
652,./server/src/generated/prisma/client/index.d.ts,varies,prisma JSDoc example,NOT_APPLICABLE,generated-jsdoc,N/A,JSDoc comment in generated Prisma client .d.ts,NONE,2026-05-28T20:25:00Z,s5-cov11-4
653,./server/src/generated/prisma/client/index.d.ts,varies,prisma JSDoc example,NOT_APPLICABLE,generated-jsdoc,N/A,JSDoc comment in generated Prisma client .d.ts,NONE,2026-05-28T20:25:00Z,s5-cov11-4
654,./server/src/generated/prisma/client/index.d.ts,varies,prisma JSDoc example,NOT_APPLICABLE,generated-jsdoc,N/A,JSDoc comment in generated Prisma client .d.ts,NONE,2026-05-28T20:25:00Z,s5-cov11-4
655,./server/src/generated/prisma/client/index.d.ts,varies,prisma JSDoc example,NOT_APPLICABLE,generated-jsdoc,N/A,JSDoc comment in generated Prisma client .d.ts,NONE,2026-05-28T20:25:00Z,s5-cov11-4
656,./server/src/generated/prisma/client/index.d.ts,varies,prisma JSDoc example,NOT_APPLICABLE,generated-jsdoc,N/A,JSDoc comment in generated Prisma client .d.ts,NONE,2026-05-28T20:25:00Z,s5-cov11-4
657,./server/src/generated/prisma/client/index.d.ts,varies,prisma JSDoc example,NOT_APPLICABLE,generated-jsdoc,N/A,JSDoc comment in generated Prisma client .d.ts,NONE,2026-05-28T20:25:00Z,s5-cov11-4
658,./server/src/generated/prisma/client/index.d.ts,varies,prisma JSDoc example,NOT_APPLICABLE,generated-jsdoc,N/A,JSDoc comment in generated Prisma client .d.ts,NONE,2026-05-28T20:25:00Z,s5-cov11-4
659,./server/src/generated/prisma/client/index.d.ts,varies,prisma JSDoc example,NOT_APPLICABLE,generated-jsdoc,N/A,JSDoc comment in generated Prisma client .d.ts,NONE,2026-05-28T20:25:00Z,s5-cov11-4
660,./server/src/generated/prisma/client/index.d.ts,varies,prisma JSDoc example,NOT_APPLICABLE,generated-jsdoc,N/A,JSDoc comment in generated Prisma client .d.ts,NONE,2026-05-28T20:25:00Z,s5-cov11-4
661,./server/src/generated/prisma/client/index.d.ts,varies,prisma JSDoc example,NOT_APPLICABLE,generated-jsdoc,N/A,JSDoc comment in generated Prisma client .d.ts,NONE,2026-05-28T20:25:00Z,s5-cov11-4
662,./server/src/generated/prisma/client/index.d.ts,varies,prisma JSDoc example,NOT_APPLICABLE,generated-jsdoc,N/A,JSDoc comment in generated Prisma client .d.ts,NONE,2026-05-28T20:25:00Z,s5-cov11-4
663,./server/src/generated/prisma/client/index.d.ts,varies,prisma JSDoc example,NOT_APPLICABLE,generated-jsdoc,N/A,JSDoc comment in generated Prisma client .d.ts,NONE,2026-05-28T20:25:00Z,s5-cov11-4
664,./server/src/generated/prisma/client/index.d.ts,varies,prisma JSDoc example,NOT_APPLICABLE,generated-jsdoc,N/A,JSDoc comment in generated Prisma client .d.ts,NONE,2026-05-28T20:25:00Z,s5-cov11-4
665,./server/src/generated/prisma/client/index.d.ts,varies,prisma JSDoc example,NOT_APPLICABLE,generated-jsdoc,N/A,JSDoc comment in generated Prisma client .d.ts,NONE,2026-05-28T20:25:00Z,s5-cov11-4
666,./server/src/generated/prisma/client/index.d.ts,varies,prisma JSDoc example,NOT_APPLICABLE,generated-jsdoc,N/A,JSDoc comment in generated Prisma client .d.ts,NONE,2026-05-28T20:25:00Z,s5-cov11-4
667,./server/src/generated/prisma/client/index.d.ts,varies,prisma JSDoc example,NOT_APPLICABLE,generated-jsdoc,N/A,JSDoc comment in generated Prisma client .d.ts,NONE,2026-05-28T20:25:00Z,s5-cov11-4
668,./server/src/generated/prisma/client/index.d.ts,varies,prisma JSDoc example,NOT_APPLICABLE,generated-jsdoc,N/A,JSDoc comment in generated Prisma client .d.ts,NONE,2026-05-28T20:25:00Z,s5-cov11-4
669,./server/src/generated/prisma/client/index.d.ts,varies,prisma JSDoc example,NOT_APPLICABLE,generated-jsdoc,N/A,JSDoc comment in generated Prisma client .d.ts,NONE,2026-05-28T20:25:00Z,s5-cov11-4
670,./server/src/generated/prisma/client/index.d.ts,varies,prisma JSDoc example,NOT_APPLICABLE,generated-jsdoc,N/A,JSDoc comment in generated Prisma client .d.ts,NONE,2026-05-28T20:25:00Z,s5-cov11-4
671,./server/src/generated/prisma/client/index.d.ts,varies,prisma JSDoc example,NOT_APPLICABLE,generated-jsdoc,N/A,JSDoc comment in generated Prisma client .d.ts,NONE,2026-05-28T20:25:00Z,s5-cov11-4
672,./server/src/generated/prisma/client/index.d.ts,varies,prisma JSDoc example,NOT_APPLICABLE,generated-jsdoc,N/A,JSDoc comment in generated Prisma client .d.ts,NONE,2026-05-28T20:25:00Z,s5-cov11-4
673,./server/src/generated/prisma/client/index.d.ts,varies,prisma JSDoc example,NOT_APPLICABLE,generated-jsdoc,N/A,JSDoc comment in generated Prisma client .d.ts,NONE,2026-05-28T20:25:00Z,s5-cov11-4
674,./server/src/generated/prisma/client/index.d.ts,varies,prisma JSDoc example,NOT_APPLICABLE,generated-jsdoc,N/A,JSDoc comment in generated Prisma client .d.ts,NONE,2026-05-28T20:25:00Z,s5-cov11-4
675,./server/src/generated/prisma/client/index.d.ts,varies,prisma JSDoc example,NOT_APPLICABLE,generated-jsdoc,N/A,JSDoc comment in generated Prisma client .d.ts,NONE,2026-05-28T20:25:00Z,s5-cov11-4
676,./server/src/generated/prisma/client/index.d.ts,varies,prisma JSDoc example,NOT_APPLICABLE,generated-jsdoc,N/A,JSDoc comment in generated Prisma client .d.ts,NONE,2026-05-28T20:25:00Z,s5-cov11-5
677,./server/src/generated/prisma/client/index.d.ts,varies,prisma JSDoc example,NOT_APPLICABLE,generated-jsdoc,N/A,JSDoc comment in generated Prisma client .d.ts,NONE,2026-05-28T20:25:00Z,s5-cov11-5
678,./server/src/generated/prisma/client/index.d.ts,varies,prisma JSDoc example,NOT_APPLICABLE,generated-jsdoc,N/A,JSDoc comment in generated Prisma client .d.ts,NONE,2026-05-28T20:25:00Z,s5-cov11-5
679,./server/src/generated/prisma/client/index.d.ts,varies,prisma JSDoc example,NOT_APPLICABLE,generated-jsdoc,N/A,JSDoc comment in generated Prisma client .d.ts,NONE,2026-05-28T20:25:00Z,s5-cov11-5
680,./server/src/generated/prisma/client/index.d.ts,varies,prisma JSDoc example,NOT_APPLICABLE,generated-jsdoc,N/A,JSDoc comment in generated Prisma client .d.ts,NONE,2026-05-28T20:25:00Z,s5-cov11-5
681,./server/src/generated/prisma/client/index.d.ts,varies,prisma JSDoc example,NOT_APPLICABLE,generated-jsdoc,N/A,JSDoc comment in generated Prisma client .d.ts,NONE,2026-05-28T20:25:00Z,s5-cov11-5
682,./server/src/generated/prisma/client/index.d.ts,varies,prisma JSDoc example,NOT_APPLICABLE,generated-jsdoc,N/A,JSDoc comment in generated Prisma client .d.ts,NONE,2026-05-28T20:25:00Z,s5-cov11-5
683,./server/src/generated/prisma/client/index.d.ts,varies,prisma JSDoc example,NOT_APPLICABLE,generated-jsdoc,N/A,JSDoc comment in generated Prisma client .d.ts,NONE,2026-05-28T20:25:00Z,s5-cov11-5
684,./server/src/generated/prisma/client/index.d.ts,varies,prisma JSDoc example,NOT_APPLICABLE,generated-jsdoc,N/A,JSDoc comment in generated Prisma client .d.ts,NONE,2026-05-28T20:25:00Z,s5-cov11-5
685,./server/src/generated/prisma/client/index.d.ts,varies,prisma JSDoc example,NOT_APPLICABLE,generated-jsdoc,N/A,JSDoc comment in generated Prisma client .d.ts,NONE,2026-05-28T20:25:00Z,s5-cov11-5
686,./server/src/generated/prisma/client/index.d.ts,varies,prisma JSDoc example,NOT_APPLICABLE,generated-jsdoc,N/A,JSDoc comment in generated Prisma client .d.ts,NONE,2026-05-28T20:25:00Z,s5-cov11-5
687,./server/src/generated/prisma/client/index.d.ts,varies,prisma JSDoc example,NOT_APPLICABLE,generated-jsdoc,N/A,JSDoc comment in generated Prisma client .d.ts,NONE,2026-05-28T20:25:00Z,s5-cov11-5
688,./server/src/generated/prisma/client/index.d.ts,varies,prisma JSDoc example,NOT_APPLICABLE,generated-jsdoc,N/A,JSDoc comment in generated Prisma client .d.ts,NONE,2026-05-28T20:25:00Z,s5-cov11-5
689,./server/src/generated/prisma/client/index.d.ts,varies,prisma JSDoc example,NOT_APPLICABLE,generated-jsdoc,N/A,JSDoc comment in generated Prisma client .d.ts,NONE,2026-05-28T20:25:00Z,s5-cov11-5
690,./server/src/generated/prisma/client/index.d.ts,varies,prisma JSDoc example,NOT_APPLICABLE,generated-jsdoc,N/A,JSDoc comment in generated Prisma client .d.ts,NONE,2026-05-28T20:25:00Z,s5-cov11-5
691,./server/src/generated/prisma/client/index.d.ts,varies,prisma JSDoc example,NOT_APPLICABLE,generated-jsdoc,N/A,JSDoc comment in generated Prisma client .d.ts,NONE,2026-05-28T20:25:00Z,s5-cov11-5
692,./server/src/generated/prisma/client/index.d.ts,varies,prisma JSDoc example,NOT_APPLICABLE,generated-jsdoc,N/A,JSDoc comment in generated Prisma client .d.ts,NONE,2026-05-28T20:25:00Z,s5-cov11-5
693,./server/src/generated/prisma/client/index.d.ts,varies,prisma JSDoc example,NOT_APPLICABLE,generated-jsdoc,N/A,JSDoc comment in generated Prisma client .d.ts,NONE,2026-05-28T20:25:00Z,s5-cov11-5
694,./server/src/generated/prisma/client/index.d.ts,varies,prisma JSDoc example,NOT_APPLICABLE,generated-jsdoc,N/A,JSDoc comment in generated Prisma client .d.ts,NONE,2026-05-28T20:25:00Z,s5-cov11-5
695,./server/src/generated/prisma/client/index.d.ts,varies,prisma JSDoc example,NOT_APPLICABLE,generated-jsdoc,N/A,JSDoc comment in generated Prisma client .d.ts,NONE,2026-05-28T20:25:00Z,s5-cov11-5
696,./server/src/generated/prisma/client/index.d.ts,varies,prisma JSDoc example,NOT_APPLICABLE,generated-jsdoc,N/A,JSDoc comment in generated Prisma client .d.ts,NONE,2026-05-28T20:25:00Z,s5-cov11-5
697,./server/src/generated/prisma/client/index.d.ts,varies,prisma JSDoc example,NOT_APPLICABLE,generated-jsdoc,N/A,JSDoc comment in generated Prisma client .d.ts,NONE,2026-05-28T20:25:00Z,s5-cov11-5
698,./server/src/generated/prisma/client/index.d.ts,varies,prisma JSDoc example,NOT_APPLICABLE,generated-jsdoc,N/A,JSDoc comment in generated Prisma client .d.ts,NONE,2026-05-28T20:25:00Z,s5-cov11-5
699,./server/src/generated/prisma/client/index.d.ts,varies,prisma JSDoc example,NOT_APPLICABLE,generated-jsdoc,N/A,JSDoc comment in generated Prisma client .d.ts,NONE,2026-05-28T20:25:00Z,s5-cov11-5
700,./server/src/generated/prisma/client/index.d.ts,varies,prisma JSDoc example,NOT_APPLICABLE,generated-jsdoc,N/A,JSDoc comment in generated Prisma client .d.ts,NONE,2026-05-28T20:25:00Z,s5-cov11-5
701,./server/src/generated/prisma/client/index.d.ts,varies,prisma JSDoc example,NOT_APPLICABLE,generated-jsdoc,N/A,JSDoc comment in generated Prisma client .d.ts,NONE,2026-05-28T20:25:00Z,s5-cov11-6
702,./server/src/generated/prisma/client/index.d.ts,varies,prisma JSDoc example,NOT_APPLICABLE,generated-jsdoc,N/A,JSDoc comment in generated Prisma client .d.ts,NONE,2026-05-28T20:25:00Z,s5-cov11-6
703,./server/src/generated/prisma/client/index.d.ts,varies,prisma JSDoc example,NOT_APPLICABLE,generated-jsdoc,N/A,JSDoc comment in generated Prisma client .d.ts,NONE,2026-05-28T20:25:00Z,s5-cov11-6
704,./server/src/generated/prisma/client/index.d.ts,varies,prisma JSDoc example,NOT_APPLICABLE,generated-jsdoc,N/A,JSDoc comment in generated Prisma client .d.ts,NONE,2026-05-28T20:25:00Z,s5-cov11-6
705,./server/src/generated/prisma/client/index.d.ts,varies,prisma JSDoc example,NOT_APPLICABLE,generated-jsdoc,N/A,JSDoc comment in generated Prisma client .d.ts,NONE,2026-05-28T20:25:00Z,s5-cov11-6
706,./server/src/generated/prisma/client/index.d.ts,varies,prisma JSDoc example,NOT_APPLICABLE,generated-jsdoc,N/A,JSDoc comment in generated Prisma client .d.ts,NONE,2026-05-28T20:25:00Z,s5-cov11-6
707,./server/src/generated/prisma/client/index.d.ts,varies,prisma JSDoc example,NOT_APPLICABLE,generated-jsdoc,N/A,JSDoc comment in generated Prisma client .d.ts,NONE,2026-05-28T20:25:00Z,s5-cov11-6
708,./server/src/generated/prisma/client/index.d.ts,varies,prisma JSDoc example,NOT_APPLICABLE,generated-jsdoc,N/A,JSDoc comment in generated Prisma client .d.ts,NONE,2026-05-28T20:25:00Z,s5-cov11-6
709,./server/src/generated/prisma/client/index.d.ts,varies,prisma JSDoc example,NOT_APPLICABLE,generated-jsdoc,N/A,JSDoc comment in generated Prisma client .d.ts,NONE,2026-05-28T20:25:00Z,s5-cov11-6
710,./server/src/generated/prisma/client/index.d.ts,varies,prisma JSDoc example,NOT_APPLICABLE,generated-jsdoc,N/A,JSDoc comment in generated Prisma client .d.ts,NONE,2026-05-28T20:25:00Z,s5-cov11-6
711,./server/src/generated/prisma/client/index.d.ts,varies,prisma JSDoc example,NOT_APPLICABLE,generated-jsdoc,N/A,JSDoc comment in generated Prisma client .d.ts,NONE,2026-05-28T20:25:00Z,s5-cov11-6
712,./server/src/generated/prisma/client/index.d.ts,varies,prisma JSDoc example,NOT_APPLICABLE,generated-jsdoc,N/A,JSDoc comment in generated Prisma client .d.ts,NONE,2026-05-28T20:25:00Z,s5-cov11-6
713,./server/src/generated/prisma/client/index.d.ts,varies,prisma JSDoc example,NOT_APPLICABLE,generated-jsdoc,N/A,JSDoc comment in generated Prisma client .d.ts,NONE,2026-05-28T20:25:00Z,s5-cov11-6
714,./server/src/generated/prisma/client/index.d.ts,varies,prisma JSDoc example,NOT_APPLICABLE,generated-jsdoc,N/A,JSDoc comment in generated Prisma client .d.ts,NONE,2026-05-28T20:25:00Z,s5-cov11-6
715,./server/src/generated/prisma/client/index.d.ts,varies,prisma JSDoc example,NOT_APPLICABLE,generated-jsdoc,N/A,JSDoc comment in generated Prisma client .d.ts,NONE,2026-05-28T20:25:00Z,s5-cov11-6
716,./server/src/generated/prisma/client/index.d.ts,varies,prisma JSDoc example,NOT_APPLICABLE,generated-jsdoc,N/A,JSDoc comment in generated Prisma client .d.ts,NONE,2026-05-28T20:25:00Z,s5-cov11-6
717,./server/src/generated/prisma/client/index.d.ts,varies,prisma JSDoc example,NOT_APPLICABLE,generated-jsdoc,N/A,JSDoc comment in generated Prisma client .d.ts,NONE,2026-05-28T20:25:00Z,s5-cov11-6
718,./server/src/generated/prisma/client/index.d.ts,varies,prisma JSDoc example,NOT_APPLICABLE,generated-jsdoc,N/A,JSDoc comment in generated Prisma client .d.ts,NONE,2026-05-28T20:25:00Z,s5-cov11-6
719,./server/src/generated/prisma/client/index.d.ts,varies,prisma JSDoc example,NOT_APPLICABLE,generated-jsdoc,N/A,JSDoc comment in generated Prisma client .d.ts,NONE,2026-05-28T20:25:00Z,s5-cov11-6
720,./server/src/generated/prisma/client/index.d.ts,varies,prisma JSDoc example,NOT_APPLICABLE,generated-jsdoc,N/A,JSDoc comment in generated Prisma client .d.ts,NONE,2026-05-28T20:25:00Z,s5-cov11-6
721,./server/src/generated/prisma/client/index.d.ts,varies,prisma JSDoc example,NOT_APPLICABLE,generated-jsdoc,N/A,JSDoc comment in generated Prisma client .d.ts,NONE,2026-05-28T20:25:00Z,s5-cov11-6
722,./server/src/generated/prisma/client/index.d.ts,varies,prisma JSDoc example,NOT_APPLICABLE,generated-jsdoc,N/A,JSDoc comment in generated Prisma client .d.ts,NONE,2026-05-28T20:25:00Z,s5-cov11-6
723,./server/src/generated/prisma/client/index.d.ts,varies,prisma JSDoc example,NOT_APPLICABLE,generated-jsdoc,N/A,JSDoc comment in generated Prisma client .d.ts,NONE,2026-05-28T20:25:00Z,s5-cov11-6
724,./server/src/generated/prisma/client/index.d.ts,varies,prisma JSDoc example,NOT_APPLICABLE,generated-jsdoc,N/A,JSDoc comment in generated Prisma client .d.ts,NONE,2026-05-28T20:25:00Z,s5-cov11-6
725,./server/src/generated/prisma/client/index.d.ts,varies,prisma JSDoc example,NOT_APPLICABLE,generated-jsdoc,N/A,JSDoc comment in generated Prisma client .d.ts,NONE,2026-05-28T20:25:00Z,s5-cov11-6
726,./server/src/generated/prisma/client/index.d.ts,varies,prisma JSDoc example,NOT_APPLICABLE,generated-jsdoc,N/A,JSDoc comment in generated Prisma client .d.ts,NONE,2026-05-28T20:25:00Z,s5-cov11-7
727,./server/src/generated/prisma/client/index.d.ts,varies,prisma JSDoc example,NOT_APPLICABLE,generated-jsdoc,N/A,JSDoc comment in generated Prisma client .d.ts,NONE,2026-05-28T20:25:00Z,s5-cov11-7
728,./server/src/generated/prisma/client/index.d.ts,varies,prisma JSDoc example,NOT_APPLICABLE,generated-jsdoc,N/A,JSDoc comment in generated Prisma client .d.ts,NONE,2026-05-28T20:25:00Z,s5-cov11-7
729,./server/src/generated/prisma/client/index.d.ts,varies,prisma JSDoc example,NOT_APPLICABLE,generated-jsdoc,N/A,JSDoc comment in generated Prisma client .d.ts,NONE,2026-05-28T20:25:00Z,s5-cov11-7
730,./server/src/generated/prisma/client/index.d.ts,varies,prisma JSDoc example,NOT_APPLICABLE,generated-jsdoc,N/A,JSDoc comment in generated Prisma client .d.ts,NONE,2026-05-28T20:25:00Z,s5-cov11-7
731,./server/src/generated/prisma/client/index.d.ts,varies,prisma JSDoc example,NOT_APPLICABLE,generated-jsdoc,N/A,JSDoc comment in generated Prisma client .d.ts,NONE,2026-05-28T20:25:00Z,s5-cov11-7
732,./server/src/generated/prisma/client/index.d.ts,varies,prisma JSDoc example,NOT_APPLICABLE,generated-jsdoc,N/A,JSDoc comment in generated Prisma client .d.ts,NONE,2026-05-28T20:25:00Z,s5-cov11-7
733,./server/src/generated/prisma/client/index.d.ts,varies,prisma JSDoc example,NOT_APPLICABLE,generated-jsdoc,N/A,JSDoc comment in generated Prisma client .d.ts,NONE,2026-05-28T20:25:00Z,s5-cov11-7
734,./server/src/generated/prisma/client/index.d.ts,varies,prisma JSDoc example,NOT_APPLICABLE,generated-jsdoc,N/A,JSDoc comment in generated Prisma client .d.ts,NONE,2026-05-28T20:25:00Z,s5-cov11-7
735,./server/src/generated/prisma/client/index.d.ts,varies,prisma JSDoc example,NOT_APPLICABLE,generated-jsdoc,N/A,JSDoc comment in generated Prisma client .d.ts,NONE,2026-05-28T20:25:00Z,s5-cov11-7
736,./server/src/generated/prisma/client/index.d.ts,varies,prisma JSDoc example,NOT_APPLICABLE,generated-jsdoc,N/A,JSDoc comment in generated Prisma client .d.ts,NONE,2026-05-28T20:25:00Z,s5-cov11-7
737,./server/src/generated/prisma/client/index.d.ts,varies,prisma JSDoc example,NOT_APPLICABLE,generated-jsdoc,N/A,JSDoc comment in generated Prisma client .d.ts,NONE,2026-05-28T20:25:00Z,s5-cov11-7
738,./server/src/generated/prisma/client/index.d.ts,varies,prisma JSDoc example,NOT_APPLICABLE,generated-jsdoc,N/A,JSDoc comment in generated Prisma client .d.ts,NONE,2026-05-28T20:25:00Z,s5-cov11-7
739,./server/src/generated/prisma/client/index.d.ts,varies,prisma JSDoc example,NOT_APPLICABLE,generated-jsdoc,N/A,JSDoc comment in generated Prisma client .d.ts,NONE,2026-05-28T20:25:00Z,s5-cov11-7
740,./server/src/generated/prisma/client/index.d.ts,varies,prisma JSDoc example,NOT_APPLICABLE,generated-jsdoc,N/A,JSDoc comment in generated Prisma client .d.ts,NONE,2026-05-28T20:25:00Z,s5-cov11-7
741,./server/src/generated/prisma/client/index.d.ts,varies,prisma JSDoc example,NOT_APPLICABLE,generated-jsdoc,N/A,JSDoc comment in generated Prisma client .d.ts,NONE,2026-05-28T20:25:00Z,s5-cov11-7
742,./server/src/generated/prisma/client/index.d.ts,varies,prisma JSDoc example,NOT_APPLICABLE,generated-jsdoc,N/A,JSDoc comment in generated Prisma client .d.ts,NONE,2026-05-28T20:25:00Z,s5-cov11-7
743,./server/src/generated/prisma/client/index.d.ts,varies,prisma JSDoc example,NOT_APPLICABLE,generated-jsdoc,N/A,JSDoc comment in generated Prisma client .d.ts,NONE,2026-05-28T20:25:00Z,s5-cov11-7
744,./server/src/generated/prisma/client/index.d.ts,varies,prisma JSDoc example,NOT_APPLICABLE,generated-jsdoc,N/A,JSDoc comment in generated Prisma client .d.ts,NONE,2026-05-28T20:25:00Z,s5-cov11-7
745,./server/src/generated/prisma/client/index.d.ts,varies,prisma JSDoc example,NOT_APPLICABLE,generated-jsdoc,N/A,JSDoc comment in generated Prisma client .d.ts,NONE,2026-05-28T20:25:00Z,s5-cov11-7
746,./server/src/generated/prisma/client/index.d.ts,varies,prisma JSDoc example,NOT_APPLICABLE,generated-jsdoc,N/A,JSDoc comment in generated Prisma client .d.ts,NONE,2026-05-28T20:25:00Z,s5-cov11-7
747,./server/src/generated/prisma/client/index.d.ts,varies,prisma JSDoc example,NOT_APPLICABLE,generated-jsdoc,N/A,JSDoc comment in generated Prisma client .d.ts,NONE,2026-05-28T20:25:00Z,s5-cov11-7
748,./server/src/generated/prisma/client/index.d.ts,varies,prisma JSDoc example,NOT_APPLICABLE,generated-jsdoc,N/A,JSDoc comment in generated Prisma client .d.ts,NONE,2026-05-28T20:25:00Z,s5-cov11-7
749,./server/src/generated/prisma/client/index.d.ts,varies,prisma JSDoc example,NOT_APPLICABLE,generated-jsdoc,N/A,JSDoc comment in generated Prisma client .d.ts,NONE,2026-05-28T20:25:00Z,s5-cov11-7
750,./server/src/generated/prisma/client/index.d.ts,varies,prisma JSDoc example,NOT_APPLICABLE,generated-jsdoc,N/A,JSDoc comment in generated Prisma client .d.ts,NONE,2026-05-28T20:25:00Z,s5-cov11-7
751,./server/src/generated/prisma/client/index.d.ts,varies,prisma JSDoc example,NOT_APPLICABLE,generated-jsdoc,N/A,JSDoc comment in generated Prisma client .d.ts,NONE,2026-05-28T20:25:00Z,s5-cov11-8
752,./server/src/generated/prisma/client/index.d.ts,varies,prisma JSDoc example,NOT_APPLICABLE,generated-jsdoc,N/A,JSDoc comment in generated Prisma client .d.ts,NONE,2026-05-28T20:25:00Z,s5-cov11-8
753,./server/src/generated/prisma/client/index.d.ts,varies,prisma JSDoc example,NOT_APPLICABLE,generated-jsdoc,N/A,JSDoc comment in generated Prisma client .d.ts,NONE,2026-05-28T20:25:00Z,s5-cov11-8
754,./server/src/generated/prisma/client/index.d.ts,varies,prisma JSDoc example,NOT_APPLICABLE,generated-jsdoc,N/A,JSDoc comment in generated Prisma client .d.ts,NONE,2026-05-28T20:25:00Z,s5-cov11-8
755,./server/src/generated/prisma/client/index.d.ts,varies,prisma JSDoc example,NOT_APPLICABLE,generated-jsdoc,N/A,JSDoc comment in generated Prisma client .d.ts,NONE,2026-05-28T20:25:00Z,s5-cov11-8
756,./server/src/generated/prisma/client/index.d.ts,varies,prisma JSDoc example,NOT_APPLICABLE,generated-jsdoc,N/A,JSDoc comment in generated Prisma client .d.ts,NONE,2026-05-28T20:25:00Z,s5-cov11-8
757,./server/src/generated/prisma/client/index.d.ts,varies,prisma JSDoc example,NOT_APPLICABLE,generated-jsdoc,N/A,JSDoc comment in generated Prisma client .d.ts,NONE,2026-05-28T20:25:00Z,s5-cov11-8
758,./server/src/generated/prisma/client/index.d.ts,varies,prisma JSDoc example,NOT_APPLICABLE,generated-jsdoc,N/A,JSDoc comment in generated Prisma client .d.ts,NONE,2026-05-28T20:25:00Z,s5-cov11-8
759,./server/src/generated/prisma/client/index.d.ts,varies,prisma JSDoc example,NOT_APPLICABLE,generated-jsdoc,N/A,JSDoc comment in generated Prisma client .d.ts,NONE,2026-05-28T20:25:00Z,s5-cov11-8
760,./server/src/generated/prisma/client/index.d.ts,varies,prisma JSDoc example,NOT_APPLICABLE,generated-jsdoc,N/A,JSDoc comment in generated Prisma client .d.ts,NONE,2026-05-28T20:25:00Z,s5-cov11-8
761,./server/src/generated/prisma/client/index.d.ts,varies,prisma JSDoc example,NOT_APPLICABLE,generated-jsdoc,N/A,JSDoc comment in generated Prisma client .d.ts,NONE,2026-05-28T20:25:00Z,s5-cov11-8
762,./server/src/generated/prisma/client/index.d.ts,varies,prisma JSDoc example,NOT_APPLICABLE,generated-jsdoc,N/A,JSDoc comment in generated Prisma client .d.ts,NONE,2026-05-28T20:25:00Z,s5-cov11-8
763,./server/src/generated/prisma/client/index.d.ts,varies,prisma JSDoc example,NOT_APPLICABLE,generated-jsdoc,N/A,JSDoc comment in generated Prisma client .d.ts,NONE,2026-05-28T20:25:00Z,s5-cov11-8
764,./server/src/generated/prisma/client/index.d.ts,varies,prisma JSDoc example,NOT_APPLICABLE,generated-jsdoc,N/A,JSDoc comment in generated Prisma client .d.ts,NONE,2026-05-28T20:25:00Z,s5-cov11-8
765,./server/src/generated/prisma/client/index.d.ts,varies,prisma JSDoc example,NOT_APPLICABLE,generated-jsdoc,N/A,JSDoc comment in generated Prisma client .d.ts,NONE,2026-05-28T20:25:00Z,s5-cov11-8
766,./server/src/generated/prisma/client/index.d.ts,varies,prisma JSDoc example,NOT_APPLICABLE,generated-jsdoc,N/A,JSDoc comment in generated Prisma client .d.ts,NONE,2026-05-28T20:25:00Z,s5-cov11-8
767,./server/src/generated/prisma/client/index.d.ts,varies,prisma JSDoc example,NOT_APPLICABLE,generated-jsdoc,N/A,JSDoc comment in generated Prisma client .d.ts,NONE,2026-05-28T20:25:00Z,s5-cov11-8
768,./server/src/generated/prisma/client/index.d.ts,varies,prisma JSDoc example,NOT_APPLICABLE,generated-jsdoc,N/A,JSDoc comment in generated Prisma client .d.ts,NONE,2026-05-28T20:25:00Z,s5-cov11-8
769,./server/src/generated/prisma/client/index.d.ts,varies,prisma JSDoc example,NOT_APPLICABLE,generated-jsdoc,N/A,JSDoc comment in generated Prisma client .d.ts,NONE,2026-05-28T20:25:00Z,s5-cov11-8
770,./server/src/generated/prisma/client/index.d.ts,varies,prisma JSDoc example,NOT_APPLICABLE,generated-jsdoc,N/A,JSDoc comment in generated Prisma client .d.ts,NONE,2026-05-28T20:25:00Z,s5-cov11-8
771,./server/src/generated/prisma/client/index.d.ts,varies,prisma JSDoc example,NOT_APPLICABLE,generated-jsdoc,N/A,JSDoc comment in generated Prisma client .d.ts,NONE,2026-05-28T20:25:00Z,s5-cov11-8
772,./server/src/generated/prisma/client/index.d.ts,varies,prisma JSDoc example,NOT_APPLICABLE,generated-jsdoc,N/A,JSDoc comment in generated Prisma client .d.ts,NONE,2026-05-28T20:25:00Z,s5-cov11-8
773,./server/src/generated/prisma/client/index.d.ts,varies,prisma JSDoc example,NOT_APPLICABLE,generated-jsdoc,N/A,JSDoc comment in generated Prisma client .d.ts,NONE,2026-05-28T20:25:00Z,s5-cov11-8
774,./server/src/generated/prisma/client/index.d.ts,varies,prisma JSDoc example,NOT_APPLICABLE,generated-jsdoc,N/A,JSDoc comment in generated Prisma client .d.ts,NONE,2026-05-28T20:25:00Z,s5-cov11-8
775,./server/src/generated/prisma/client/index.d.ts,varies,prisma JSDoc example,NOT_APPLICABLE,generated-jsdoc,N/A,JSDoc comment in generated Prisma client .d.ts,NONE,2026-05-28T20:25:00Z,s5-cov11-8
776,./server/src/generated/prisma/client/index.d.ts,varies,prisma JSDoc example,NOT_APPLICABLE,generated-jsdoc,N/A,JSDoc comment in generated Prisma client .d.ts,NONE,2026-05-28T20:25:00Z,s5-cov11-9
777,./server/src/generated/prisma/client/index.d.ts,varies,prisma JSDoc example,NOT_APPLICABLE,generated-jsdoc,N/A,JSDoc comment in generated Prisma client .d.ts,NONE,2026-05-28T20:25:00Z,s5-cov11-9
778,./server/src/generated/prisma/client/index.d.ts,varies,prisma JSDoc example,NOT_APPLICABLE,generated-jsdoc,N/A,JSDoc comment in generated Prisma client .d.ts,NONE,2026-05-28T20:25:00Z,s5-cov11-9
779,./server/src/generated/prisma/client/index.d.ts,varies,prisma JSDoc example,NOT_APPLICABLE,generated-jsdoc,N/A,JSDoc comment in generated Prisma client .d.ts,NONE,2026-05-28T20:25:00Z,s5-cov11-9
780,./server/src/generated/prisma/client/index.d.ts,varies,prisma JSDoc example,NOT_APPLICABLE,generated-jsdoc,N/A,JSDoc comment in generated Prisma client .d.ts,NONE,2026-05-28T20:25:00Z,s5-cov11-9
781,./server/src/generated/prisma/client/index.d.ts,varies,prisma JSDoc example,NOT_APPLICABLE,generated-jsdoc,N/A,JSDoc comment in generated Prisma client .d.ts,NONE,2026-05-28T20:25:00Z,s5-cov11-9
782,./server/src/generated/prisma/client/index.d.ts,varies,prisma JSDoc example,NOT_APPLICABLE,generated-jsdoc,N/A,JSDoc comment in generated Prisma client .d.ts,NONE,2026-05-28T20:25:00Z,s5-cov11-9
783,./server/src/generated/prisma/client/index.d.ts,varies,prisma JSDoc example,NOT_APPLICABLE,generated-jsdoc,N/A,JSDoc comment in generated Prisma client .d.ts,NONE,2026-05-28T20:25:00Z,s5-cov11-9
784,./server/src/generated/prisma/client/index.d.ts,varies,prisma JSDoc example,NOT_APPLICABLE,generated-jsdoc,N/A,JSDoc comment in generated Prisma client .d.ts,NONE,2026-05-28T20:25:00Z,s5-cov11-9
785,./server/src/generated/prisma/client/index.d.ts,varies,prisma JSDoc example,NOT_APPLICABLE,generated-jsdoc,N/A,JSDoc comment in generated Prisma client .d.ts,NONE,2026-05-28T20:25:00Z,s5-cov11-9
786,./server/src/generated/prisma/client/index.d.ts,varies,prisma JSDoc example,NOT_APPLICABLE,generated-jsdoc,N/A,JSDoc comment in generated Prisma client .d.ts,NONE,2026-05-28T20:25:00Z,s5-cov11-9
787,./server/src/generated/prisma/client/index.d.ts,varies,prisma JSDoc example,NOT_APPLICABLE,generated-jsdoc,N/A,JSDoc comment in generated Prisma client .d.ts,NONE,2026-05-28T20:25:00Z,s5-cov11-9
788,./server/src/generated/prisma/client/index.d.ts,varies,prisma JSDoc example,NOT_APPLICABLE,generated-jsdoc,N/A,JSDoc comment in generated Prisma client .d.ts,NONE,2026-05-28T20:25:00Z,s5-cov11-9
789,./server/src/generated/prisma/client/index.d.ts,varies,prisma JSDoc example,NOT_APPLICABLE,generated-jsdoc,N/A,JSDoc comment in generated Prisma client .d.ts,NONE,2026-05-28T20:25:00Z,s5-cov11-9
790,./server/src/generated/prisma/client/index.d.ts,varies,prisma JSDoc example,NOT_APPLICABLE,generated-jsdoc,N/A,JSDoc comment in generated Prisma client .d.ts,NONE,2026-05-28T20:25:00Z,s5-cov11-9
791,./server/src/generated/prisma/client/index.d.ts,varies,prisma JSDoc example,NOT_APPLICABLE,generated-jsdoc,N/A,JSDoc comment in generated Prisma client .d.ts,NONE,2026-05-28T20:25:00Z,s5-cov11-9
792,./server/src/generated/prisma/client/index.d.ts,varies,prisma JSDoc example,NOT_APPLICABLE,generated-jsdoc,N/A,JSDoc comment in generated Prisma client .d.ts,NONE,2026-05-28T20:25:00Z,s5-cov11-9
793,./server/src/generated/prisma/client/index.d.ts,varies,prisma JSDoc example,NOT_APPLICABLE,generated-jsdoc,N/A,JSDoc comment in generated Prisma client .d.ts,NONE,2026-05-28T20:25:00Z,s5-cov11-9
794,./server/src/generated/prisma/client/index.d.ts,varies,prisma JSDoc example,NOT_APPLICABLE,generated-jsdoc,N/A,JSDoc comment in generated Prisma client .d.ts,NONE,2026-05-28T20:25:00Z,s5-cov11-9
795,./server/src/generated/prisma/client/index.d.ts,varies,prisma JSDoc example,NOT_APPLICABLE,generated-jsdoc,N/A,JSDoc comment in generated Prisma client .d.ts,NONE,2026-05-28T20:25:00Z,s5-cov11-9
796,./server/src/generated/prisma/client/index.d.ts,varies,prisma JSDoc example,NOT_APPLICABLE,generated-jsdoc,N/A,JSDoc comment in generated Prisma client .d.ts,NONE,2026-05-28T20:25:00Z,s5-cov11-9
797,./server/src/generated/prisma/client/index.d.ts,varies,prisma JSDoc example,NOT_APPLICABLE,generated-jsdoc,N/A,JSDoc comment in generated Prisma client .d.ts,NONE,2026-05-28T20:25:00Z,s5-cov11-9
798,./server/src/generated/prisma/client/index.d.ts,varies,prisma JSDoc example,NOT_APPLICABLE,generated-jsdoc,N/A,JSDoc comment in generated Prisma client .d.ts,NONE,2026-05-28T20:25:00Z,s5-cov11-9
799,./server/src/generated/prisma/client/index.d.ts,varies,prisma JSDoc example,NOT_APPLICABLE,generated-jsdoc,N/A,JSDoc comment in generated Prisma client .d.ts,NONE,2026-05-28T20:25:00Z,s5-cov11-9
800,./server/src/generated/prisma/client/index.d.ts,varies,prisma JSDoc example,NOT_APPLICABLE,generated-jsdoc,N/A,JSDoc comment in generated Prisma client .d.ts,NONE,2026-05-28T20:25:00Z,s5-cov11-9
801,./server/src/generated/prisma/client/index.d.ts,varies,prisma JSDoc example,NOT_APPLICABLE,generated-jsdoc,N/A,JSDoc comment in generated Prisma client .d.ts,NONE,2026-05-28T20:25:00Z,s5-cov11-10
802,./server/src/generated/prisma/client/index.d.ts,varies,prisma JSDoc example,NOT_APPLICABLE,generated-jsdoc,N/A,JSDoc comment in generated Prisma client .d.ts,NONE,2026-05-28T20:25:00Z,s5-cov11-10
803,./server/src/generated/prisma/client/index.d.ts,varies,prisma JSDoc example,NOT_APPLICABLE,generated-jsdoc,N/A,JSDoc comment in generated Prisma client .d.ts,NONE,2026-05-28T20:25:00Z,s5-cov11-10
804,./server/src/generated/prisma/client/index.d.ts,varies,prisma JSDoc example,NOT_APPLICABLE,generated-jsdoc,N/A,JSDoc comment in generated Prisma client .d.ts,NONE,2026-05-28T20:25:00Z,s5-cov11-10
805,./server/src/generated/prisma/client/index.d.ts,varies,prisma JSDoc example,NOT_APPLICABLE,generated-jsdoc,N/A,JSDoc comment in generated Prisma client .d.ts,NONE,2026-05-28T20:25:00Z,s5-cov11-10
806,./server/src/generated/prisma/client/index.d.ts,varies,prisma JSDoc example,NOT_APPLICABLE,generated-jsdoc,N/A,JSDoc comment in generated Prisma client .d.ts,NONE,2026-05-28T20:25:00Z,s5-cov11-10
807,./server/src/generated/prisma/client/index.d.ts,varies,prisma JSDoc example,NOT_APPLICABLE,generated-jsdoc,N/A,JSDoc comment in generated Prisma client .d.ts,NONE,2026-05-28T20:25:00Z,s5-cov11-10
808,./server/src/generated/prisma/client/index.d.ts,varies,prisma JSDoc example,NOT_APPLICABLE,generated-jsdoc,N/A,JSDoc comment in generated Prisma client .d.ts,NONE,2026-05-28T20:25:00Z,s5-cov11-10
809,./server/src/generated/prisma/client/index.d.ts,varies,prisma JSDoc example,NOT_APPLICABLE,generated-jsdoc,N/A,JSDoc comment in generated Prisma client .d.ts,NONE,2026-05-28T20:25:00Z,s5-cov11-10
810,./server/src/generated/prisma/client/index.d.ts,varies,prisma JSDoc example,NOT_APPLICABLE,generated-jsdoc,N/A,JSDoc comment in generated Prisma client .d.ts,NONE,2026-05-28T20:25:00Z,s5-cov11-10
811,./server/src/generated/prisma/client/index.d.ts,varies,prisma JSDoc example,NOT_APPLICABLE,generated-jsdoc,N/A,JSDoc comment in generated Prisma client .d.ts,NONE,2026-05-28T20:25:00Z,s5-cov11-10
812,./server/src/generated/prisma/client/index.d.ts,varies,prisma JSDoc example,NOT_APPLICABLE,generated-jsdoc,N/A,JSDoc comment in generated Prisma client .d.ts,NONE,2026-05-28T20:25:00Z,s5-cov11-10
813,./server/src/generated/prisma/client/index.d.ts,varies,prisma JSDoc example,NOT_APPLICABLE,generated-jsdoc,N/A,JSDoc comment in generated Prisma client .d.ts,NONE,2026-05-28T20:25:00Z,s5-cov11-10
814,./server/src/generated/prisma/client/index.d.ts,varies,prisma JSDoc example,NOT_APPLICABLE,generated-jsdoc,N/A,JSDoc comment in generated Prisma client .d.ts,NONE,2026-05-28T20:25:00Z,s5-cov11-10
815,./server/src/generated/prisma/client/index.d.ts,varies,prisma JSDoc example,NOT_APPLICABLE,generated-jsdoc,N/A,JSDoc comment in generated Prisma client .d.ts,NONE,2026-05-28T20:25:00Z,s5-cov11-10
816,./server/src/generated/prisma/client/index.d.ts,varies,prisma JSDoc example,NOT_APPLICABLE,generated-jsdoc,N/A,JSDoc comment in generated Prisma client .d.ts,NONE,2026-05-28T20:25:00Z,s5-cov11-10
817,./server/src/generated/prisma/client/index.d.ts,varies,prisma JSDoc example,NOT_APPLICABLE,generated-jsdoc,N/A,JSDoc comment in generated Prisma client .d.ts,NONE,2026-05-28T20:25:00Z,s5-cov11-10
818,./server/src/generated/prisma/client/index.d.ts,varies,prisma JSDoc example,NOT_APPLICABLE,generated-jsdoc,N/A,JSDoc comment in generated Prisma client .d.ts,NONE,2026-05-28T20:25:00Z,s5-cov11-10
819,./server/src/generated/prisma/client/index.d.ts,varies,prisma JSDoc example,NOT_APPLICABLE,generated-jsdoc,N/A,JSDoc comment in generated Prisma client .d.ts,NONE,2026-05-28T20:25:00Z,s5-cov11-10
820,./server/src/generated/prisma/client/index.d.ts,varies,prisma JSDoc example,NOT_APPLICABLE,generated-jsdoc,N/A,JSDoc comment in generated Prisma client .d.ts,NONE,2026-05-28T20:25:00Z,s5-cov11-10
821,./server/src/generated/prisma/client/index.d.ts,varies,prisma JSDoc example,NOT_APPLICABLE,generated-jsdoc,N/A,JSDoc comment in generated Prisma client .d.ts,NONE,2026-05-28T20:25:00Z,s5-cov11-10
822,./server/src/generated/prisma/client/index.d.ts,varies,prisma JSDoc example,NOT_APPLICABLE,generated-jsdoc,N/A,JSDoc comment in generated Prisma client .d.ts,NONE,2026-05-28T20:25:00Z,s5-cov11-10
823,./server/src/generated/prisma/client/index.d.ts,varies,prisma JSDoc example,NOT_APPLICABLE,generated-jsdoc,N/A,JSDoc comment in generated Prisma client .d.ts,NONE,2026-05-28T20:25:00Z,s5-cov11-10
824,./server/src/generated/prisma/client/index.d.ts,varies,prisma JSDoc example,NOT_APPLICABLE,generated-jsdoc,N/A,JSDoc comment in generated Prisma client .d.ts,NONE,2026-05-28T20:25:00Z,s5-cov11-10
825,./server/src/generated/prisma/client/index.d.ts,varies,prisma JSDoc example,NOT_APPLICABLE,generated-jsdoc,N/A,JSDoc comment in generated Prisma client .d.ts,NONE,2026-05-28T20:25:00Z,s5-cov11-10
826,./server/src/generated/prisma/client/index.d.ts,varies,prisma JSDoc example,NOT_APPLICABLE,generated-jsdoc,N/A,JSDoc comment in generated Prisma client .d.ts,NONE,2026-05-28T20:25:00Z,s5-cov11-11
827,./server/src/generated/prisma/client/index.d.ts,varies,prisma JSDoc example,NOT_APPLICABLE,generated-jsdoc,N/A,JSDoc comment in generated Prisma client .d.ts,NONE,2026-05-28T20:25:00Z,s5-cov11-11
828,./server/src/generated/prisma/client/index.d.ts,varies,prisma JSDoc example,NOT_APPLICABLE,generated-jsdoc,N/A,JSDoc comment in generated Prisma client .d.ts,NONE,2026-05-28T20:25:00Z,s5-cov11-11
829,./server/src/generated/prisma/client/index.d.ts,varies,prisma JSDoc example,NOT_APPLICABLE,generated-jsdoc,N/A,JSDoc comment in generated Prisma client .d.ts,NONE,2026-05-28T20:25:00Z,s5-cov11-11
830,./server/src/generated/prisma/client/index.d.ts,varies,prisma JSDoc example,NOT_APPLICABLE,generated-jsdoc,N/A,JSDoc comment in generated Prisma client .d.ts,NONE,2026-05-28T20:25:00Z,s5-cov11-11
831,./server/src/generated/prisma/client/index.d.ts,varies,prisma JSDoc example,NOT_APPLICABLE,generated-jsdoc,N/A,JSDoc comment in generated Prisma client .d.ts,NONE,2026-05-28T20:25:00Z,s5-cov11-11
832,./server/src/generated/prisma/client/index.d.ts,varies,prisma JSDoc example,NOT_APPLICABLE,generated-jsdoc,N/A,JSDoc comment in generated Prisma client .d.ts,NONE,2026-05-28T20:25:00Z,s5-cov11-11
833,./server/src/generated/prisma/client/index.d.ts,varies,prisma JSDoc example,NOT_APPLICABLE,generated-jsdoc,N/A,JSDoc comment in generated Prisma client .d.ts,NONE,2026-05-28T20:25:00Z,s5-cov11-11
834,./server/src/generated/prisma/client/index.d.ts,varies,prisma JSDoc example,NOT_APPLICABLE,generated-jsdoc,N/A,JSDoc comment in generated Prisma client .d.ts,NONE,2026-05-28T20:25:00Z,s5-cov11-11
835,./server/src/generated/prisma/client/index.d.ts,varies,prisma JSDoc example,NOT_APPLICABLE,generated-jsdoc,N/A,JSDoc comment in generated Prisma client .d.ts,NONE,2026-05-28T20:25:00Z,s5-cov11-11
836,./server/src/generated/prisma/client/index.d.ts,varies,prisma JSDoc example,NOT_APPLICABLE,generated-jsdoc,N/A,JSDoc comment in generated Prisma client .d.ts,NONE,2026-05-28T20:25:00Z,s5-cov11-11
837,./server/src/generated/prisma/client/index.d.ts,varies,prisma JSDoc example,NOT_APPLICABLE,generated-jsdoc,N/A,JSDoc comment in generated Prisma client .d.ts,NONE,2026-05-28T20:25:00Z,s5-cov11-11
838,./server/src/generated/prisma/client/index.d.ts,varies,prisma JSDoc example,NOT_APPLICABLE,generated-jsdoc,N/A,JSDoc comment in generated Prisma client .d.ts,NONE,2026-05-28T20:25:00Z,s5-cov11-11
839,./server/src/generated/prisma/client/index.d.ts,varies,prisma JSDoc example,NOT_APPLICABLE,generated-jsdoc,N/A,JSDoc comment in generated Prisma client .d.ts,NONE,2026-05-28T20:25:00Z,s5-cov11-11
840,./server/src/generated/prisma/client/index.d.ts,varies,prisma JSDoc example,NOT_APPLICABLE,generated-jsdoc,N/A,JSDoc comment in generated Prisma client .d.ts,NONE,2026-05-28T20:25:00Z,s5-cov11-11
841,./server/src/generated/prisma/client/index.d.ts,varies,prisma JSDoc example,NOT_APPLICABLE,generated-jsdoc,N/A,JSDoc comment in generated Prisma client .d.ts,NONE,2026-05-28T20:25:00Z,s5-cov11-11
842,./server/src/generated/prisma/client/index.d.ts,varies,prisma JSDoc example,NOT_APPLICABLE,generated-jsdoc,N/A,JSDoc comment in generated Prisma client .d.ts,NONE,2026-05-28T20:25:00Z,s5-cov11-11
843,./server/src/generated/prisma/client/index.d.ts,varies,prisma JSDoc example,NOT_APPLICABLE,generated-jsdoc,N/A,JSDoc comment in generated Prisma client .d.ts,NONE,2026-05-28T20:25:00Z,s5-cov11-11
844,./server/src/generated/prisma/client/index.d.ts,varies,prisma JSDoc example,NOT_APPLICABLE,generated-jsdoc,N/A,JSDoc comment in generated Prisma client .d.ts,NONE,2026-05-28T20:25:00Z,s5-cov11-11
845,./server/src/generated/prisma/client/index.d.ts,varies,prisma JSDoc example,NOT_APPLICABLE,generated-jsdoc,N/A,JSDoc comment in generated Prisma client .d.ts,NONE,2026-05-28T20:25:00Z,s5-cov11-11
846,./server/src/generated/prisma/client/index.d.ts,varies,prisma JSDoc example,NOT_APPLICABLE,generated-jsdoc,N/A,JSDoc comment in generated Prisma client .d.ts,NONE,2026-05-28T20:25:00Z,s5-cov11-11
847,./server/src/generated/prisma/client/index.d.ts,varies,prisma JSDoc example,NOT_APPLICABLE,generated-jsdoc,N/A,JSDoc comment in generated Prisma client .d.ts,NONE,2026-05-28T20:25:00Z,s5-cov11-11
848,./server/src/generated/prisma/client/index.d.ts,varies,prisma JSDoc example,NOT_APPLICABLE,generated-jsdoc,N/A,JSDoc comment in generated Prisma client .d.ts,NONE,2026-05-28T20:25:00Z,s5-cov11-11
849,./server/src/generated/prisma/client/index.d.ts,varies,prisma JSDoc example,NOT_APPLICABLE,generated-jsdoc,N/A,JSDoc comment in generated Prisma client .d.ts,NONE,2026-05-28T20:25:00Z,s5-cov11-11
850,./server/src/generated/prisma/client/index.d.ts,varies,prisma JSDoc example,NOT_APPLICABLE,generated-jsdoc,N/A,JSDoc comment in generated Prisma client .d.ts,NONE,2026-05-28T20:25:00Z,s5-cov11-11
851,./server/src/generated/prisma/client/index.d.ts,varies,prisma JSDoc example,NOT_APPLICABLE,generated-jsdoc,N/A,JSDoc comment in generated Prisma client .d.ts,NONE,2026-05-28T20:25:00Z,s5-cov11-12
852,./server/src/generated/prisma/client/index.d.ts,varies,prisma JSDoc example,NOT_APPLICABLE,generated-jsdoc,N/A,JSDoc comment in generated Prisma client .d.ts,NONE,2026-05-28T20:25:00Z,s5-cov11-12
853,./server/src/generated/prisma/client/index.d.ts,varies,prisma JSDoc example,NOT_APPLICABLE,generated-jsdoc,N/A,JSDoc comment in generated Prisma client .d.ts,NONE,2026-05-28T20:25:00Z,s5-cov11-12
854,./server/src/generated/prisma/client/index.d.ts,varies,prisma JSDoc example,NOT_APPLICABLE,generated-jsdoc,N/A,JSDoc comment in generated Prisma client .d.ts,NONE,2026-05-28T20:25:00Z,s5-cov11-12
855,./server/src/generated/prisma/client/index.d.ts,varies,prisma JSDoc example,NOT_APPLICABLE,generated-jsdoc,N/A,JSDoc comment in generated Prisma client .d.ts,NONE,2026-05-28T20:25:00Z,s5-cov11-12
856,./server/src/generated/prisma/client/index.d.ts,varies,prisma JSDoc example,NOT_APPLICABLE,generated-jsdoc,N/A,JSDoc comment in generated Prisma client .d.ts,NONE,2026-05-28T20:25:00Z,s5-cov11-12
857,./server/src/generated/prisma/client/index.d.ts,varies,prisma JSDoc example,NOT_APPLICABLE,generated-jsdoc,N/A,JSDoc comment in generated Prisma client .d.ts,NONE,2026-05-28T20:25:00Z,s5-cov11-12
858,./server/src/generated/prisma/client/index.d.ts,varies,prisma JSDoc example,NOT_APPLICABLE,generated-jsdoc,N/A,JSDoc comment in generated Prisma client .d.ts,NONE,2026-05-28T20:25:00Z,s5-cov11-12
859,./server/src/generated/prisma/client/index.d.ts,varies,prisma JSDoc example,NOT_APPLICABLE,generated-jsdoc,N/A,JSDoc comment in generated Prisma client .d.ts,NONE,2026-05-28T20:25:00Z,s5-cov11-12
860,./server/src/generated/prisma/client/index.d.ts,varies,prisma JSDoc example,NOT_APPLICABLE,generated-jsdoc,N/A,JSDoc comment in generated Prisma client .d.ts,NONE,2026-05-28T20:25:00Z,s5-cov11-12
861,./server/src/generated/prisma/client/index.d.ts,varies,prisma JSDoc example,NOT_APPLICABLE,generated-jsdoc,N/A,JSDoc comment in generated Prisma client .d.ts,NONE,2026-05-28T20:25:00Z,s5-cov11-12
862,./server/src/generated/prisma/client/index.d.ts,varies,prisma JSDoc example,NOT_APPLICABLE,generated-jsdoc,N/A,JSDoc comment in generated Prisma client .d.ts,NONE,2026-05-28T20:25:00Z,s5-cov11-12
863,./server/src/generated/prisma/client/index.d.ts,varies,prisma JSDoc example,NOT_APPLICABLE,generated-jsdoc,N/A,JSDoc comment in generated Prisma client .d.ts,NONE,2026-05-28T20:25:00Z,s5-cov11-12
864,./server/src/generated/prisma/client/index.d.ts,varies,prisma JSDoc example,NOT_APPLICABLE,generated-jsdoc,N/A,JSDoc comment in generated Prisma client .d.ts,NONE,2026-05-28T20:25:00Z,s5-cov11-12
865,./server/src/generated/prisma/client/index.d.ts,varies,prisma JSDoc example,NOT_APPLICABLE,generated-jsdoc,N/A,JSDoc comment in generated Prisma client .d.ts,NONE,2026-05-28T20:25:00Z,s5-cov11-12
866,./server/src/generated/prisma/client/index.d.ts,varies,prisma JSDoc example,NOT_APPLICABLE,generated-jsdoc,N/A,JSDoc comment in generated Prisma client .d.ts,NONE,2026-05-28T20:25:00Z,s5-cov11-12
867,./server/src/generated/prisma/client/index.d.ts,varies,prisma JSDoc example,NOT_APPLICABLE,generated-jsdoc,N/A,JSDoc comment in generated Prisma client .d.ts,NONE,2026-05-28T20:25:00Z,s5-cov11-12
868,./server/src/generated/prisma/client/index.d.ts,varies,prisma JSDoc example,NOT_APPLICABLE,generated-jsdoc,N/A,JSDoc comment in generated Prisma client .d.ts,NONE,2026-05-28T20:25:00Z,s5-cov11-12
869,./server/src/generated/prisma/client/index.d.ts,varies,prisma JSDoc example,NOT_APPLICABLE,generated-jsdoc,N/A,JSDoc comment in generated Prisma client .d.ts,NONE,2026-05-28T20:25:00Z,s5-cov11-12
870,./server/src/generated/prisma/client/index.d.ts,varies,prisma JSDoc example,NOT_APPLICABLE,generated-jsdoc,N/A,JSDoc comment in generated Prisma client .d.ts,NONE,2026-05-28T20:25:00Z,s5-cov11-12
871,./server/src/generated/prisma/client/index.d.ts,varies,prisma JSDoc example,NOT_APPLICABLE,generated-jsdoc,N/A,JSDoc comment in generated Prisma client .d.ts,NONE,2026-05-28T20:25:00Z,s5-cov11-12
872,./server/src/generated/prisma/client/index.d.ts,varies,prisma JSDoc example,NOT_APPLICABLE,generated-jsdoc,N/A,JSDoc comment in generated Prisma client .d.ts,NONE,2026-05-28T20:25:00Z,s5-cov11-12
873,./server/src/generated/prisma/client/index.d.ts,varies,prisma JSDoc example,NOT_APPLICABLE,generated-jsdoc,N/A,JSDoc comment in generated Prisma client .d.ts,NONE,2026-05-28T20:25:00Z,s5-cov11-12
874,./server/src/generated/prisma/client/index.d.ts,varies,prisma JSDoc example,NOT_APPLICABLE,generated-jsdoc,N/A,JSDoc comment in generated Prisma client .d.ts,NONE,2026-05-28T20:25:00Z,s5-cov11-12
875,./server/src/generated/prisma/client/index.d.ts,varies,prisma JSDoc example,NOT_APPLICABLE,generated-jsdoc,N/A,JSDoc comment in generated Prisma client .d.ts,NONE,2026-05-28T20:25:00Z,s5-cov11-12
876,./server/src/generated/prisma/client/index.d.ts,varies,prisma JSDoc example,NOT_APPLICABLE,generated-jsdoc,N/A,JSDoc comment in generated Prisma client .d.ts,NONE,2026-05-28T20:25:00Z,s5-cov11-13
877,./server/src/generated/prisma/client/index.d.ts,varies,prisma JSDoc example,NOT_APPLICABLE,generated-jsdoc,N/A,JSDoc comment in generated Prisma client .d.ts,NONE,2026-05-28T20:25:00Z,s5-cov11-13
878,./server/src/generated/prisma/client/index.d.ts,varies,prisma JSDoc example,NOT_APPLICABLE,generated-jsdoc,N/A,JSDoc comment in generated Prisma client .d.ts,NONE,2026-05-28T20:25:00Z,s5-cov11-13
879,./server/src/generated/prisma/client/index.d.ts,varies,prisma JSDoc example,NOT_APPLICABLE,generated-jsdoc,N/A,JSDoc comment in generated Prisma client .d.ts,NONE,2026-05-28T20:25:00Z,s5-cov11-13
880,./server/src/generated/prisma/client/index.d.ts,varies,prisma JSDoc example,NOT_APPLICABLE,generated-jsdoc,N/A,JSDoc comment in generated Prisma client .d.ts,NONE,2026-05-28T20:25:00Z,s5-cov11-13
881,./server/src/generated/prisma/client/index.d.ts,varies,prisma JSDoc example,NOT_APPLICABLE,generated-jsdoc,N/A,JSDoc comment in generated Prisma client .d.ts,NONE,2026-05-28T20:25:00Z,s5-cov11-13
882,./server/src/generated/prisma/client/index.d.ts,varies,prisma JSDoc example,NOT_APPLICABLE,generated-jsdoc,N/A,JSDoc comment in generated Prisma client .d.ts,NONE,2026-05-28T20:25:00Z,s5-cov11-13
883,./server/src/generated/prisma/client/index.d.ts,varies,prisma JSDoc example,NOT_APPLICABLE,generated-jsdoc,N/A,JSDoc comment in generated Prisma client .d.ts,NONE,2026-05-28T20:25:00Z,s5-cov11-13
884,./server/src/generated/prisma/client/index.d.ts,varies,prisma JSDoc example,NOT_APPLICABLE,generated-jsdoc,N/A,JSDoc comment in generated Prisma client .d.ts,NONE,2026-05-28T20:25:00Z,s5-cov11-13
885,./server/src/generated/prisma/client/index.d.ts,varies,prisma JSDoc example,NOT_APPLICABLE,generated-jsdoc,N/A,JSDoc comment in generated Prisma client .d.ts,NONE,2026-05-28T20:25:00Z,s5-cov11-13
886,./server/src/generated/prisma/client/index.d.ts,varies,prisma JSDoc example,NOT_APPLICABLE,generated-jsdoc,N/A,JSDoc comment in generated Prisma client .d.ts,NONE,2026-05-28T20:25:00Z,s5-cov11-13
887,./server/src/generated/prisma/client/index.d.ts,varies,prisma JSDoc example,NOT_APPLICABLE,generated-jsdoc,N/A,JSDoc comment in generated Prisma client .d.ts,NONE,2026-05-28T20:25:00Z,s5-cov11-13
888,./server/src/generated/prisma/client/index.d.ts,varies,prisma JSDoc example,NOT_APPLICABLE,generated-jsdoc,N/A,JSDoc comment in generated Prisma client .d.ts,NONE,2026-05-28T20:25:00Z,s5-cov11-13
889,./server/src/generated/prisma/client/index.d.ts,varies,prisma JSDoc example,NOT_APPLICABLE,generated-jsdoc,N/A,JSDoc comment in generated Prisma client .d.ts,NONE,2026-05-28T20:25:00Z,s5-cov11-13
890,./server/src/generated/prisma/client/index.d.ts,varies,prisma JSDoc example,NOT_APPLICABLE,generated-jsdoc,N/A,JSDoc comment in generated Prisma client .d.ts,NONE,2026-05-28T20:25:00Z,s5-cov11-13
891,./server/src/generated/prisma/client/index.d.ts,varies,prisma JSDoc example,NOT_APPLICABLE,generated-jsdoc,N/A,JSDoc comment in generated Prisma client .d.ts,NONE,2026-05-28T20:25:00Z,s5-cov11-13
892,./server/src/generated/prisma/client/index.d.ts,varies,prisma JSDoc example,NOT_APPLICABLE,generated-jsdoc,N/A,JSDoc comment in generated Prisma client .d.ts,NONE,2026-05-28T20:25:00Z,s5-cov11-13
893,./server/src/generated/prisma/client/index.d.ts,varies,prisma JSDoc example,NOT_APPLICABLE,generated-jsdoc,N/A,JSDoc comment in generated Prisma client .d.ts,NONE,2026-05-28T20:25:00Z,s5-cov11-13
894,./server/src/generated/prisma/client/index.d.ts,varies,prisma JSDoc example,NOT_APPLICABLE,generated-jsdoc,N/A,JSDoc comment in generated Prisma client .d.ts,NONE,2026-05-28T20:25:00Z,s5-cov11-13
895,./server/src/generated/prisma/client/index.d.ts,varies,prisma JSDoc example,NOT_APPLICABLE,generated-jsdoc,N/A,JSDoc comment in generated Prisma client .d.ts,NONE,2026-05-28T20:25:00Z,s5-cov11-13
896,./server/src/generated/prisma/client/index.d.ts,varies,prisma JSDoc example,NOT_APPLICABLE,generated-jsdoc,N/A,JSDoc comment in generated Prisma client .d.ts,NONE,2026-05-28T20:25:00Z,s5-cov11-13
897,./server/src/generated/prisma/client/index.d.ts,varies,prisma JSDoc example,NOT_APPLICABLE,generated-jsdoc,N/A,JSDoc comment in generated Prisma client .d.ts,NONE,2026-05-28T20:25:00Z,s5-cov11-13
898,./server/src/generated/prisma/client/index.d.ts,varies,prisma JSDoc example,NOT_APPLICABLE,generated-jsdoc,N/A,JSDoc comment in generated Prisma client .d.ts,NONE,2026-05-28T20:25:00Z,s5-cov11-13
899,./server/src/generated/prisma/client/index.d.ts,varies,prisma JSDoc example,NOT_APPLICABLE,generated-jsdoc,N/A,JSDoc comment in generated Prisma client .d.ts,NONE,2026-05-28T20:25:00Z,s5-cov11-13
900,./server/src/generated/prisma/client/index.d.ts,varies,prisma JSDoc example,NOT_APPLICABLE,generated-jsdoc,N/A,JSDoc comment in generated Prisma client .d.ts,NONE,2026-05-28T20:25:00Z,s5-cov11-13
901,./server/src/generated/prisma/client/index.d.ts,varies,prisma JSDoc example,NOT_APPLICABLE,generated-jsdoc,N/A,JSDoc comment in generated Prisma client .d.ts,NONE,2026-05-28T20:25:00Z,s5-cov11-14
902,./server/src/generated/prisma/client/index.d.ts,varies,prisma JSDoc example,NOT_APPLICABLE,generated-jsdoc,N/A,JSDoc comment in generated Prisma client .d.ts,NONE,2026-05-28T20:25:00Z,s5-cov11-14
903,./server/src/generated/prisma/client/index.d.ts,varies,prisma JSDoc example,NOT_APPLICABLE,generated-jsdoc,N/A,JSDoc comment in generated Prisma client .d.ts,NONE,2026-05-28T20:25:00Z,s5-cov11-14
904,./server/src/generated/prisma/client/index.d.ts,varies,prisma JSDoc example,NOT_APPLICABLE,generated-jsdoc,N/A,JSDoc comment in generated Prisma client .d.ts,NONE,2026-05-28T20:25:00Z,s5-cov11-14
905,./server/src/generated/prisma/client/index.d.ts,varies,prisma JSDoc example,NOT_APPLICABLE,generated-jsdoc,N/A,JSDoc comment in generated Prisma client .d.ts,NONE,2026-05-28T20:25:00Z,s5-cov11-14
906,./server/src/generated/prisma/client/index.d.ts,varies,prisma JSDoc example,NOT_APPLICABLE,generated-jsdoc,N/A,JSDoc comment in generated Prisma client .d.ts,NONE,2026-05-28T20:25:00Z,s5-cov11-14
907,./server/src/generated/prisma/client/index.d.ts,varies,prisma JSDoc example,NOT_APPLICABLE,generated-jsdoc,N/A,JSDoc comment in generated Prisma client .d.ts,NONE,2026-05-28T20:25:00Z,s5-cov11-14
908,./server/src/generated/prisma/client/index.d.ts,varies,prisma JSDoc example,NOT_APPLICABLE,generated-jsdoc,N/A,JSDoc comment in generated Prisma client .d.ts,NONE,2026-05-28T20:25:00Z,s5-cov11-14
909,./server/src/generated/prisma/client/index.d.ts,varies,prisma JSDoc example,NOT_APPLICABLE,generated-jsdoc,N/A,JSDoc comment in generated Prisma client .d.ts,NONE,2026-05-28T20:25:00Z,s5-cov11-14
910,./server/src/generated/prisma/client/index.d.ts,varies,prisma JSDoc example,NOT_APPLICABLE,generated-jsdoc,N/A,JSDoc comment in generated Prisma client .d.ts,NONE,2026-05-28T20:25:00Z,s5-cov11-14
911,./server/src/generated/prisma/client/index.d.ts,varies,prisma JSDoc example,NOT_APPLICABLE,generated-jsdoc,N/A,JSDoc comment in generated Prisma client .d.ts,NONE,2026-05-28T20:25:00Z,s5-cov11-14
912,./server/src/generated/prisma/client/index.d.ts,varies,prisma JSDoc example,NOT_APPLICABLE,generated-jsdoc,N/A,JSDoc comment in generated Prisma client .d.ts,NONE,2026-05-28T20:25:00Z,s5-cov11-14
913,./server/src/generated/prisma/client/index.d.ts,varies,prisma JSDoc example,NOT_APPLICABLE,generated-jsdoc,N/A,JSDoc comment in generated Prisma client .d.ts,NONE,2026-05-28T20:25:00Z,s5-cov11-14
914,./server/src/generated/prisma/client/index.d.ts,varies,prisma JSDoc example,NOT_APPLICABLE,generated-jsdoc,N/A,JSDoc comment in generated Prisma client .d.ts,NONE,2026-05-28T20:25:00Z,s5-cov11-14
915,./server/src/generated/prisma/client/index.d.ts,varies,prisma JSDoc example,NOT_APPLICABLE,generated-jsdoc,N/A,JSDoc comment in generated Prisma client .d.ts,NONE,2026-05-28T20:25:00Z,s5-cov11-14
916,./server/src/generated/prisma/client/index.d.ts,varies,prisma JSDoc example,NOT_APPLICABLE,generated-jsdoc,N/A,JSDoc comment in generated Prisma client .d.ts,NONE,2026-05-28T20:25:00Z,s5-cov11-14
917,./server/src/generated/prisma/client/index.d.ts,varies,prisma JSDoc example,NOT_APPLICABLE,generated-jsdoc,N/A,JSDoc comment in generated Prisma client .d.ts,NONE,2026-05-28T20:25:00Z,s5-cov11-14
918,./server/src/generated/prisma/client/index.d.ts,varies,prisma JSDoc example,NOT_APPLICABLE,generated-jsdoc,N/A,JSDoc comment in generated Prisma client .d.ts,NONE,2026-05-28T20:25:00Z,s5-cov11-14
919,./server/src/generated/prisma/client/index.d.ts,varies,prisma JSDoc example,NOT_APPLICABLE,generated-jsdoc,N/A,JSDoc comment in generated Prisma client .d.ts,NONE,2026-05-28T20:25:00Z,s5-cov11-14
920,./server/src/generated/prisma/client/index.d.ts,varies,prisma JSDoc example,NOT_APPLICABLE,generated-jsdoc,N/A,JSDoc comment in generated Prisma client .d.ts,NONE,2026-05-28T20:25:00Z,s5-cov11-14
921,./server/src/generated/prisma/client/index.d.ts,varies,prisma JSDoc example,NOT_APPLICABLE,generated-jsdoc,N/A,JSDoc comment in generated Prisma client .d.ts,NONE,2026-05-28T20:25:00Z,s5-cov11-14
922,./server/src/generated/prisma/client/index.d.ts,varies,prisma JSDoc example,NOT_APPLICABLE,generated-jsdoc,N/A,JSDoc comment in generated Prisma client .d.ts,NONE,2026-05-28T20:25:00Z,s5-cov11-14
923,./server/src/generated/prisma/client/index.d.ts,varies,prisma JSDoc example,NOT_APPLICABLE,generated-jsdoc,N/A,JSDoc comment in generated Prisma client .d.ts,NONE,2026-05-28T20:25:00Z,s5-cov11-14
924,./server/src/generated/prisma/client/index.d.ts,varies,prisma JSDoc example,NOT_APPLICABLE,generated-jsdoc,N/A,JSDoc comment in generated Prisma client .d.ts,NONE,2026-05-28T20:25:00Z,s5-cov11-14
925,./server/src/generated/prisma/client/index.d.ts,varies,prisma JSDoc example,NOT_APPLICABLE,generated-jsdoc,N/A,JSDoc comment in generated Prisma client .d.ts,NONE,2026-05-28T20:25:00Z,s5-cov11-14
926,./server/src/generated/prisma/client/index.d.ts,varies,prisma JSDoc example,NOT_APPLICABLE,generated-jsdoc,N/A,JSDoc comment in generated Prisma client .d.ts,NONE,2026-05-28T20:25:00Z,s5-cov11-15
927,./server/src/generated/prisma/client/index.d.ts,varies,prisma JSDoc example,NOT_APPLICABLE,generated-jsdoc,N/A,JSDoc comment in generated Prisma client .d.ts,NONE,2026-05-28T20:25:00Z,s5-cov11-15
928,./server/src/generated/prisma/client/index.d.ts,varies,prisma JSDoc example,NOT_APPLICABLE,generated-jsdoc,N/A,JSDoc comment in generated Prisma client .d.ts,NONE,2026-05-28T20:25:00Z,s5-cov11-15
929,./server/src/generated/prisma/client/index.d.ts,varies,prisma JSDoc example,NOT_APPLICABLE,generated-jsdoc,N/A,JSDoc comment in generated Prisma client .d.ts,NONE,2026-05-28T20:25:00Z,s5-cov11-15
930,./server/src/generated/prisma/client/index.d.ts,varies,prisma JSDoc example,NOT_APPLICABLE,generated-jsdoc,N/A,JSDoc comment in generated Prisma client .d.ts,NONE,2026-05-28T20:25:00Z,s5-cov11-15
931,./server/src/generated/prisma/client/index.d.ts,varies,prisma JSDoc example,NOT_APPLICABLE,generated-jsdoc,N/A,JSDoc comment in generated Prisma client .d.ts,NONE,2026-05-28T20:25:00Z,s5-cov11-15
932,./server/src/generated/prisma/client/index.d.ts,varies,prisma JSDoc example,NOT_APPLICABLE,generated-jsdoc,N/A,JSDoc comment in generated Prisma client .d.ts,NONE,2026-05-28T20:25:00Z,s5-cov11-15
933,./server/src/generated/prisma/client/index.d.ts,varies,prisma JSDoc example,NOT_APPLICABLE,generated-jsdoc,N/A,JSDoc comment in generated Prisma client .d.ts,NONE,2026-05-28T20:25:00Z,s5-cov11-15
934,./server/src/generated/prisma/client/index.d.ts,varies,prisma JSDoc example,NOT_APPLICABLE,generated-jsdoc,N/A,JSDoc comment in generated Prisma client .d.ts,NONE,2026-05-28T20:25:00Z,s5-cov11-15
935,./server/src/generated/prisma/client/index.d.ts,varies,prisma JSDoc example,NOT_APPLICABLE,generated-jsdoc,N/A,JSDoc comment in generated Prisma client .d.ts,NONE,2026-05-28T20:25:00Z,s5-cov11-15
936,./server/src/generated/prisma/client/index.d.ts,varies,prisma JSDoc example,NOT_APPLICABLE,generated-jsdoc,N/A,JSDoc comment in generated Prisma client .d.ts,NONE,2026-05-28T20:25:00Z,s5-cov11-15
937,./server/src/generated/prisma/client/index.d.ts,varies,prisma JSDoc example,NOT_APPLICABLE,generated-jsdoc,N/A,JSDoc comment in generated Prisma client .d.ts,NONE,2026-05-28T20:25:00Z,s5-cov11-15
938,./server/src/generated/prisma/client/index.d.ts,varies,prisma JSDoc example,NOT_APPLICABLE,generated-jsdoc,N/A,JSDoc comment in generated Prisma client .d.ts,NONE,2026-05-28T20:25:00Z,s5-cov11-15
939,./server/src/generated/prisma/client/index.d.ts,varies,prisma JSDoc example,NOT_APPLICABLE,generated-jsdoc,N/A,JSDoc comment in generated Prisma client .d.ts,NONE,2026-05-28T20:25:00Z,s5-cov11-15
940,./server/src/generated/prisma/client/index.d.ts,varies,prisma JSDoc example,NOT_APPLICABLE,generated-jsdoc,N/A,JSDoc comment in generated Prisma client .d.ts,NONE,2026-05-28T20:25:00Z,s5-cov11-15
941,./server/src/generated/prisma/client/index.d.ts,varies,prisma JSDoc example,NOT_APPLICABLE,generated-jsdoc,N/A,JSDoc comment in generated Prisma client .d.ts,NONE,2026-05-28T20:25:00Z,s5-cov11-15
942,./server/src/generated/prisma/client/index.d.ts,varies,prisma JSDoc example,NOT_APPLICABLE,generated-jsdoc,N/A,JSDoc comment in generated Prisma client .d.ts,NONE,2026-05-28T20:25:00Z,s5-cov11-15
943,./server/src/generated/prisma/client/index.d.ts,varies,prisma JSDoc example,NOT_APPLICABLE,generated-jsdoc,N/A,JSDoc comment in generated Prisma client .d.ts,NONE,2026-05-28T20:25:00Z,s5-cov11-15
944,./server/src/generated/prisma/client/index.d.ts,varies,prisma JSDoc example,NOT_APPLICABLE,generated-jsdoc,N/A,JSDoc comment in generated Prisma client .d.ts,NONE,2026-05-28T20:25:00Z,s5-cov11-15
945,./server/src/generated/prisma/client/index.d.ts,varies,prisma JSDoc example,NOT_APPLICABLE,generated-jsdoc,N/A,JSDoc comment in generated Prisma client .d.ts,NONE,2026-05-28T20:25:00Z,s5-cov11-15
946,./server/src/generated/prisma/client/index.d.ts,varies,prisma JSDoc example,NOT_APPLICABLE,generated-jsdoc,N/A,JSDoc comment in generated Prisma client .d.ts,NONE,2026-05-28T20:25:00Z,s5-cov11-15
947,./server/src/generated/prisma/client/index.d.ts,varies,prisma JSDoc example,NOT_APPLICABLE,generated-jsdoc,N/A,JSDoc comment in generated Prisma client .d.ts,NONE,2026-05-28T20:25:00Z,s5-cov11-15
948,./server/src/generated/prisma/client/index.d.ts,varies,prisma JSDoc example,NOT_APPLICABLE,generated-jsdoc,N/A,JSDoc comment in generated Prisma client .d.ts,NONE,2026-05-28T20:25:00Z,s5-cov11-15
949,./server/src/generated/prisma/client/index.d.ts,varies,prisma JSDoc example,NOT_APPLICABLE,generated-jsdoc,N/A,JSDoc comment in generated Prisma client .d.ts,NONE,2026-05-28T20:25:00Z,s5-cov11-15
950,./server/src/generated/prisma/client/index.d.ts,varies,prisma JSDoc example,NOT_APPLICABLE,generated-jsdoc,N/A,JSDoc comment in generated Prisma client .d.ts,NONE,2026-05-28T20:25:00Z,s5-cov11-15
951,./server/src/generated/prisma/client/index.d.ts,varies,prisma JSDoc example,NOT_APPLICABLE,generated-jsdoc,N/A,JSDoc comment in generated Prisma client .d.ts,NONE,2026-05-28T20:25:00Z,s5-cov11-16
952,./server/src/generated/prisma/client/index.d.ts,varies,prisma JSDoc example,NOT_APPLICABLE,generated-jsdoc,N/A,JSDoc comment in generated Prisma client .d.ts,NONE,2026-05-28T20:25:00Z,s5-cov11-16
953,./server/src/generated/prisma/client/index.d.ts,varies,prisma JSDoc example,NOT_APPLICABLE,generated-jsdoc,N/A,JSDoc comment in generated Prisma client .d.ts,NONE,2026-05-28T20:25:00Z,s5-cov11-16
954,./server/src/generated/prisma/client/index.d.ts,varies,prisma JSDoc example,NOT_APPLICABLE,generated-jsdoc,N/A,JSDoc comment in generated Prisma client .d.ts,NONE,2026-05-28T20:25:00Z,s5-cov11-16
955,./server/src/generated/prisma/client/index.d.ts,varies,prisma JSDoc example,NOT_APPLICABLE,generated-jsdoc,N/A,JSDoc comment in generated Prisma client .d.ts,NONE,2026-05-28T20:25:00Z,s5-cov11-16
956,./server/src/generated/prisma/client/index.d.ts,varies,prisma JSDoc example,NOT_APPLICABLE,generated-jsdoc,N/A,JSDoc comment in generated Prisma client .d.ts,NONE,2026-05-28T20:25:00Z,s5-cov11-16
957,./server/src/generated/prisma/client/index.d.ts,varies,prisma JSDoc example,NOT_APPLICABLE,generated-jsdoc,N/A,JSDoc comment in generated Prisma client .d.ts,NONE,2026-05-28T20:25:00Z,s5-cov11-16
958,./server/src/generated/prisma/client/index.d.ts,varies,prisma JSDoc example,NOT_APPLICABLE,generated-jsdoc,N/A,JSDoc comment in generated Prisma client .d.ts,NONE,2026-05-28T20:25:00Z,s5-cov11-16
959,./server/src/generated/prisma/client/index.d.ts,varies,prisma JSDoc example,NOT_APPLICABLE,generated-jsdoc,N/A,JSDoc comment in generated Prisma client .d.ts,NONE,2026-05-28T20:25:00Z,s5-cov11-16
960,./server/src/generated/prisma/client/index.d.ts,varies,prisma JSDoc example,NOT_APPLICABLE,generated-jsdoc,N/A,JSDoc comment in generated Prisma client .d.ts,NONE,2026-05-28T20:25:00Z,s5-cov11-16
961,./server/src/generated/prisma/client/index.d.ts,varies,prisma JSDoc example,NOT_APPLICABLE,generated-jsdoc,N/A,JSDoc comment in generated Prisma client .d.ts,NONE,2026-05-28T20:25:00Z,s5-cov11-16
962,./server/src/generated/prisma/client/index.d.ts,varies,prisma JSDoc example,NOT_APPLICABLE,generated-jsdoc,N/A,JSDoc comment in generated Prisma client .d.ts,NONE,2026-05-28T20:25:00Z,s5-cov11-16
963,./server/src/generated/prisma/client/index.d.ts,varies,prisma JSDoc example,NOT_APPLICABLE,generated-jsdoc,N/A,JSDoc comment in generated Prisma client .d.ts,NONE,2026-05-28T20:25:00Z,s5-cov11-16
964,./server/src/generated/prisma/client/index.d.ts,varies,prisma JSDoc example,NOT_APPLICABLE,generated-jsdoc,N/A,JSDoc comment in generated Prisma client .d.ts,NONE,2026-05-28T20:25:00Z,s5-cov11-16
965,./server/src/generated/prisma/client/index.d.ts,varies,prisma JSDoc example,NOT_APPLICABLE,generated-jsdoc,N/A,JSDoc comment in generated Prisma client .d.ts,NONE,2026-05-28T20:25:00Z,s5-cov11-16
966,./server/src/generated/prisma/client/index.d.ts,varies,prisma JSDoc example,NOT_APPLICABLE,generated-jsdoc,N/A,JSDoc comment in generated Prisma client .d.ts,NONE,2026-05-28T20:25:00Z,s5-cov11-16
967,./server/src/generated/prisma/client/index.d.ts,varies,prisma JSDoc example,NOT_APPLICABLE,generated-jsdoc,N/A,JSDoc comment in generated Prisma client .d.ts,NONE,2026-05-28T20:25:00Z,s5-cov11-16
968,./server/src/generated/prisma/client/index.d.ts,varies,prisma JSDoc example,NOT_APPLICABLE,generated-jsdoc,N/A,JSDoc comment in generated Prisma client .d.ts,NONE,2026-05-28T20:25:00Z,s5-cov11-16
969,./server/src/generated/prisma/client/index.d.ts,varies,prisma JSDoc example,NOT_APPLICABLE,generated-jsdoc,N/A,JSDoc comment in generated Prisma client .d.ts,NONE,2026-05-28T20:25:00Z,s5-cov11-16
970,./server/src/generated/prisma/client/index.d.ts,varies,prisma JSDoc example,NOT_APPLICABLE,generated-jsdoc,N/A,JSDoc comment in generated Prisma client .d.ts,NONE,2026-05-28T20:25:00Z,s5-cov11-16
971,./server/src/generated/prisma/client/index.d.ts,varies,prisma JSDoc example,NOT_APPLICABLE,generated-jsdoc,N/A,JSDoc comment in generated Prisma client .d.ts,NONE,2026-05-28T20:25:00Z,s5-cov11-16
972,./server/src/generated/prisma/client/index.d.ts,varies,prisma JSDoc example,NOT_APPLICABLE,generated-jsdoc,N/A,JSDoc comment in generated Prisma client .d.ts,NONE,2026-05-28T20:25:00Z,s5-cov11-16
973,./server/src/generated/prisma/client/index.d.ts,varies,prisma JSDoc example,NOT_APPLICABLE,generated-jsdoc,N/A,JSDoc comment in generated Prisma client .d.ts,NONE,2026-05-28T20:25:00Z,s5-cov11-16
974,./server/src/generated/prisma/client/index.d.ts,varies,prisma JSDoc example,NOT_APPLICABLE,generated-jsdoc,N/A,JSDoc comment in generated Prisma client .d.ts,NONE,2026-05-28T20:25:00Z,s5-cov11-16
975,./server/src/generated/prisma/client/index.d.ts,varies,prisma JSDoc example,NOT_APPLICABLE,generated-jsdoc,N/A,JSDoc comment in generated Prisma client .d.ts,NONE,2026-05-28T20:25:00Z,s5-cov11-16
976,./server/src/generated/prisma/client/index.d.ts,varies,prisma JSDoc example,NOT_APPLICABLE,generated-jsdoc,N/A,JSDoc comment in generated Prisma client .d.ts,NONE,2026-05-28T20:25:00Z,s5-cov11-17
977,./server/src/generated/prisma/client/index.d.ts,varies,prisma JSDoc example,NOT_APPLICABLE,generated-jsdoc,N/A,JSDoc comment in generated Prisma client .d.ts,NONE,2026-05-28T20:25:00Z,s5-cov11-17
978,./server/src/generated/prisma/client/index.d.ts,varies,prisma JSDoc example,NOT_APPLICABLE,generated-jsdoc,N/A,JSDoc comment in generated Prisma client .d.ts,NONE,2026-05-28T20:25:00Z,s5-cov11-17
979,./server/src/generated/prisma/client/index.d.ts,varies,prisma JSDoc example,NOT_APPLICABLE,generated-jsdoc,N/A,JSDoc comment in generated Prisma client .d.ts,NONE,2026-05-28T20:25:00Z,s5-cov11-17
980,./server/src/generated/prisma/client/index.d.ts,varies,prisma JSDoc example,NOT_APPLICABLE,generated-jsdoc,N/A,JSDoc comment in generated Prisma client .d.ts,NONE,2026-05-28T20:25:00Z,s5-cov11-17
981,./server/src/generated/prisma/client/index.d.ts,varies,prisma JSDoc example,NOT_APPLICABLE,generated-jsdoc,N/A,JSDoc comment in generated Prisma client .d.ts,NONE,2026-05-28T20:25:00Z,s5-cov11-17
982,./server/src/generated/prisma/client/index.d.ts,varies,prisma JSDoc example,NOT_APPLICABLE,generated-jsdoc,N/A,JSDoc comment in generated Prisma client .d.ts,NONE,2026-05-28T20:25:00Z,s5-cov11-17
983,./server/src/generated/prisma/client/index.d.ts,varies,prisma JSDoc example,NOT_APPLICABLE,generated-jsdoc,N/A,JSDoc comment in generated Prisma client .d.ts,NONE,2026-05-28T20:25:00Z,s5-cov11-17
984,./server/src/generated/prisma/client/index.d.ts,varies,prisma JSDoc example,NOT_APPLICABLE,generated-jsdoc,N/A,JSDoc comment in generated Prisma client .d.ts,NONE,2026-05-28T20:25:00Z,s5-cov11-17
985,./server/src/generated/prisma/client/index.d.ts,varies,prisma JSDoc example,NOT_APPLICABLE,generated-jsdoc,N/A,JSDoc comment in generated Prisma client .d.ts,NONE,2026-05-28T20:25:00Z,s5-cov11-17
986,./server/src/generated/prisma/client/index.d.ts,varies,prisma JSDoc example,NOT_APPLICABLE,generated-jsdoc,N/A,JSDoc comment in generated Prisma client .d.ts,NONE,2026-05-28T20:25:00Z,s5-cov11-17
987,./server/src/generated/prisma/client/index.d.ts,varies,prisma JSDoc example,NOT_APPLICABLE,generated-jsdoc,N/A,JSDoc comment in generated Prisma client .d.ts,NONE,2026-05-28T20:25:00Z,s5-cov11-17
988,./server/src/generated/prisma/client/index.d.ts,varies,prisma JSDoc example,NOT_APPLICABLE,generated-jsdoc,N/A,JSDoc comment in generated Prisma client .d.ts,NONE,2026-05-28T20:25:00Z,s5-cov11-17
989,./server/src/generated/prisma/client/index.d.ts,varies,prisma JSDoc example,NOT_APPLICABLE,generated-jsdoc,N/A,JSDoc comment in generated Prisma client .d.ts,NONE,2026-05-28T20:25:00Z,s5-cov11-17
990,./server/src/generated/prisma/client/index.d.ts,varies,prisma JSDoc example,NOT_APPLICABLE,generated-jsdoc,N/A,JSDoc comment in generated Prisma client .d.ts,NONE,2026-05-28T20:25:00Z,s5-cov11-17
991,./server/src/generated/prisma/client/index.d.ts,varies,prisma JSDoc example,NOT_APPLICABLE,generated-jsdoc,N/A,JSDoc comment in generated Prisma client .d.ts,NONE,2026-05-28T20:25:00Z,s5-cov11-17
992,./server/src/generated/prisma/client/index.d.ts,varies,prisma JSDoc example,NOT_APPLICABLE,generated-jsdoc,N/A,JSDoc comment in generated Prisma client .d.ts,NONE,2026-05-28T20:25:00Z,s5-cov11-17
993,./server/src/generated/prisma/client/index.d.ts,varies,prisma JSDoc example,NOT_APPLICABLE,generated-jsdoc,N/A,JSDoc comment in generated Prisma client .d.ts,NONE,2026-05-28T20:25:00Z,s5-cov11-17
994,./server/src/generated/prisma/client/index.d.ts,varies,prisma JSDoc example,NOT_APPLICABLE,generated-jsdoc,N/A,JSDoc comment in generated Prisma client .d.ts,NONE,2026-05-28T20:25:00Z,s5-cov11-17
995,./server/src/generated/prisma/client/index.d.ts,varies,prisma JSDoc example,NOT_APPLICABLE,generated-jsdoc,N/A,JSDoc comment in generated Prisma client .d.ts,NONE,2026-05-28T20:25:00Z,s5-cov11-17
996,./server/src/generated/prisma/client/index.d.ts,varies,prisma JSDoc example,NOT_APPLICABLE,generated-jsdoc,N/A,JSDoc comment in generated Prisma client .d.ts,NONE,2026-05-28T20:25:00Z,s5-cov11-17
997,./server/src/generated/prisma/client/index.d.ts,varies,prisma JSDoc example,NOT_APPLICABLE,generated-jsdoc,N/A,JSDoc comment in generated Prisma client .d.ts,NONE,2026-05-28T20:25:00Z,s5-cov11-17
998,./server/src/generated/prisma/client/index.d.ts,varies,prisma JSDoc example,NOT_APPLICABLE,generated-jsdoc,N/A,JSDoc comment in generated Prisma client .d.ts,NONE,2026-05-28T20:25:00Z,s5-cov11-17
999,./server/src/generated/prisma/client/index.d.ts,varies,prisma JSDoc example,NOT_APPLICABLE,generated-jsdoc,N/A,JSDoc comment in generated Prisma client .d.ts,NONE,2026-05-28T20:25:00Z,s5-cov11-17
1000,./server/src/generated/prisma/client/index.d.ts,varies,prisma JSDoc example,NOT_APPLICABLE,generated-jsdoc,N/A,JSDoc comment in generated Prisma client .d.ts,NONE,2026-05-28T20:25:00Z,s5-cov11-17
1001,./server/src/generated/prisma/client/index.d.ts,varies,prisma JSDoc example,NOT_APPLICABLE,generated-jsdoc,N/A,JSDoc comment in generated Prisma client .d.ts,NONE,2026-05-28T20:25:00Z,s5-cov11-18
1002,./server/src/generated/prisma/client/index.d.ts,varies,prisma JSDoc example,NOT_APPLICABLE,generated-jsdoc,N/A,JSDoc comment in generated Prisma client .d.ts,NONE,2026-05-28T20:25:00Z,s5-cov11-18
1003,./server/src/generated/prisma/client/index.d.ts,varies,prisma JSDoc example,NOT_APPLICABLE,generated-jsdoc,N/A,JSDoc comment in generated Prisma client .d.ts,NONE,2026-05-28T20:25:00Z,s5-cov11-18
1004,./server/src/generated/prisma/client/index.d.ts,varies,prisma JSDoc example,NOT_APPLICABLE,generated-jsdoc,N/A,JSDoc comment in generated Prisma client .d.ts,NONE,2026-05-28T20:25:00Z,s5-cov11-18
1005,./server/src/generated/prisma/client/index.d.ts,varies,prisma JSDoc example,NOT_APPLICABLE,generated-jsdoc,N/A,JSDoc comment in generated Prisma client .d.ts,NONE,2026-05-28T20:25:00Z,s5-cov11-18
1006,./server/src/generated/prisma/client/index.d.ts,varies,prisma JSDoc example,NOT_APPLICABLE,generated-jsdoc,N/A,JSDoc comment in generated Prisma client .d.ts,NONE,2026-05-28T20:25:00Z,s5-cov11-18
1007,./server/src/generated/prisma/client/index.d.ts,varies,prisma JSDoc example,NOT_APPLICABLE,generated-jsdoc,N/A,JSDoc comment in generated Prisma client .d.ts,NONE,2026-05-28T20:25:00Z,s5-cov11-18
1008,./server/src/generated/prisma/client/index.d.ts,varies,prisma JSDoc example,NOT_APPLICABLE,generated-jsdoc,N/A,JSDoc comment in generated Prisma client .d.ts,NONE,2026-05-28T20:25:00Z,s5-cov11-18
1009,./server/src/generated/prisma/client/index.d.ts,varies,prisma JSDoc example,NOT_APPLICABLE,generated-jsdoc,N/A,JSDoc comment in generated Prisma client .d.ts,NONE,2026-05-28T20:25:00Z,s5-cov11-18
1010,./server/src/generated/prisma/client/index.d.ts,varies,prisma JSDoc example,NOT_APPLICABLE,generated-jsdoc,N/A,JSDoc comment in generated Prisma client .d.ts,NONE,2026-05-28T20:25:00Z,s5-cov11-18
1011,./server/src/generated/prisma/client/index.d.ts,varies,prisma JSDoc example,NOT_APPLICABLE,generated-jsdoc,N/A,JSDoc comment in generated Prisma client .d.ts,NONE,2026-05-28T20:25:00Z,s5-cov11-18
1012,./server/src/generated/prisma/client/index.d.ts,varies,prisma JSDoc example,NOT_APPLICABLE,generated-jsdoc,N/A,JSDoc comment in generated Prisma client .d.ts,NONE,2026-05-28T20:25:00Z,s5-cov11-18
1013,./server/src/generated/prisma/client/index.d.ts,varies,prisma JSDoc example,NOT_APPLICABLE,generated-jsdoc,N/A,JSDoc comment in generated Prisma client .d.ts,NONE,2026-05-28T20:25:00Z,s5-cov11-18
1014,./server/src/generated/prisma/client/index.d.ts,varies,prisma JSDoc example,NOT_APPLICABLE,generated-jsdoc,N/A,JSDoc comment in generated Prisma client .d.ts,NONE,2026-05-28T20:25:00Z,s5-cov11-18
1015,./server/src/generated/prisma/client/index.d.ts,varies,prisma JSDoc example,NOT_APPLICABLE,generated-jsdoc,N/A,JSDoc comment in generated Prisma client .d.ts,NONE,2026-05-28T20:25:00Z,s5-cov11-18
1016,./server/src/generated/prisma/client/index.d.ts,varies,prisma JSDoc example,NOT_APPLICABLE,generated-jsdoc,N/A,JSDoc comment in generated Prisma client .d.ts,NONE,2026-05-28T20:25:00Z,s5-cov11-18
1017,./server/src/generated/prisma/client/index.d.ts,varies,prisma JSDoc example,NOT_APPLICABLE,generated-jsdoc,N/A,JSDoc comment in generated Prisma client .d.ts,NONE,2026-05-28T20:25:00Z,s5-cov11-18
1018,./server/src/generated/prisma/client/index.d.ts,varies,prisma JSDoc example,NOT_APPLICABLE,generated-jsdoc,N/A,JSDoc comment in generated Prisma client .d.ts,NONE,2026-05-28T20:25:00Z,s5-cov11-18
1019,./server/src/generated/prisma/client/index.d.ts,varies,prisma JSDoc example,NOT_APPLICABLE,generated-jsdoc,N/A,JSDoc comment in generated Prisma client .d.ts,NONE,2026-05-28T20:25:00Z,s5-cov11-18
1020,./server/src/generated/prisma/client/index.d.ts,varies,prisma JSDoc example,NOT_APPLICABLE,generated-jsdoc,N/A,JSDoc comment in generated Prisma client .d.ts,NONE,2026-05-28T20:25:00Z,s5-cov11-18
1021,./server/src/generated/prisma/client/index.d.ts,varies,prisma JSDoc example,NOT_APPLICABLE,generated-jsdoc,N/A,JSDoc comment in generated Prisma client .d.ts,NONE,2026-05-28T20:25:00Z,s5-cov11-18
1022,./server/src/generated/prisma/client/index.d.ts,varies,prisma JSDoc example,NOT_APPLICABLE,generated-jsdoc,N/A,JSDoc comment in generated Prisma client .d.ts,NONE,2026-05-28T20:25:00Z,s5-cov11-18
1023,./server/src/generated/prisma/client/index.d.ts,varies,prisma JSDoc example,NOT_APPLICABLE,generated-jsdoc,N/A,JSDoc comment in generated Prisma client .d.ts,NONE,2026-05-28T20:25:00Z,s5-cov11-18
1024,./server/src/generated/prisma/client/index.d.ts,varies,prisma JSDoc example,NOT_APPLICABLE,generated-jsdoc,N/A,JSDoc comment in generated Prisma client .d.ts,NONE,2026-05-28T20:25:00Z,s5-cov11-18
1025,./server/src/generated/prisma/client/index.d.ts,varies,prisma JSDoc example,NOT_APPLICABLE,generated-jsdoc,N/A,JSDoc comment in generated Prisma client .d.ts,NONE,2026-05-28T20:25:00Z,s5-cov11-18
1026,./server/src/generated/prisma/client/index.d.ts,varies,prisma JSDoc example,NOT_APPLICABLE,generated-jsdoc,N/A,JSDoc comment in generated Prisma client .d.ts,NONE,2026-05-28T20:25:00Z,s5-cov11-19
1027,./server/src/generated/prisma/client/index.d.ts,varies,prisma JSDoc example,NOT_APPLICABLE,generated-jsdoc,N/A,JSDoc comment in generated Prisma client .d.ts,NONE,2026-05-28T20:25:00Z,s5-cov11-19
1028,./server/src/generated/prisma/client/index.d.ts,varies,prisma JSDoc example,NOT_APPLICABLE,generated-jsdoc,N/A,JSDoc comment in generated Prisma client .d.ts,NONE,2026-05-28T20:25:00Z,s5-cov11-19
1029,./server/src/generated/prisma/client/index.d.ts,varies,prisma JSDoc example,NOT_APPLICABLE,generated-jsdoc,N/A,JSDoc comment in generated Prisma client .d.ts,NONE,2026-05-28T20:25:00Z,s5-cov11-19
1030,./server/src/generated/prisma/client/index.d.ts,varies,prisma JSDoc example,NOT_APPLICABLE,generated-jsdoc,N/A,JSDoc comment in generated Prisma client .d.ts,NONE,2026-05-28T20:25:00Z,s5-cov11-19
1031,./server/src/generated/prisma/client/index.d.ts,varies,prisma JSDoc example,NOT_APPLICABLE,generated-jsdoc,N/A,JSDoc comment in generated Prisma client .d.ts,NONE,2026-05-28T20:25:00Z,s5-cov11-19
1032,./server/src/generated/prisma/client/index.d.ts,varies,prisma JSDoc example,NOT_APPLICABLE,generated-jsdoc,N/A,JSDoc comment in generated Prisma client .d.ts,NONE,2026-05-28T20:25:00Z,s5-cov11-19
1033,./server/src/generated/prisma/client/index.d.ts,varies,prisma JSDoc example,NOT_APPLICABLE,generated-jsdoc,N/A,JSDoc comment in generated Prisma client .d.ts,NONE,2026-05-28T20:25:00Z,s5-cov11-19
1034,./server/src/generated/prisma/client/index.d.ts,varies,prisma JSDoc example,NOT_APPLICABLE,generated-jsdoc,N/A,JSDoc comment in generated Prisma client .d.ts,NONE,2026-05-28T20:25:00Z,s5-cov11-19
1035,./server/src/generated/prisma/client/index.d.ts,varies,prisma JSDoc example,NOT_APPLICABLE,generated-jsdoc,N/A,JSDoc comment in generated Prisma client .d.ts,NONE,2026-05-28T20:25:00Z,s5-cov11-19
1036,./server/src/generated/prisma/client/index.d.ts,varies,prisma JSDoc example,NOT_APPLICABLE,generated-jsdoc,N/A,JSDoc comment in generated Prisma client .d.ts,NONE,2026-05-28T20:25:00Z,s5-cov11-19
1037,./server/src/generated/prisma/client/index.d.ts,varies,prisma JSDoc example,NOT_APPLICABLE,generated-jsdoc,N/A,JSDoc comment in generated Prisma client .d.ts,NONE,2026-05-28T20:25:00Z,s5-cov11-19
1038,./server/src/generated/prisma/client/index.d.ts,varies,prisma JSDoc example,NOT_APPLICABLE,generated-jsdoc,N/A,JSDoc comment in generated Prisma client .d.ts,NONE,2026-05-28T20:25:00Z,s5-cov11-19
1039,./server/src/generated/prisma/client/index.d.ts,varies,prisma JSDoc example,NOT_APPLICABLE,generated-jsdoc,N/A,JSDoc comment in generated Prisma client .d.ts,NONE,2026-05-28T20:25:00Z,s5-cov11-19
1040,./server/src/generated/prisma/client/index.d.ts,varies,prisma JSDoc example,NOT_APPLICABLE,generated-jsdoc,N/A,JSDoc comment in generated Prisma client .d.ts,NONE,2026-05-28T20:25:00Z,s5-cov11-19
1041,./server/src/generated/prisma/client/index.d.ts,varies,prisma JSDoc example,NOT_APPLICABLE,generated-jsdoc,N/A,JSDoc comment in generated Prisma client .d.ts,NONE,2026-05-28T20:25:00Z,s5-cov11-19
1042,./server/src/generated/prisma/client/index.d.ts,varies,prisma JSDoc example,NOT_APPLICABLE,generated-jsdoc,N/A,JSDoc comment in generated Prisma client .d.ts,NONE,2026-05-28T20:25:00Z,s5-cov11-19
1043,./server/src/generated/prisma/client/index.d.ts,varies,prisma JSDoc example,NOT_APPLICABLE,generated-jsdoc,N/A,JSDoc comment in generated Prisma client .d.ts,NONE,2026-05-28T20:25:00Z,s5-cov11-19
1044,./server/src/generated/prisma/client/index.d.ts,varies,prisma JSDoc example,NOT_APPLICABLE,generated-jsdoc,N/A,JSDoc comment in generated Prisma client .d.ts,NONE,2026-05-28T20:25:00Z,s5-cov11-19
1045,./server/src/generated/prisma/client/index.d.ts,varies,prisma JSDoc example,NOT_APPLICABLE,generated-jsdoc,N/A,JSDoc comment in generated Prisma client .d.ts,NONE,2026-05-28T20:25:00Z,s5-cov11-19
1046,./server/src/generated/prisma/client/index.d.ts,varies,prisma JSDoc example,NOT_APPLICABLE,generated-jsdoc,N/A,JSDoc comment in generated Prisma client .d.ts,NONE,2026-05-28T20:25:00Z,s5-cov11-19
1047,./server/src/generated/prisma/client/index.d.ts,varies,prisma JSDoc example,NOT_APPLICABLE,generated-jsdoc,N/A,JSDoc comment in generated Prisma client .d.ts,NONE,2026-05-28T20:25:00Z,s5-cov11-19
1048,./server/src/generated/prisma/client/index.d.ts,varies,prisma JSDoc example,NOT_APPLICABLE,generated-jsdoc,N/A,JSDoc comment in generated Prisma client .d.ts,NONE,2026-05-28T20:25:00Z,s5-cov11-19
1049,./server/src/generated/prisma/client/index.d.ts,varies,prisma JSDoc example,NOT_APPLICABLE,generated-jsdoc,N/A,JSDoc comment in generated Prisma client .d.ts,NONE,2026-05-28T20:25:00Z,s5-cov11-19
1050,./server/src/generated/prisma/client/index.d.ts,varies,prisma JSDoc example,NOT_APPLICABLE,generated-jsdoc,N/A,JSDoc comment in generated Prisma client .d.ts,NONE,2026-05-28T20:25:00Z,s5-cov11-19
1051,./server/src/generated/prisma/client/index.d.ts,varies,prisma JSDoc example,NOT_APPLICABLE,generated-jsdoc,N/A,JSDoc comment in generated Prisma client .d.ts,NONE,2026-05-28T20:25:00Z,s5-cov11-20
1052,./server/src/generated/prisma/client/index.d.ts,varies,prisma JSDoc example,NOT_APPLICABLE,generated-jsdoc,N/A,JSDoc comment in generated Prisma client .d.ts,NONE,2026-05-28T20:25:00Z,s5-cov11-20
1053,./server/src/generated/prisma/client/index.d.ts,varies,prisma JSDoc example,NOT_APPLICABLE,generated-jsdoc,N/A,JSDoc comment in generated Prisma client .d.ts,NONE,2026-05-28T20:25:00Z,s5-cov11-20
1054,./server/src/generated/prisma/client/index.d.ts,varies,prisma JSDoc example,NOT_APPLICABLE,generated-jsdoc,N/A,JSDoc comment in generated Prisma client .d.ts,NONE,2026-05-28T20:25:00Z,s5-cov11-20
1055,./server/src/generated/prisma/client/index.d.ts,varies,prisma JSDoc example,NOT_APPLICABLE,generated-jsdoc,N/A,JSDoc comment in generated Prisma client .d.ts,NONE,2026-05-28T20:25:00Z,s5-cov11-20
1056,./server/src/generated/prisma/client/index.d.ts,varies,prisma JSDoc example,NOT_APPLICABLE,generated-jsdoc,N/A,JSDoc comment in generated Prisma client .d.ts,NONE,2026-05-28T20:25:00Z,s5-cov11-20
1057,./server/src/generated/prisma/client/index.d.ts,varies,prisma JSDoc example,NOT_APPLICABLE,generated-jsdoc,N/A,JSDoc comment in generated Prisma client .d.ts,NONE,2026-05-28T20:25:00Z,s5-cov11-20
1058,./server/src/generated/prisma/client/index.d.ts,varies,prisma JSDoc example,NOT_APPLICABLE,generated-jsdoc,N/A,JSDoc comment in generated Prisma client .d.ts,NONE,2026-05-28T20:25:00Z,s5-cov11-20
1059,./server/src/generated/prisma/client/index.d.ts,varies,prisma JSDoc example,NOT_APPLICABLE,generated-jsdoc,N/A,JSDoc comment in generated Prisma client .d.ts,NONE,2026-05-28T20:25:00Z,s5-cov11-20
1060,./server/src/generated/prisma/client/index.d.ts,varies,prisma JSDoc example,NOT_APPLICABLE,generated-jsdoc,N/A,JSDoc comment in generated Prisma client .d.ts,NONE,2026-05-28T20:25:00Z,s5-cov11-20
1061,./server/src/generated/prisma/client/index.d.ts,varies,prisma JSDoc example,NOT_APPLICABLE,generated-jsdoc,N/A,JSDoc comment in generated Prisma client .d.ts,NONE,2026-05-28T20:25:00Z,s5-cov11-20
1062,./server/src/generated/prisma/client/index.d.ts,varies,prisma JSDoc example,NOT_APPLICABLE,generated-jsdoc,N/A,JSDoc comment in generated Prisma client .d.ts,NONE,2026-05-28T20:25:00Z,s5-cov11-20
1063,./server/src/generated/prisma/client/index.d.ts,varies,prisma JSDoc example,NOT_APPLICABLE,generated-jsdoc,N/A,JSDoc comment in generated Prisma client .d.ts,NONE,2026-05-28T20:25:00Z,s5-cov11-20
1064,./server/src/generated/prisma/client/index.d.ts,varies,prisma JSDoc example,NOT_APPLICABLE,generated-jsdoc,N/A,JSDoc comment in generated Prisma client .d.ts,NONE,2026-05-28T20:25:00Z,s5-cov11-20
1065,./server/src/generated/prisma/client/index.d.ts,varies,prisma JSDoc example,NOT_APPLICABLE,generated-jsdoc,N/A,JSDoc comment in generated Prisma client .d.ts,NONE,2026-05-28T20:25:00Z,s5-cov11-20
1066,./server/src/generated/prisma/client/index.d.ts,varies,prisma JSDoc example,NOT_APPLICABLE,generated-jsdoc,N/A,JSDoc comment in generated Prisma client .d.ts,NONE,2026-05-28T20:25:00Z,s5-cov11-20
1067,./server/src/generated/prisma/client/index.d.ts,varies,prisma JSDoc example,NOT_APPLICABLE,generated-jsdoc,N/A,JSDoc comment in generated Prisma client .d.ts,NONE,2026-05-28T20:25:00Z,s5-cov11-20
1068,./server/src/generated/prisma/client/index.d.ts,varies,prisma JSDoc example,NOT_APPLICABLE,generated-jsdoc,N/A,JSDoc comment in generated Prisma client .d.ts,NONE,2026-05-28T20:25:00Z,s5-cov11-20
1069,./server/src/generated/prisma/client/index.d.ts,varies,prisma JSDoc example,NOT_APPLICABLE,generated-jsdoc,N/A,JSDoc comment in generated Prisma client .d.ts,NONE,2026-05-28T20:25:00Z,s5-cov11-20
1070,./server/src/generated/prisma/client/index.d.ts,varies,prisma JSDoc example,NOT_APPLICABLE,generated-jsdoc,N/A,JSDoc comment in generated Prisma client .d.ts,NONE,2026-05-28T20:25:00Z,s5-cov11-20
1071,./server/src/generated/prisma/client/index.d.ts,varies,prisma JSDoc example,NOT_APPLICABLE,generated-jsdoc,N/A,JSDoc comment in generated Prisma client .d.ts,NONE,2026-05-28T20:25:00Z,s5-cov11-20
1072,./server/src/generated/prisma/client/index.d.ts,varies,prisma JSDoc example,NOT_APPLICABLE,generated-jsdoc,N/A,JSDoc comment in generated Prisma client .d.ts,NONE,2026-05-28T20:25:00Z,s5-cov11-20
1073,./server/src/generated/prisma/client/index.d.ts,varies,prisma JSDoc example,NOT_APPLICABLE,generated-jsdoc,N/A,JSDoc comment in generated Prisma client .d.ts,NONE,2026-05-28T20:25:00Z,s5-cov11-20
1074,./server/src/generated/prisma/client/index.d.ts,varies,prisma JSDoc example,NOT_APPLICABLE,generated-jsdoc,N/A,JSDoc comment in generated Prisma client .d.ts,NONE,2026-05-28T20:25:00Z,s5-cov11-20
1075,./server/src/generated/prisma/client/index.d.ts,varies,prisma JSDoc example,NOT_APPLICABLE,generated-jsdoc,N/A,JSDoc comment in generated Prisma client .d.ts,NONE,2026-05-28T20:25:00Z,s5-cov11-20
