site_number,file,line,call_signature,verdict,severity,evidence_quote,verified_at,verified_by,session
1,server/src/routes/privacy.ts,61,router.get(,AUTH_MOUNT_VERIFIED,N/A,router.get(,2026-05-28T22:30:00Z,session7_subagents_1-20,session7
2,server/src/routes/privacy.ts,174,router.get(,AUTH_MOUNT_VERIFIED,N/A,router.get(,2026-05-28T22:30:00Z,session7_subagents_1-20,session7
3,server/src/routes/privacy.ts,211,router.post(,AUTH_MOUNT_VERIFIED,N/A,router.post(,2026-05-28T22:30:00Z,session7_subagents_1-20,session7
4,server/src/routes/privacy.ts,261,router.get(,AUTH_MOUNT_VERIFIED,N/A,router.get(,2026-05-28T22:30:00Z,session7_subagents_1-20,session7
5,server/src/routes/privacy.ts,285,router.patch(,AUTH_MOUNT_VERIFIED,N/A,router.patch(,2026-05-28T22:30:00Z,session7_subagents_1-20,session7
6,server/src/routes/privacy.ts,338,router.post(,AUTH_MOUNT_VERIFIED,N/A,router.post(,2026-05-28T22:30:00Z,session7_subagents_1-20,session7
7,server/src/routes/privacy.ts,383,router.post(,AUTH_MOUNT_VERIFIED,N/A,router.post(,2026-05-28T22:30:00Z,session7_subagents_1-20,session7
8,server/src/routes/privacy.ts,432,router.get(,AUTH_MOUNT_VERIFIED,N/A,router.get(,2026-05-28T22:30:00Z,session7_subagents_1-20,session7
9,server/src/routes/privacy.ts,469,router.post(,AUTH_MOUNT_VERIFIED,N/A,router.post(,2026-05-28T22:30:00Z,session7_subagents_1-20,session7
10,server/src/routes/privacy.ts,508,router.patch(,AUTH_MOUNT_VERIFIED,N/A,router.patch(,2026-05-28T22:30:00Z,session7_subagents_1-20,session7
11,server/src/routes/privacy.ts,553,router.get(,AUTH_MOUNT_VERIFIED,N/A,router.get(,2026-05-28T22:30:00Z,session7_subagents_1-20,session7
12,server/src/routes/privacy.ts,599,router.get(,AUTH_MOUNT_VERIFIED,N/A,router.get(,2026-05-28T22:30:00Z,session7_subagents_1-20,session7
13,server/src/routes/privacy.ts,664,router.get(,AUTH_MOUNT_VERIFIED,N/A,router.get(,2026-05-28T22:30:00Z,session7_subagents_1-20,session7
14,server/src/routes/privacy.ts,701,router.put(,AUTH_MOUNT_VERIFIED,N/A,router.put(,2026-05-28T22:30:00Z,session7_subagents_1-20,session7
15,server/src/routes/privacy.ts,756,router.get(,AUTH_MOUNT_VERIFIED,N/A,router.get(,2026-05-28T22:30:00Z,session7_subagents_1-20,session7
16,server/src/routes/privacy.ts,791,router.post(,AUTH_MOUNT_VERIFIED,N/A,router.post(,2026-05-28T22:30:00Z,session7_subagents_1-20,session7
17,server/src/routes/privacy.ts,827,router.patch(,AUTH_MOUNT_VERIFIED,N/A,router.patch(,2026-05-28T22:30:00Z,session7_subagents_1-20,session7
18,server/src/routes/privacy.ts,867,router.delete(,AUTH_MOUNT_VERIFIED,N/A,router.delete(,2026-05-28T22:30:00Z,session7_subagents_1-20,session7
19,server/src/routes/privacy.ts,891,router.get(,AUTH_MOUNT_VERIFIED,N/A,router.get(,2026-05-28T22:30:00Z,session7_subagents_1-20,session7
20,server/src/routes/privacy.ts,925,router.post(,AUTH_MOUNT_VERIFIED,N/A,router.post(,2026-05-28T22:30:00Z,session7_subagents_1-20,session7
21,server/src/routes/privacy.ts,981,router.get(,AUTH_MOUNT_VERIFIED,N/A,router.get(,2026-05-28T22:30:00Z,session7_subagents_1-20,session7
22,server/src/routes/privacy.ts,1016,router.post(,AUTH_MOUNT_VERIFIED,N/A,router.post(,2026-05-28T22:30:00Z,session7_subagents_1-20,session7
23,server/src/routes/privacy.ts,1054,router.patch(,AUTH_MOUNT_VERIFIED,N/A,router.patch(,2026-05-28T22:30:00Z,session7_subagents_1-20,session7
24,server/src/routes/privacy.ts,1092,router.get(,AUTH_MOUNT_VERIFIED,N/A,router.get(,2026-05-28T22:30:00Z,session7_subagents_1-20,session7
25,server/src/routes/privacy.ts,1123,router.post(,AUTH_MOUNT_VERIFIED,N/A,router.post(,2026-05-28T22:30:00Z,session7_subagents_1-20,session7
26,server/src/routes/privacy.ts,1192,router.get(,AUTH_MOUNT_VERIFIED,N/A,router.get(,2026-05-28T22:30:00Z,session7_subagents_1-20,session7
27,server/src/routes/privacy.ts,1222,router.post(,AUTH_MOUNT_VERIFIED,N/A,router.post(,2026-05-28T22:30:00Z,session7_subagents_1-20,session7
28,server/src/routes/privacy.ts,1262,router.patch(,AUTH_MOUNT_VERIFIED,N/A,router.patch(,2026-05-28T22:30:00Z,session7_subagents_1-20,session7
29,server/src/routes/privacy.ts,1307,router.get(,AUTH_MOUNT_VERIFIED,N/A,router.get(,2026-05-28T22:30:00Z,session7_subagents_1-20,session7
30,server/src/routes/privacy.ts,1337,router.post(,AUTH_MOUNT_VERIFIED,N/A,router.post(,2026-05-28T22:30:00Z,session7_subagents_1-20,session7
31,server/src/routes/privacy.ts,1376,router.get(,AUTH_MOUNT_VERIFIED,N/A,router.get(,2026-05-28T22:30:00Z,session7_subagents_1-20,session7
32,server/src/routes/privacy.ts,1417,router.post(,AUTH_MOUNT_VERIFIED,N/A,router.post(,2026-05-28T22:30:00Z,session7_subagents_1-20,session7
33,server/src/routes/privacy.ts,1466,router.get(,AUTH_MOUNT_VERIFIED,N/A,router.get(,2026-05-28T22:30:00Z,session7_subagents_1-20,session7
34,server/src/routes/privacy.ts,1526,router.get(,AUTH_MOUNT_VERIFIED,N/A,router.get(,2026-05-28T22:30:00Z,session7_subagents_1-20,session7
35,server/src/routes/privacy.ts,1556,router.post(,AUTH_MOUNT_VERIFIED,N/A,router.post(,2026-05-28T22:30:00Z,session7_subagents_1-20,session7
36,server/src/routes/privacy.ts,1596,router.get(,AUTH_MOUNT_VERIFIED,N/A,router.get(,2026-05-28T22:30:00Z,session7_subagents_1-20,session7
37,server/src/routes/privacy.ts,1618,router.patch(,AUTH_MOUNT_VERIFIED,N/A,router.patch(,2026-05-28T22:30:00Z,session7_subagents_1-20,session7
38,server/src/routes/privacy.ts,1669,router.post(,AUTH_MOUNT_VERIFIED,N/A,router.post(,2026-05-28T22:30:00Z,session7_subagents_1-20,session7
39,server/src/routes/privacy.ts,1712,router.post(,AUTH_MOUNT_VERIFIED,N/A,router.post(,2026-05-28T22:30:00Z,session7_subagents_1-20,session7
40,server/src/routes/privacy.ts,1756,router.get(,AUTH_MOUNT_VERIFIED,N/A,router.get(,2026-05-28T22:30:00Z,session7_subagents_1-20,session7
41,server/src/routes/privacy.ts,1786,router.post(,AUTH_MOUNT_VERIFIED,N/A,router.post(,2026-05-28T22:30:00Z,session7_subagents_1-20,session7
42,server/src/routes/privacy.ts,1817,router.patch(,AUTH_MOUNT_VERIFIED,N/A,router.patch(,2026-05-28T22:30:00Z,session7_subagents_1-20,session7
43,server/src/routes/privacy.ts,1854,router.post(,AUTH_MOUNT_VERIFIED,N/A,router.post(,2026-05-28T22:30:00Z,session7_subagents_1-20,session7
44,server/src/routes/privacy.ts,1893,router.get(,AUTH_MOUNT_VERIFIED,N/A,router.get(,2026-05-28T22:30:00Z,session7_subagents_1-20,session7
45,server/src/routes/privacy.ts,1922,router.post(,AUTH_MOUNT_VERIFIED,N/A,router.post(,2026-05-28T22:30:00Z,session7_subagents_1-20,session7
46,server/src/routes/privacy.ts,1960,router.patch(,AUTH_MOUNT_VERIFIED,N/A,router.patch(,2026-05-28T22:30:00Z,session7_subagents_1-20,session7
47,server/src/routes/privacy.ts,1999,router.post(,AUTH_MOUNT_VERIFIED,N/A,router.post(,2026-05-28T22:30:00Z,session7_subagents_1-20,session7
48,server/src/routes/privacy.ts,2035,router.get(,AUTH_MOUNT_VERIFIED,N/A,router.get(,2026-05-28T22:30:00Z,session7_subagents_1-20,session7
49,server/src/routes/privacy.ts,2065,router.post(,AUTH_MOUNT_VERIFIED,N/A,router.post(,2026-05-28T22:30:00Z,session7_subagents_1-20,session7
50,server/src/routes/privacy.ts,2107,router.patch(,AUTH_MOUNT_VERIFIED,N/A,router.patch(,2026-05-28T22:30:00Z,session7_subagents_1-20,session7
51,server/src/routes/privacy.ts,2143,router.post(,AUTH_MOUNT_VERIFIED,N/A,router.post(,2026-05-28T22:30:00Z,session7_subagents_1-20,session7
52,server/src/routes/privacy.ts,2170,router.post(,AUTH_MOUNT_VERIFIED,N/A,router.post(,2026-05-28T22:30:00Z,session7_subagents_1-20,session7
53,server/src/routes/privacy.ts,2197,router.post(,AUTH_MOUNT_VERIFIED,N/A,router.post(,2026-05-28T22:30:00Z,session7_subagents_1-20,session7
54,server/src/routes/privacy.ts,2229,router.get('/notices'; asyncHandler(async (req: Request; res: Response) => {,AUTH_MOUNT_VERIFIED,N/A,router.get('/notices'; asyncHandler(async (req: Request; res: Response) => {,2026-05-28T22:30:00Z,session7_subagents_1-20,session7
55,server/src/routes/privacy.ts,2248,router.post('/notices'; asyncHandler(async (req: Request; res: Response) => {,AUTH_MOUNT_VERIFIED,N/A,router.post('/notices'; asyncHandler(async (req: Request; res: Response) => {,2026-05-28T22:30:00Z,session7_subagents_1-20,session7
56,server/src/routes/privacy.ts,2258,router.get('/notices/:id'; asyncHandler(async (req: Request; res: Response) => {,AUTH_MOUNT_VERIFIED,N/A,router.get('/notices/:id'; asyncHandler(async (req: Request; res: Response) => {,2026-05-28T22:30:00Z,session7_subagents_1-20,session7
57,server/src/routes/privacy.ts,2268,router.patch('/notices/:id'; asyncHandler(async (req: Request; res: Response) => {,AUTH_MOUNT_VERIFIED,N/A,router.patch('/notices/:id'; asyncHandler(async (req: Request; res: Response) => {,2026-05-28T22:30:00Z,session7_subagents_1-20,session7
58,server/src/routes/privacy.ts,2282,router.delete('/notices/:id'; asyncHandler(async (req: Request; res: Response) => {,AUTH_MOUNT_VERIFIED,N/A,router.delete('/notices/:id'; asyncHandler(async (req: Request; res: Response) => {,2026-05-28T22:30:00Z,session7_subagents_1-20,session7
59,server/src/routes/privacy.ts,2293,router.post('/notices/:id/impression'; asyncHandler(async (req: Request; res: Response) => {,AUTH_MOUNT_VERIFIED,N/A,router.post('/notices/:id/impression'; asyncHandler(async (req: Request; res: Response) => {,2026-05-28T22:30:00Z,session7_subagents_1-20,session7
60,server/src/routes/privacy.ts,2307,router.post('/notices/:id/accept'; asyncHandler(async (req: Request; res: Response) => {,AUTH_MOUNT_VERIFIED,N/A,router.post('/notices/:id/accept'; asyncHandler(async (req: Request; res: Response) => {,2026-05-28T22:30:00Z,session7_subagents_1-20,session7
61,server/src/routes/privacy.ts,2321,router.post('/notices/:id/dismiss'; asyncHandler(async (req: Request; res: Response) => {,AUTH_MOUNT_VERIFIED,N/A,router.post('/notices/:id/dismiss'; asyncHandler(async (req: Request; res: Response) => {,2026-05-28T22:30:00Z,session7_subagents_1-20,session7
62,server/src/routes/privacy.ts,2335,router.get('/notices/by-context/:context'; asyncHandler(async (req: Request; res: Response) => {,AUTH_MOUNT_VERIFIED,N/A,router.get('/notices/by-context/:context'; asyncHandler(async (req: Request; res: Response) => {,2026-05-28T22:30:00Z,session7_subagents_1-20,session7
63,server/src/routes/privacy.ts,2353,router.get('/child-consent/config'; asyncHandler(async (req: Request; res: Response) => {,AUTH_MOUNT_VERIFIED,N/A,router.get('/child-consent/config'; asyncHandler(async (req: Request; res: Response) => {,2026-05-28T22:30:00Z,session7_subagents_1-20,session7
64,server/src/routes/privacy.ts,2380,router.post('/child-consent/verify-age'; asyncHandler(async (req: Request; res: Response) => {,AUTH_MOUNT_VERIFIED,N/A,router.post('/child-consent/verify-age'; asyncHandler(async (req: Request; res: Response) => {,2026-05-28T22:30:00Z,session7_subagents_1-20,session7
65,server/src/routes/privacy.ts,2434,router.post('/child-consent/parental-consent'; asyncHandler(async (req: Request; res: Response) => {,AUTH_MOUNT_VERIFIED,N/A,router.post('/child-consent/parental-consent'; asyncHandler(async (req: Request; res: Response) => {,2026-05-28T22:30:00Z,session7_subagents_1-20,session7
66,server/src/routes/privacy.ts,2463,router.get('/child-consent/pending'; asyncHandler(async (req: Request; res: Response) => {,AUTH_MOUNT_VERIFIED,N/A,router.get('/child-consent/pending'; asyncHandler(async (req: Request; res: Response) => {,2026-05-28T22:30:00Z,session7_subagents_1-20,session7
67,server/src/routes/status.ts,20,router.get(,PUBLIC_INTENTIONAL,N/A,router.get(,2026-05-28T22:30:00Z,session7_subagents_1-20,session7
68,server/src/routes/status.ts,62,router.get(,PUBLIC_INTENTIONAL,N/A,router.get(,2026-05-28T22:30:00Z,session7_subagents_1-20,session7
69,server/src/routes/acos.ts,65,router.post('/goals'; ...requireAcosFeature('acosGoals'); authorize('admin'; 'editor'); validateBody(createGoalSchema); asyncHandler(acosController.createGoal));,AUTH_MOUNT_VERIFIED,N/A,router.post('/goals'; ...requireAcosFeature('acosGoals'); authorize('admin'; 'editor'); validateBody(createGoalSchema); asyncHandler(acosController.createGoal));,2026-05-28T22:30:00Z,session7_subagents_1-20,session7
70,server/src/routes/acos.ts,66,router.get('/goals'; ...requireAcosFeature('acosGoals'); asyncHandler(acosController.getGoals));,AUTH_MOUNT_VERIFIED,N/A,router.get('/goals'; ...requireAcosFeature('acosGoals'); asyncHandler(acosController.getGoals));,2026-05-28T22:30:00Z,session7_subagents_1-20,session7
71,server/src/routes/acos.ts,67,router.get('/goals/:goalId'; ...requireAcosFeature('acosGoals'); asyncHandler(acosController.getGoal));,AUTH_MOUNT_VERIFIED,N/A,router.get('/goals/:goalId'; ...requireAcosFeature('acosGoals'); asyncHandler(acosController.getGoal));,2026-05-28T22:30:00Z,session7_subagents_1-20,session7
72,server/src/routes/acos.ts,68,router.patch('/goals/:goalId'; ...requireAcosFeature('acosGoals'); authorize('admin'; 'editor'); validateBody(updateGoalSchema); asyncHandler(acosController.updateGoal));,AUTH_MOUNT_VERIFIED,N/A,router.patch('/goals/:goalId'; ...requireAcosFeature('acosGoals'); authorize('admin'; 'editor'); validateBody(updateGoalSchema); asyncHandler(acosController.updateGoal));,2026-05-28T22:30:00Z,session7_subagents_1-20,session7
73,server/src/routes/acos.ts,69,router.delete('/goals/:goalId'; ...requireAcosFeature('acosGoals'); authorize('admin'; 'editor'); asyncHandler(acosController.deleteGoal));,AUTH_MOUNT_VERIFIED,N/A,router.delete('/goals/:goalId'; ...requireAcosFeature('acosGoals'); authorize('admin'; 'editor'); asyncHandler(acosController.deleteGoal));,2026-05-28T22:30:00Z,session7_subagents_1-20,session7
74,server/src/routes/acos.ts,70,router.post('/goals/:goalId/restore'; ...requireAcosFeature('acosGoals'); authorize('admin'; 'editor'); asyncHandler(acosController.restoreGoal));,AUTH_MOUNT_VERIFIED,N/A,router.post('/goals/:goalId/restore'; ...requireAcosFeature('acosGoals'); authorize('admin'; 'editor'); asyncHandler(acosController.restoreGoal));,2026-05-28T22:30:00Z,session7_subagents_1-20,session7
75,server/src/routes/acos.ts,73,router.post('/control-loops'; ...requireAcosFeature('acosControlLoops'); authorize('admin'; 'editor'); validateBody(createControlLoopSchema); asyncHandler(acosController.createControlLoop));,AUTH_MOUNT_VERIFIED,N/A,router.post('/control-loops'; ...requireAcosFeature('acosControlLoops'); authorize('admin'; 'editor'); validateBody(createControlLoopSchema); asyncHandler(acosController.createControlLoop));,2026-05-28T22:30:00Z,session7_subagents_1-20,session7
76,server/src/routes/acos.ts,74,router.get('/control-loops/:loopId'; ...requireAcosFeature('acosControlLoops'); asyncHandler(acosController.getControlLoop));,AUTH_MOUNT_VERIFIED,N/A,router.get('/control-loops/:loopId'; ...requireAcosFeature('acosControlLoops'); asyncHandler(acosController.getControlLoop));,2026-05-28T22:30:00Z,session7_subagents_1-20,session7
77,server/src/routes/acos.ts,75,router.get('/control-loops/:loopId/history'; ...requireAcosFeature('acosControlLoops'); asyncHandler(acosController.getControlLoopHistory));,AUTH_MOUNT_VERIFIED,N/A,router.get('/control-loops/:loopId/history'; ...requireAcosFeature('acosControlLoops'); asyncHandler(acosController.getControlLoopHistory));,2026-05-28T22:30:00Z,session7_subagents_1-20,session7
78,server/src/routes/acos.ts,76,router.post('/control-loops/:loopId/execute'; ...requireAcosFeature('acosControlLoops'); authorize('admin'; 'editor'); asyncHandler(acosController.executeControlLoop));,AUTH_MOUNT_VERIFIED,N/A,router.post('/control-loops/:loopId/execute'; ...requireAcosFeature('acosControlLoops'); authorize('admin'; 'editor'); asyncHandler(acosController.executeControlLoop));,2026-05-28T22:30:00Z,session7_subagents_1-20,session7
79,server/src/routes/acos.ts,77,router.post('/control-loops/:loopId/pause'; ...requireAcosFeature('acosControlLoops'); authorize('admin'; 'editor'); asyncHandler(acosController.pauseControlLoop));,AUTH_MOUNT_VERIFIED,N/A,router.post('/control-loops/:loopId/pause'; ...requireAcosFeature('acosControlLoops'); authorize('admin'; 'editor'); asyncHandler(acosController.pauseControlLoop));,2026-05-28T22:30:00Z,session7_subagents_1-20,session7
80,server/src/routes/acos.ts,78,router.post('/control-loops/:loopId/resume'; ...requireAcosFeature('acosControlLoops'); authorize('admin'; 'editor'); asyncHandler(acosController.resumeControlLoop));,AUTH_MOUNT_VERIFIED,N/A,router.post('/control-loops/:loopId/resume'; ...requireAcosFeature('acosControlLoops'); authorize('admin'; 'editor'); asyncHandler(acosController.resumeControlLoop));,2026-05-28T22:30:00Z,session7_subagents_1-20,session7
81,server/src/routes/acos.ts,79,router.patch('/control-loops/:loopId'; ...requireAcosFeature('acosControlLoops'); authorize('admin'; 'editor'); validateBody(updateControlLoopSchema); asyncHandler(acosController.updateControlLoop));,AUTH_MOUNT_VERIFIED,N/A,router.patch('/control-loops/:loopId'; ...requireAcosFeature('acosControlLoops'); authorize('admin'; 'editor'); validateBody(updateControlLoopSchema); asyncHandler(acosController.updateControlLoop));,2026-05-28T22:30:00Z,session7_subagents_1-20,session7
82,server/src/routes/acos.ts,80,router.delete('/control-loops/:loopId'; ...requireAcosFeature('acosControlLoops'); authorize('admin'; 'editor'); asyncHandler(acosController.deleteControlLoop));,AUTH_MOUNT_VERIFIED,N/A,router.delete('/control-loops/:loopId'; ...requireAcosFeature('acosControlLoops'); authorize('admin'; 'editor'); asyncHandler(acosController.deleteControlLoop));,2026-05-28T22:30:00Z,session7_subagents_1-20,session7
83,server/src/routes/acos.ts,83,router.post('/agentic/estimate-blast-radius'; ...requireAcosFeature('acosAgenticActions'); authorize('admin'; 'editor'); validateBody(estimateBlastRadiusSchema); asyncHandler(acosController.estimateBlastRadius));,AUTH_MOUNT_VERIFIED,N/A,router.post('/agentic/estimate-blast-radius'; ...requireAcosFeature('acosAgenticActions'); authorize('admin'; 'editor'); validateBody(estimateBlastRadiusSchema); asyncHandler(acosController.estimateBlastRadius));,2026-05-28T22:30:00Z,session7_subagents_1-20,session7
84,server/src/routes/acos.ts,84,router.post('/agentic/execute-action'; ...requireAcosFeature('acosAgenticActions'); authorize('admin'; 'editor'); validateBody(executeActionSchema); asyncHandler(acosController.executeAction));,AUTH_MOUNT_VERIFIED,N/A,router.post('/agentic/execute-action'; ...requireAcosFeature('acosAgenticActions'); authorize('admin'; 'editor'); validateBody(executeActionSchema); asyncHandler(acosController.executeAction));,2026-05-28T22:30:00Z,session7_subagents_1-20,session7
85,server/src/routes/acos.ts,85,router.post('/agentic/rollback/:actionId'; ...requireAcosFeature('acosAgenticActions'); authorize('admin'); asyncHandler(acosController.rollbackAction));,AUTH_MOUNT_VERIFIED,N/A,router.post('/agentic/rollback/:actionId'; ...requireAcosFeature('acosAgenticActions'); authorize('admin'); asyncHandler(acosController.rollbackAction));,2026-05-28T22:30:00Z,session7_subagents_1-20,session7
86,server/src/routes/acos.ts,86,router.post('/agentic/rollback-multiple'; ...requireAcosFeature('acosAgenticActions'); authorize('admin'); validateBody(rollbackMultipleSchema); asyncHandler(acosController.rollbackMultipleActions));,AUTH_MOUNT_VERIFIED,N/A,router.post('/agentic/rollback-multiple'; ...requireAcosFeature('acosAgenticActions'); authorize('admin'); validateBody(rollbackMultipleSchema); asyncHandler(acosController.rollbackMultipleActions));,2026-05-28T22:30:00Z,session7_subagents_1-20,session7
87,server/src/routes/acos.ts,90,router.get('/evidence/anchor-sla'; ...requireAcosFeature('acosEvidenceTruth'); authorize('admin'); asyncHandler(acosController.getAnchorSLA));,AUTH_MOUNT_VERIFIED,N/A,router.get('/evidence/anchor-sla'; ...requireAcosFeature('acosEvidenceTruth'); authorize('admin'); asyncHandler(acosController.getAnchorSLA));,2026-05-28T22:30:00Z,session7_subagents_1-20,session7
88,server/src/routes/acos.ts,92,router.post('/evidence/bulk-analyze'; ...requireAcosFeature('acosEvidenceTruth'); authorize('admin'; 'editor'); validateBody(bulkAnalyzeEvidenceSchema); asyncHandler(acosController.bulkAnalyzeEvidence));,AUTH_MOUNT_VERIFIED,N/A,router.post('/evidence/bulk-analyze'; ...requireAcosFeature('acosEvidenceTruth'); authorize('admin'; 'editor'); validateBody(bulkAnalyzeEvidenceSchema); asyncHandler(acosController.bulkAnalyzeEvidence));,2026-05-28T22:30:00Z,session7_subagents_1-20,session7
89,server/src/routes/acos.ts,93,router.post('/evidence/verify-hash'; ...requireAcosFeature('acosEvidenceTruth'); upload.single('file'); validateMultipartBody(verifyFileHashSchema); asyncHandler(acosController.verifyFileHash));,AUTH_MOUNT_VERIFIED,N/A,router.post('/evidence/verify-hash'; ...requireAcosFeature('acosEvidenceTruth'); upload.single('file'); validateMultipartBody(verifyFileHashSchema); asyncHandler(acosController.verifyFileHash));,2026-05-28T22:30:00Z,session7_subagents_1-20,session7
90,server/src/routes/acos.ts,94,router.post('/evidence/sign'; ...requireAcosFeature('acosEvidenceTruth'); upload.single('file'); authorize('admin'; 'editor'); asyncHandler(acosController.signEvidence));,AUTH_MOUNT_VERIFIED,N/A,router.post('/evidence/sign'; ...requireAcosFeature('acosEvidenceTruth'); upload.single('file'); authorize('admin'; 'editor'); asyncHandler(acosController.signEvidence));,2026-05-28T22:30:00Z,session7_subagents_1-20,session7
91,server/src/routes/acos.ts,95,router.post('/evidence/verify-signature'; ...requireAcosFeature('acosEvidenceTruth'); upload.single('file'); validateMultipartBody(verifyEvidenceSignatureSchema); asyncHandler(acosController.verifyEvidenceSignature));,AUTH_MOUNT_VERIFIED,N/A,router.post('/evidence/verify-signature'; ...requireAcosFeature('acosEvidenceTruth'); upload.single('file'); validateMultipartBody(verifyEvidenceSignatureSchema); asyncHandler(acosController.verifyEvidenceSignature));,2026-05-28T22:30:00Z,session7_subagents_1-20,session7
92,server/src/routes/acos.ts,96,router.post('/evidence/timestamp'; ...requireAcosFeature('acosEvidenceTruth'); upload.single('file'); authorize('admin'; 'editor'); asyncHandler(acosController.timestampEvidence));,AUTH_MOUNT_VERIFIED,N/A,router.post('/evidence/timestamp'; ...requireAcosFeature('acosEvidenceTruth'); upload.single('file'); authorize('admin'; 'editor'); asyncHandler(acosController.timestampEvidence));,2026-05-28T22:30:00Z,session7_subagents_1-20,session7
93,server/src/routes/acos.ts,97,router.post('/evidence/chain-of-custody'; ...requireAcosFeature('acosEvidenceTruth'); authorize('admin'; 'editor'); validateBody(chainOfCustodySchema); asyncHandler(acosController.createChainOfCustody));,AUTH_MOUNT_VERIFIED,N/A,router.post('/evidence/chain-of-custody'; ...requireAcosFeature('acosEvidenceTruth'); authorize('admin'; 'editor'); validateBody(chainOfCustodySchema); asyncHandler(acosController.createChainOfCustody));,2026-05-28T22:30:00Z,session7_subagents_1-20,session7
94,server/src/routes/acos.ts,98,router.post('/evidence/multi-party-attestation'; ...requireAcosFeature('acosEvidenceTruth'); upload.single('file'); authorize('admin'; 'editor'); validateMultipartBody(multiPartyAttestationSchema; { jsonFields: ['parties'] }); asyncHandler(acosController.createMultiPartyAttestation));,AUTH_MOUNT_VERIFIED,N/A,router.post('/evidence/multi-party-attestation'; ...requireAcosFeature('acosEvidenceTruth'); upload.single('file'); authorize('admin'; 'editor'); validateMultipartBody(multiPartyAttestationSchema; { jsonFields: ['parties'] }); asyncHandler(acosController.createMultiPartyAttestation));,2026-05-28T22:30:00Z,session7_subagents_1-20,session7
95,server/src/routes/acos.ts,100,router.post('/evidence/:evidenceId/analyze'; ...requireAcosFeature('acosEvidenceTruth'); validateParams(evidenceIdParamSchema); upload.single('file'); asyncHandler(acosController.analyzeEvidence));,AUTH_MOUNT_VERIFIED,N/A,router.post('/evidence/:evidenceId/analyze'; ...requireAcosFeature('acosEvidenceTruth'); validateParams(evidenceIdParamSchema); upload.single('file'); asyncHandler(acosController.analyzeEvidence));,2026-05-28T22:30:00Z,session7_subagents_1-20,session7
96,server/src/routes/acos.ts,101,router.get('/evidence/:evidenceId/analysis'; ...requireAcosFeature('acosEvidenceTruth'); validateParams(evidenceIdParamSchema); asyncHandler(acosController.getEvidenceAnalysis));,AUTH_MOUNT_VERIFIED,N/A,router.get('/evidence/:evidenceId/analysis'; ...requireAcosFeature('acosEvidenceTruth'); validateParams(evidenceIdParamSchema); asyncHandler(acosController.getEvidenceAnalysis));,2026-05-28T22:30:00Z,session7_subagents_1-20,session7
97,server/src/routes/acos.ts,102,router.post('/evidence/:evidenceId/reanalyze'; ...requireAcosFeature('acosEvidenceTruth'); validateParams(evidenceIdParamSchema); upload.single('file'); authorize('admin'; 'editor'); asyncHandler(acosController.reanalyzeEvidence));,AUTH_MOUNT_VERIFIED,N/A,router.post('/evidence/:evidenceId/reanalyze'; ...requireAcosFeature('acosEvidenceTruth'); validateParams(evidenceIdParamSchema); upload.single('file'); authorize('admin'; 'editor'); asyncHandler(acosController.reanalyzeEvidence));,2026-05-28T22:30:00Z,session7_subagents_1-20,session7
98,server/src/routes/acos.ts,103,router.get('/evidence/:evidenceId/analysis/history'; ...requireAcosFeature('acosEvidenceTruth'); validateParams(evidenceIdParamSchema); asyncHandler(acosController.getAnalysisHistory));,AUTH_MOUNT_VERIFIED,N/A,router.get('/evidence/:evidenceId/analysis/history'; ...requireAcosFeature('acosEvidenceTruth'); validateParams(evidenceIdParamSchema); asyncHandler(acosController.getAnalysisHistory));,2026-05-28T22:30:00Z,session7_subagents_1-20,session7
99,server/src/routes/acos.ts,104,router.get('/evidence/:evidenceId/analysis/export'; ...requireAcosFeature('acosEvidenceTruth'); validateParams(evidenceIdParamSchema); asyncHandler(acosController.exportAnalysisReport));,AUTH_MOUNT_VERIFIED,N/A,router.get('/evidence/:evidenceId/analysis/export'; ...requireAcosFeature('acosEvidenceTruth'); validateParams(evidenceIdParamSchema); asyncHandler(acosController.exportAnalysisReport));,2026-05-28T22:30:00Z,session7_subagents_1-20,session7
100,server/src/routes/acos.ts,106,router.post('/evidence/:evidenceId/analyze-and-anchor'; ...requireAcosFeature('acosEvidenceTruth'); validateParams(evidenceIdParamSchema); authorize('admin'; 'editor'); upload.single('file'); validateMultipartBody(analyzeAndAnchorSchema); asyncHandler(acosController.analyzeAndAnchor));,AUTH_MOUNT_VERIFIED,N/A,router.post('/evidence/:evidenceId/analyze-and-anchor'; ...requireAcosFeature('acosEvidenceTruth'); validateParams(evidenceIdParamSchema); authorize('admin'; 'editor'); upload.single('file'); validateMultipartBody(analyzeAndAnchorSchema); asyncHandler(acosController.analyzeAndAnchor));,2026-05-28T22:30:00Z,session7_subagents_1-20,session7
101,server/src/routes/acos.ts,107,router.post('/evidence/:evidenceId/verify-integrity'; ...requireAcosFeature('acosEvidenceTruth'); validateParams(evidenceIdParamSchema); upload.single('file'); asyncHandler(acosController.verifyIntegrity));,AUTH_MOUNT_VERIFIED,N/A,router.post('/evidence/:evidenceId/verify-integrity'; ...requireAcosFeature('acosEvidenceTruth'); validateParams(evidenceIdParamSchema); upload.single('file'); asyncHandler(acosController.verifyIntegrity));,2026-05-28T22:30:00Z,session7_subagents_1-20,session7
102,server/src/routes/acos.ts,108,router.get('/evidence/:evidenceId/provenance'; ...requireAcosFeature('acosEvidenceTruth'); validateParams(evidenceIdParamSchema); asyncHandler(acosController.getProvenance));,AUTH_MOUNT_VERIFIED,N/A,router.get('/evidence/:evidenceId/provenance'; ...requireAcosFeature('acosEvidenceTruth'); validateParams(evidenceIdParamSchema); asyncHandler(acosController.getProvenance));,2026-05-28T22:30:00Z,session7_subagents_1-20,session7
103,server/src/routes/acos.ts,111,router.post('/rif/ingest-regulation'; ...requireAcosFeature('acosRegulatoryIntelligence'); authorize('admin'); upload.single('file'); asyncHandler(acosController.ingestRegulation));,AUTH_MOUNT_VERIFIED,N/A,router.post('/rif/ingest-regulation'; ...requireAcosFeature('acosRegulatoryIntelligence'); authorize('admin'); upload.single('file'); asyncHandler(acosController.ingestRegulation));,2026-05-28T22:30:00Z,session7_subagents_1-20,session7
104,server/src/routes/acos.ts,112,router.post('/rif/detect-changes'; authorize('admin'); asyncHandler(acosController.detectRegulatoryChanges));,AUTH_MOUNT_VERIFIED,N/A,router.post('/rif/detect-changes'; authorize('admin'); asyncHandler(acosController.detectRegulatoryChanges));,2026-05-28T22:30:00Z,session7_subagents_1-20,session7
105,server/src/routes/acos.ts,113,router.post('/rif/:regulatoryChangeId/auto-update'; authorize('admin'); asyncHandler(acosController.autoUpdateControls));,AUTH_MOUNT_VERIFIED,N/A,router.post('/rif/:regulatoryChangeId/auto-update'; authorize('admin'); asyncHandler(acosController.autoUpdateControls));,2026-05-28T22:30:00Z,session7_subagents_1-20,session7
106,server/src/routes/acos.ts,114,router.post('/rif/auto-update/rollback'; authorize('admin'); asyncHandler(acosController.rollbackAutoUpdate));,AUTH_MOUNT_VERIFIED,N/A,router.post('/rif/auto-update/rollback'; authorize('admin'); asyncHandler(acosController.rollbackAutoUpdate));,2026-05-28T22:30:00Z,session7_subagents_1-20,session7
107,server/src/routes/acos.ts,115,router.post('/rif/auto-update/batch'; authorize('admin'); asyncHandler(acosController.batchAutoUpdate));,AUTH_MOUNT_VERIFIED,N/A,router.post('/rif/auto-update/batch'; authorize('admin'); asyncHandler(acosController.batchAutoUpdate));,2026-05-28T22:30:00Z,session7_subagents_1-20,session7
108,server/src/routes/acos.ts,116,router.post('/rif/conflicts/bulk-analysis'; authorize('admin'); asyncHandler(acosController.bulkConflictAnalysis));,AUTH_MOUNT_VERIFIED,N/A,router.post('/rif/conflicts/bulk-analysis'; authorize('admin'); asyncHandler(acosController.bulkConflictAnalysis));,2026-05-28T22:30:00Z,session7_subagents_1-20,session7
109,server/src/routes/acos.ts,117,router.get('/rif/conflicts/history'; asyncHandler(acosController.getConflictHistory));,AUTH_MOUNT_VERIFIED,N/A,router.get('/rif/conflicts/history'; asyncHandler(acosController.getConflictHistory));,2026-05-28T22:30:00Z,session7_subagents_1-20,session7
110,server/src/routes/acos.ts,118,router.post('/rif/conflicts/:conflictId/resolve'; authorize('admin'); validateBody(resolveConflictSchema); asyncHandler(acosController.resolveConflict));,AUTH_MOUNT_VERIFIED,N/A,router.post('/rif/conflicts/:conflictId/resolve'; authorize('admin'); validateBody(resolveConflictSchema); asyncHandler(acosController.resolveConflict));,2026-05-28T22:30:00Z,session7_subagents_1-20,session7
111,server/src/routes/acos.ts,119,router.post('/rif/feeds'; authorize('admin'); validateBody(addFeedSchema); asyncHandler(acosController.addFeed));,AUTH_MOUNT_VERIFIED,N/A,router.post('/rif/feeds'; authorize('admin'); validateBody(addFeedSchema); asyncHandler(acosController.addFeed));,2026-05-28T22:30:00Z,session7_subagents_1-20,session7
112,server/src/routes/acos.ts,120,router.delete('/rif/feeds/:feedId'; authorize('admin'); asyncHandler(acosController.removeFeed));,AUTH_MOUNT_VERIFIED,N/A,router.delete('/rif/feeds/:feedId'; authorize('admin'); asyncHandler(acosController.removeFeed));,2026-05-28T22:30:00Z,session7_subagents_1-20,session7
113,server/src/routes/acos.ts,121,router.get('/rif/feeds/dashboard'; asyncHandler(acosController.getFeedStatusDashboard));,AUTH_MOUNT_VERIFIED,N/A,router.get('/rif/feeds/dashboard'; asyncHandler(acosController.getFeedStatusDashboard));,2026-05-28T22:30:00Z,session7_subagents_1-20,session7
114,server/src/routes/acos.ts,124,router.get('/tgn/frameworks/:frameworkId/trajectory'; ...requireAcosFeature('acosTemporalGraphs'); asyncHandler(acosController.predictComplianceTrajectory));,AUTH_MOUNT_VERIFIED,N/A,router.get('/tgn/frameworks/:frameworkId/trajectory'; ...requireAcosFeature('acosTemporalGraphs'); asyncHandler(acosController.predictComplianceTrajectory));,2026-05-28T22:30:00Z,session7_subagents_1-20,session7
115,server/src/routes/acos.ts,125,router.get('/tgn/early-warnings'; ...requireAcosFeature('acosTemporalGraphs'); asyncHandler(acosController.getEarlyWarnings));,AUTH_MOUNT_VERIFIED,N/A,router.get('/tgn/early-warnings'; ...requireAcosFeature('acosTemporalGraphs'); asyncHandler(acosController.getEarlyWarnings));,2026-05-28T22:30:00Z,session7_subagents_1-20,session7
116,server/src/routes/acos.ts,128,router.get('/tgn/predict-risks'; ...requireAcosFeature('acosRiskPrediction'); asyncHandler(acosController.predictFutureRisks));,AUTH_MOUNT_VERIFIED,N/A,router.get('/tgn/predict-risks'; ...requireAcosFeature('acosRiskPrediction'); asyncHandler(acosController.predictFutureRisks));,2026-05-28T22:30:00Z,session7_subagents_1-20,session7
117,server/src/routes/acos.ts,129,router.post('/tgn/refresh-risk-predictions'; ...requireAcosFeature('acosRiskPrediction'); asyncHandler(acosController.refreshRiskPredictions));,AUTH_MOUNT_VERIFIED,N/A,router.post('/tgn/refresh-risk-predictions'; ...requireAcosFeature('acosRiskPrediction'); asyncHandler(acosController.refreshRiskPredictions));,2026-05-28T22:30:00Z,session7_subagents_1-20,session7
118,server/src/routes/acos.ts,132,router.post('/digital-twin/simulate'; ...requireAcosFeature('acosDigitalTwin'); authorize('admin'; 'editor'); validateBody(runSimulationSchema); asyncHandler(acosController.runSimulation));,AUTH_MOUNT_VERIFIED,N/A,router.post('/digital-twin/simulate'; ...requireAcosFeature('acosDigitalTwin'); authorize('admin'; 'editor'); validateBody(runSimulationSchema); asyncHandler(acosController.runSimulation));,2026-05-28T22:30:00Z,session7_subagents_1-20,session7
119,server/src/routes/acos.ts,133,router.post('/digital-twin/simulate/with-constraints'; authorize('admin'; 'editor'); validateBody(runSimulationSchema); asyncHandler(acosController.runSimulationWithConstraints));,AUTH_MOUNT_VERIFIED,N/A,router.post('/digital-twin/simulate/with-constraints'; authorize('admin'; 'editor'); validateBody(runSimulationSchema); asyncHandler(acosController.runSimulationWithConstraints));,2026-05-28T22:30:00Z,session7_subagents_1-20,session7
120,server/src/routes/acos.ts,134,router.post('/digital-twin/compare-scenarios'; authorize('admin'; 'editor'); validateBody(compareScenariosSchema); asyncHandler(acosController.compareScenarios));,AUTH_MOUNT_VERIFIED,N/A,router.post('/digital-twin/compare-scenarios'; authorize('admin'; 'editor'); validateBody(compareScenariosSchema); asyncHandler(acosController.compareScenarios));,2026-05-28T22:30:00Z,session7_subagents_1-20,session7
121,server/src/routes/acos.ts,135,router.post('/digital-twin/simulations/:scenarioId/save-state'; authorize('admin'; 'editor'); asyncHandler(acosController.saveSimulationState));,AUTH_MOUNT_VERIFIED,N/A,router.post('/digital-twin/simulations/:scenarioId/save-state'; authorize('admin'; 'editor'); asyncHandler(acosController.saveSimulationState));,2026-05-28T22:30:00Z,session7_subagents_1-20,session7
122,server/src/routes/acos.ts,136,router.get('/digital-twin/simulations/:scenarioId/load-state'; asyncHandler(acosController.loadSimulationState));,AUTH_MOUNT_VERIFIED,N/A,router.get('/digital-twin/simulations/:scenarioId/load-state'; asyncHandler(acosController.loadSimulationState));,2026-05-28T22:30:00Z,session7_subagents_1-20,session7
123,server/src/routes/acos.ts,137,router.post('/digital-twin/simulations/:scenarioId/rollback'; authorize('admin'; 'editor'); asyncHandler(acosController.rollbackSimulation));,AUTH_MOUNT_VERIFIED,N/A,router.post('/digital-twin/simulations/:scenarioId/rollback'; authorize('admin'; 'editor'); asyncHandler(acosController.rollbackSimulation));,2026-05-28T22:30:00Z,session7_subagents_1-20,session7
124,server/src/routes/acos.ts,138,router.post('/digital-twin/monte-carlo'; authorize('admin'; 'editor'); validateBody(runMonteCarloSchema); asyncHandler(acosController.runMonteCarlo));,AUTH_MOUNT_VERIFIED,N/A,router.post('/digital-twin/monte-carlo'; authorize('admin'; 'editor'); validateBody(runMonteCarloSchema); asyncHandler(acosController.runMonteCarlo));,2026-05-28T22:30:00Z,session7_subagents_1-20,session7
125,server/src/routes/acos.ts,141,router.post('/red-team/simulate'; ...requireAcosFeature('acosRedTeam'); authorize('admin'); validateBody(runRedTeamSimulationSchema); asyncHandler(acosController.runRedTeamSimulation));,AUTH_MOUNT_VERIFIED,N/A,router.post('/red-team/simulate'; ...requireAcosFeature('acosRedTeam'); authorize('admin'); validateBody(runRedTeamSimulationSchema); asyncHandler(acosController.runRedTeamSimulation));,2026-05-28T22:30:00Z,session7_subagents_1-20,session7
126,server/src/routes/acos.ts,142,router.post('/red-team/automated-scan'; authorize('admin'); validateBody(runAutomatedScanSchema); asyncHandler(acosController.runAutomatedScan));,AUTH_MOUNT_VERIFIED,N/A,router.post('/red-team/automated-scan'; authorize('admin'); validateBody(runAutomatedScanSchema); asyncHandler(acosController.runAutomatedScan));,2026-05-28T22:30:00Z,session7_subagents_1-20,session7
127,server/src/routes/acos.ts,143,router.get('/red-team/compliance-gaps'; authorize('admin'); asyncHandler(acosController.scanForComplianceGaps));,AUTH_MOUNT_VERIFIED,N/A,router.get('/red-team/compliance-gaps'; authorize('admin'); asyncHandler(acosController.scanForComplianceGaps));,2026-05-28T22:30:00Z,session7_subagents_1-20,session7
128,server/src/routes/acos.ts,144,router.get('/red-team/misconfigurations'; authorize('admin'); asyncHandler(acosController.scanForMisconfigurations));,AUTH_MOUNT_VERIFIED,N/A,router.get('/red-team/misconfigurations'; authorize('admin'); asyncHandler(acosController.scanForMisconfigurations));,2026-05-28T22:30:00Z,session7_subagents_1-20,session7
129,server/src/routes/acos.ts,145,router.get('/red-team/policy-violations'; authorize('admin'); asyncHandler(acosController.scanForPolicyViolations));,AUTH_MOUNT_VERIFIED,N/A,router.get('/red-team/policy-violations'; authorize('admin'); asyncHandler(acosController.scanForPolicyViolations));,2026-05-28T22:30:00Z,session7_subagents_1-20,session7
130,server/src/routes/acos.ts,146,router.post('/red-team/schedule'; authorize('admin'); validateBody(scheduleScanSchema); asyncHandler(acosController.scheduleScan));,AUTH_MOUNT_VERIFIED,N/A,router.post('/red-team/schedule'; authorize('admin'); validateBody(scheduleScanSchema); asyncHandler(acosController.scheduleScan));,2026-05-28T22:30:00Z,session7_subagents_1-20,session7
131,server/src/routes/acos.ts,147,router.post('/red-team/export-results'; authorize('admin'); asyncHandler(acosController.exportScanResults));,AUTH_MOUNT_VERIFIED,N/A,router.post('/red-team/export-results'; authorize('admin'); asyncHandler(acosController.exportScanResults));,2026-05-28T22:30:00Z,session7_subagents_1-20,session7
132,server/src/routes/acos.ts,148,router.post('/red-team/compare-results'; authorize('admin'); validateBody(compareScanResultsSchema); asyncHandler(acosController.compareScanResults));,AUTH_MOUNT_VERIFIED,N/A,router.post('/red-team/compare-results'; authorize('admin'); validateBody(compareScanResultsSchema); asyncHandler(acosController.compareScanResults));,2026-05-28T22:30:00Z,session7_subagents_1-20,session7
133,server/src/routes/acos.ts,149,router.post('/red-team/mark-false-positive'; authorize('admin'); validateBody(markFalsePositiveSchema); asyncHandler(acosController.markFalsePositive));,AUTH_MOUNT_VERIFIED,N/A,router.post('/red-team/mark-false-positive'; authorize('admin'); validateBody(markFalsePositiveSchema); asyncHandler(acosController.markFalsePositive));,2026-05-28T22:30:00Z,session7_subagents_1-20,session7
134,server/src/routes/acos.ts,152,router.post('/swarm/join'; ...requireAcosFeature('acosFederatedLearning'); authorize('admin'); validateBody(joinFederationSchema); asyncHandler(acosController.joinFederation));,AUTH_MOUNT_VERIFIED,N/A,router.post('/swarm/join'; ...requireAcosFeature('acosFederatedLearning'); authorize('admin'); validateBody(joinFederationSchema); asyncHandler(acosController.joinFederation));,2026-05-28T22:30:00Z,session7_subagents_1-20,session7
135,server/src/routes/acos.ts,153,router.post('/swarm/leave'; authorize('admin'); asyncHandler(acosController.leaveFederation));,AUTH_MOUNT_VERIFIED,N/A,router.post('/swarm/leave'; authorize('admin'); asyncHandler(acosController.leaveFederation));,2026-05-28T22:30:00Z,session7_subagents_1-20,session7
136,server/src/routes/acos.ts,154,router.post('/swarm/contribute'; authorize('admin'); validateBody(contributeToFederationSchema); asyncHandler(acosController.contributeToFederation));,AUTH_MOUNT_VERIFIED,N/A,router.post('/swarm/contribute'; authorize('admin'); validateBody(contributeToFederationSchema); asyncHandler(acosController.contributeToFederation));,2026-05-28T22:30:00Z,session7_subagents_1-20,session7
137,server/src/routes/acos.ts,155,router.get('/swarm/receive-model'; asyncHandler(acosController.receiveFederatedModel));,AUTH_MOUNT_VERIFIED,N/A,router.get('/swarm/receive-model'; asyncHandler(acosController.receiveFederatedModel));,2026-05-28T22:30:00Z,session7_subagents_1-20,session7
138,server/src/routes/acos.ts,156,router.post('/swarm/recover'; authorize('admin'); asyncHandler(acosController.recoverFederation));,AUTH_MOUNT_VERIFIED,N/A,router.post('/swarm/recover'; authorize('admin'); asyncHandler(acosController.recoverFederation));,2026-05-28T22:30:00Z,session7_subagents_1-20,session7
139,server/src/routes/acos.ts,157,router.get('/swarm/insights'; asyncHandler(acosController.getSwarmInsights));,AUTH_MOUNT_VERIFIED,N/A,router.get('/swarm/insights'; asyncHandler(acosController.getSwarmInsights));,2026-05-28T22:30:00Z,session7_subagents_1-20,session7
140,server/src/routes/acos.ts,158,router.get('/swarm/insights/industry'; asyncHandler(acosController.getIndustryInsights));,AUTH_MOUNT_VERIFIED,N/A,router.get('/swarm/insights/industry'; asyncHandler(acosController.getIndustryInsights));,2026-05-28T22:30:00Z,session7_subagents_1-20,session7
141,server/src/routes/acos.ts,159,router.get('/swarm/insights/sector'; asyncHandler(acosController.getSectorInsights));,AUTH_MOUNT_VERIFIED,N/A,router.get('/swarm/insights/sector'; asyncHandler(acosController.getSectorInsights));,2026-05-28T22:30:00Z,session7_subagents_1-20,session7
142,server/src/routes/acos.ts,160,router.get('/swarm/insights/frameworks/:frameworkId'; asyncHandler(acosController.getFrameworkInsights));,AUTH_MOUNT_VERIFIED,N/A,router.get('/swarm/insights/frameworks/:frameworkId'; asyncHandler(acosController.getFrameworkInsights));,2026-05-28T22:30:00Z,session7_subagents_1-20,session7
143,server/src/routes/acos.ts,161,router.get('/swarm/benchmark'; asyncHandler(acosController.benchmarkAgainstPeers));,AUTH_MOUNT_VERIFIED,N/A,router.get('/swarm/benchmark'; asyncHandler(acosController.benchmarkAgainstPeers));,2026-05-28T22:30:00Z,session7_subagents_1-20,session7
144,server/src/routes/acos.ts,162,router.get('/swarm/trends'; asyncHandler(acosController.identifyTrends));,AUTH_MOUNT_VERIFIED,N/A,router.get('/swarm/trends'; asyncHandler(acosController.identifyTrends));,2026-05-28T22:30:00Z,session7_subagents_1-20,session7
145,server/src/routes/acos.ts,163,router.post('/swarm/insights/export'; asyncHandler(acosController.exportInsights));,AUTH_MOUNT_VERIFIED,N/A,router.post('/swarm/insights/export'; asyncHandler(acosController.exportInsights));,2026-05-28T22:30:00Z,session7_subagents_1-20,session7
146,server/src/routes/acos.ts,164,router.post('/swarm/model/rollback'; authorize('admin'); asyncHandler(acosController.rollbackModel));,AUTH_MOUNT_VERIFIED,N/A,router.post('/swarm/model/rollback'; authorize('admin'); asyncHandler(acosController.rollbackModel));,2026-05-28T22:30:00Z,session7_subagents_1-20,session7
147,server/src/routes/acos.ts,165,router.post('/swarm/model/distribute'; authorize('admin'); asyncHandler(acosController.distributeModel));,AUTH_MOUNT_VERIFIED,N/A,router.post('/swarm/model/distribute'; authorize('admin'); asyncHandler(acosController.distributeModel));,2026-05-28T22:30:00Z,session7_subagents_1-20,session7
148,server/src/routes/acos.ts,166,router.get('/swarm/model/audit-trail'; asyncHandler(acosController.getModelAuditTrail));,AUTH_MOUNT_VERIFIED,N/A,router.get('/swarm/model/audit-trail'; asyncHandler(acosController.getModelAuditTrail));,2026-05-28T22:30:00Z,session7_subagents_1-20,session7
149,server/src/routes/acos.ts,169,router.post('/multimodal/transcribe-audio'; ...requireAcosFeature('acosMultiModal'); upload.single('audio'); asyncHandler(acosController.transcribeAudio));,AUTH_MOUNT_VERIFIED,N/A,router.post('/multimodal/transcribe-audio'; ...requireAcosFeature('acosMultiModal'); upload.single('audio'); asyncHandler(acosController.transcribeAudio));,2026-05-28T22:30:00Z,session7_subagents_1-20,session7
150,server/src/routes/acos.ts,170,router.post('/multimodal/analyze-video'; ...requireAcosFeature('acosMultiModal'); upload.single('video'); asyncHandler(acosController.analyzeVideo));,AUTH_MOUNT_VERIFIED,N/A,router.post('/multimodal/analyze-video'; ...requireAcosFeature('acosMultiModal'); upload.single('video'); asyncHandler(acosController.analyzeVideo));,2026-05-28T22:30:00Z,session7_subagents_1-20,session7
151,server/src/routes/acos.ts,173,router.post('/physical-ai/register-device'; ...requireVisionaryFeature('acosPhysicalAi'); authorize('admin'); validateBody(registerDeviceSchema); asyncHandler(acosController.registerDevice));,AUTH_MOUNT_VERIFIED,N/A,router.post('/physical-ai/register-device'; ...requireVisionaryFeature('acosPhysicalAi'); authorize('admin'); validateBody(registerDeviceSchema); asyncHandler(acosController.registerDevice));,2026-05-28T22:30:00Z,session7_subagents_1-20,session7
152,server/src/routes/acos.ts,174,router.post('/physical-ai/bulk-register'; authorize('admin'); validateBody(bulkRegisterDevicesSchema); asyncHandler(acosController.bulkRegisterDevices));,AUTH_MOUNT_VERIFIED,N/A,router.post('/physical-ai/bulk-register'; authorize('admin'); validateBody(bulkRegisterDevicesSchema); asyncHandler(acosController.bulkRegisterDevices));,2026-05-28T22:30:00Z,session7_subagents_1-20,session7
153,server/src/routes/acos.ts,175,router.delete('/physical-ai/devices/:deviceId'; authorize('admin'); asyncHandler(acosController.deregisterDevice));,AUTH_MOUNT_VERIFIED,N/A,router.delete('/physical-ai/devices/:deviceId'; authorize('admin'); asyncHandler(acosController.deregisterDevice));,2026-05-28T22:30:00Z,session7_subagents_1-20,session7
154,server/src/routes/acos.ts,176,router.get('/physical-ai/devices'; asyncHandler(acosController.getDevices));,AUTH_MOUNT_VERIFIED,N/A,router.get('/physical-ai/devices'; asyncHandler(acosController.getDevices));,2026-05-28T22:30:00Z,session7_subagents_1-20,session7
155,server/src/routes/acos.ts,177,router.post('/physical-ai/devices/:deviceId/compliance-check'; authorize('admin'); asyncHandler(acosController.performEdgeComplianceCheck));,AUTH_MOUNT_VERIFIED,N/A,router.post('/physical-ai/devices/:deviceId/compliance-check'; authorize('admin'); asyncHandler(acosController.performEdgeComplianceCheck));,2026-05-28T22:30:00Z,session7_subagents_1-20,session7
156,server/src/routes/acos.ts,178,router.get('/physical-ai/devices/:deviceId/heartbeat'; asyncHandler(acosController.monitorDeviceHeartbeat));,AUTH_MOUNT_VERIFIED,N/A,router.get('/physical-ai/devices/:deviceId/heartbeat'; asyncHandler(acosController.monitorDeviceHeartbeat));,2026-05-28T22:30:00Z,session7_subagents_1-20,session7
157,server/src/routes/acos.ts,179,router.get('/physical-ai/devices/offline'; asyncHandler(acosController.detectOfflineDevices));,AUTH_MOUNT_VERIFIED,N/A,router.get('/physical-ai/devices/offline'; asyncHandler(acosController.detectOfflineDevices));,2026-05-28T22:30:00Z,session7_subagents_1-20,session7
158,server/src/routes/acos.ts,180,router.get('/physical-ai/devices/:deviceId/battery'; asyncHandler(acosController.monitorBatteryLevel));,AUTH_MOUNT_VERIFIED,N/A,router.get('/physical-ai/devices/:deviceId/battery'; asyncHandler(acosController.monitorBatteryLevel));,2026-05-28T22:30:00Z,session7_subagents_1-20,session7
159,server/src/routes/acos.ts,181,router.get('/physical-ai/devices/:deviceId/connectivity'; asyncHandler(acosController.monitorConnectivity));,AUTH_MOUNT_VERIFIED,N/A,router.get('/physical-ai/devices/:deviceId/connectivity'; asyncHandler(acosController.monitorConnectivity));,2026-05-28T22:30:00Z,session7_subagents_1-20,session7
160,server/src/routes/acos.ts,182,router.get('/physical-ai/devices/:deviceId/firmware'; asyncHandler(acosController.trackFirmwareVersion));,AUTH_MOUNT_VERIFIED,N/A,router.get('/physical-ai/devices/:deviceId/firmware'; asyncHandler(acosController.trackFirmwareVersion));,2026-05-28T22:30:00Z,session7_subagents_1-20,session7
161,server/src/routes/acos.ts,183,router.get('/physical-ai/health/dashboard'; asyncHandler(acosController.getHealthDashboard));,AUTH_MOUNT_VERIFIED,N/A,router.get('/physical-ai/health/dashboard'; asyncHandler(acosController.getHealthDashboard));,2026-05-28T22:30:00Z,session7_subagents_1-20,session7
162,server/src/routes/acos.ts,184,router.get('/physical-ai/devices/:deviceId/health/history'; asyncHandler(acosController.getHealthHistory));,AUTH_MOUNT_VERIFIED,N/A,router.get('/physical-ai/devices/:deviceId/health/history'; asyncHandler(acosController.getHealthHistory));,2026-05-28T22:30:00Z,session7_subagents_1-20,session7
163,server/src/routes/acos.ts,185,router.get('/physical-ai/devices/:deviceId/predictive-maintenance'; asyncHandler(acosController.performPredictiveMaintenance));,AUTH_MOUNT_VERIFIED,N/A,router.get('/physical-ai/devices/:deviceId/predictive-maintenance'; asyncHandler(acosController.performPredictiveMaintenance));,2026-05-28T22:30:00Z,session7_subagents_1-20,session7
164,server/src/routes/acos.ts,186,router.get('/physical-ai/health/bulk-check'; asyncHandler(acosController.bulkHealthCheck));,AUTH_MOUNT_VERIFIED,N/A,router.get('/physical-ai/health/bulk-check'; asyncHandler(acosController.bulkHealthCheck));,2026-05-28T22:30:00Z,session7_subagents_1-20,session7
165,server/src/routes/acos.ts,189,router.post('/vr/sessions'; ...requireVisionaryFeature('acosVrTraining'); authorize('admin'; 'editor'); validateBody(createVRSessionSchema); asyncHandler(acosController.createVRSession));,AUTH_MOUNT_VERIFIED,N/A,router.post('/vr/sessions'; ...requireVisionaryFeature('acosVrTraining'); authorize('admin'; 'editor'); validateBody(createVRSessionSchema); asyncHandler(acosController.createVRSession));,2026-05-28T22:30:00Z,session7_subagents_1-20,session7
166,server/src/routes/acos.ts,190,router.get('/vr/sessions'; asyncHandler(acosController.getActiveVRSessions));,AUTH_MOUNT_VERIFIED,N/A,router.get('/vr/sessions'; asyncHandler(acosController.getActiveVRSessions));,2026-05-28T22:30:00Z,session7_subagents_1-20,session7
167,server/src/routes/acos.ts,191,router.get('/vr/sessions/:sessionId'; asyncHandler(acosController.getVRSessionDetails));,AUTH_MOUNT_VERIFIED,N/A,router.get('/vr/sessions/:sessionId'; asyncHandler(acosController.getVRSessionDetails));,2026-05-28T22:30:00Z,session7_subagents_1-20,session7
168,server/src/routes/acos.ts,192,router.get('/vr/sessions/:sessionId/health'; asyncHandler(acosController.checkVRSessionHealth));,AUTH_MOUNT_VERIFIED,N/A,router.get('/vr/sessions/:sessionId/health'; asyncHandler(acosController.checkVRSessionHealth));,2026-05-28T22:30:00Z,session7_subagents_1-20,session7
169,server/src/routes/acos.ts,193,router.post('/vr/sessions/:sessionId/join'; asyncHandler(acosController.joinVRSession));,AUTH_MOUNT_VERIFIED,N/A,router.post('/vr/sessions/:sessionId/join'; asyncHandler(acosController.joinVRSession));,2026-05-28T22:30:00Z,session7_subagents_1-20,session7
170,server/src/routes/acos.ts,194,router.post('/vr/sessions/:sessionId/leave'; asyncHandler(acosController.leaveVRSession));,AUTH_MOUNT_VERIFIED,N/A,router.post('/vr/sessions/:sessionId/leave'; asyncHandler(acosController.leaveVRSession));,2026-05-28T22:30:00Z,session7_subagents_1-20,session7
171,server/src/routes/acos.ts,195,router.post('/vr/sessions/:sessionId/start'; authorize('admin'; 'editor'); asyncHandler(acosController.startVRSession));,AUTH_MOUNT_VERIFIED,N/A,router.post('/vr/sessions/:sessionId/start'; authorize('admin'; 'editor'); asyncHandler(acosController.startVRSession));,2026-05-28T22:30:00Z,session7_subagents_1-20,session7
172,server/src/routes/acos.ts,196,router.post('/vr/sessions/:sessionId/end'; authorize('admin'; 'editor'); asyncHandler(acosController.endVRSession));,AUTH_MOUNT_VERIFIED,N/A,router.post('/vr/sessions/:sessionId/end'; authorize('admin'; 'editor'); asyncHandler(acosController.endVRSession));,2026-05-28T22:30:00Z,session7_subagents_1-20,session7
173,server/src/routes/acos.ts,197,router.post('/vr/sessions/:sessionId/annotations'; validateBody(vrAnnotationSchema); asyncHandler(acosController.addVRAnnotation));,AUTH_MOUNT_VERIFIED,N/A,router.post('/vr/sessions/:sessionId/annotations'; validateBody(vrAnnotationSchema); asyncHandler(acosController.addVRAnnotation));,2026-05-28T22:30:00Z,session7_subagents_1-20,session7
174,server/src/routes/acos.ts,198,router.post('/vr/sessions/:sessionId/annotations/voice'; asyncHandler(acosController.addVRVoiceAnnotation));,AUTH_MOUNT_VERIFIED,N/A,router.post('/vr/sessions/:sessionId/annotations/voice'; asyncHandler(acosController.addVRVoiceAnnotation));,2026-05-28T22:30:00Z,session7_subagents_1-20,session7
175,server/src/routes/acos.ts,199,router.put('/vr/sessions/:sessionId/annotations/:annotationId'; validateBody(vrAnnotationSchema); asyncHandler(acosController.editVRAnnotation));,AUTH_MOUNT_VERIFIED,N/A,router.put('/vr/sessions/:sessionId/annotations/:annotationId'; validateBody(vrAnnotationSchema); asyncHandler(acosController.editVRAnnotation));,2026-05-28T22:30:00Z,session7_subagents_1-20,session7
176,server/src/routes/acos.ts,200,router.delete('/vr/sessions/:sessionId/annotations/:annotationId'; asyncHandler(acosController.deleteVRAnnotation));,AUTH_MOUNT_VERIFIED,N/A,router.delete('/vr/sessions/:sessionId/annotations/:annotationId'; asyncHandler(acosController.deleteVRAnnotation));,2026-05-28T22:30:00Z,session7_subagents_1-20,session7
177,server/src/routes/acos.ts,201,router.get('/vr/sessions/:sessionId/annotations/:annotationId/history'; asyncHandler(acosController.getVRAnnotationHistory));,AUTH_MOUNT_VERIFIED,N/A,router.get('/vr/sessions/:sessionId/annotations/:annotationId/history'; asyncHandler(acosController.getVRAnnotationHistory));,2026-05-28T22:30:00Z,session7_subagents_1-20,session7
178,server/src/routes/acos.ts,202,router.get('/vr/sessions/:sessionId/annotations/export'; asyncHandler(acosController.exportVRAnnotations));,AUTH_MOUNT_VERIFIED,N/A,router.get('/vr/sessions/:sessionId/annotations/export'; asyncHandler(acosController.exportVRAnnotations));,2026-05-28T22:30:00Z,session7_subagents_1-20,session7
179,server/src/routes/acos.ts,203,router.post('/vr/sessions/:sessionId/chat'; validateBody(vrChatMessageSchema); asyncHandler(acosController.sendVRChatMessage));,AUTH_MOUNT_VERIFIED,N/A,router.post('/vr/sessions/:sessionId/chat'; validateBody(vrChatMessageSchema); asyncHandler(acosController.sendVRChatMessage));,2026-05-28T22:30:00Z,session7_subagents_1-20,session7
180,server/src/routes/acos.ts,204,router.get('/vr/sessions/:sessionId/chat'; asyncHandler(acosController.getVRChatHistory));,AUTH_MOUNT_VERIFIED,N/A,router.get('/vr/sessions/:sessionId/chat'; asyncHandler(acosController.getVRChatHistory));,2026-05-28T22:30:00Z,session7_subagents_1-20,session7
181,server/src/routes/acos.ts,205,router.post('/vr/sessions/:sessionId/voice-chat/toggle'; asyncHandler(acosController.toggleVRVoiceChat));,AUTH_MOUNT_VERIFIED,N/A,router.post('/vr/sessions/:sessionId/voice-chat/toggle'; asyncHandler(acosController.toggleVRVoiceChat));,2026-05-28T22:30:00Z,session7_subagents_1-20,session7
182,server/src/routes/acos.ts,206,router.post('/vr/sessions/:sessionId/participants/:userId/mute'; asyncHandler(acosController.muteVRParticipant));,AUTH_MOUNT_VERIFIED,N/A,router.post('/vr/sessions/:sessionId/participants/:userId/mute'; asyncHandler(acosController.muteVRParticipant));,2026-05-28T22:30:00Z,session7_subagents_1-20,session7
183,server/src/routes/acos.ts,207,router.post('/vr/sessions/:sessionId/pointer'; asyncHandler(acosController.updateVRPointer));,AUTH_MOUNT_VERIFIED,N/A,router.post('/vr/sessions/:sessionId/pointer'; asyncHandler(acosController.updateVRPointer));,2026-05-28T22:30:00Z,session7_subagents_1-20,session7
184,server/src/routes/acos.ts,208,router.post('/vr/sessions/:sessionId/screen-sharing/enable'; asyncHandler(acosController.enableVRScreenSharing));,AUTH_MOUNT_VERIFIED,N/A,router.post('/vr/sessions/:sessionId/screen-sharing/enable'; asyncHandler(acosController.enableVRScreenSharing));,2026-05-28T22:30:00Z,session7_subagents_1-20,session7
185,server/src/routes/acos.ts,209,router.post('/vr/sessions/:sessionId/screen-sharing/disable'; asyncHandler(acosController.disableVRScreenSharing));,AUTH_MOUNT_VERIFIED,N/A,router.post('/vr/sessions/:sessionId/screen-sharing/disable'; asyncHandler(acosController.disableVRScreenSharing));,2026-05-28T22:30:00Z,session7_subagents_1-20,session7
186,server/src/routes/acos.ts,210,router.post('/vr/sessions/:sessionId/follow/:targetUserId'; asyncHandler(acosController.enableVRFollowMode));,AUTH_MOUNT_VERIFIED,N/A,router.post('/vr/sessions/:sessionId/follow/:targetUserId'; asyncHandler(acosController.enableVRFollowMode));,2026-05-28T22:30:00Z,session7_subagents_1-20,session7
187,server/src/routes/acos.ts,211,router.post('/vr/sessions/:sessionId/follow/disable'; asyncHandler(acosController.disableVRFollowMode));,AUTH_MOUNT_VERIFIED,N/A,router.post('/vr/sessions/:sessionId/follow/disable'; asyncHandler(acosController.disableVRFollowMode));,2026-05-28T22:30:00Z,session7_subagents_1-20,session7
188,server/src/routes/acos.ts,212,router.post('/vr/sessions/:sessionId/presenter-mode'; asyncHandler(acosController.enableVRPresenterMode));,AUTH_MOUNT_VERIFIED,N/A,router.post('/vr/sessions/:sessionId/presenter-mode'; asyncHandler(acosController.enableVRPresenterMode));,2026-05-28T22:30:00Z,session7_subagents_1-20,session7
189,server/src/routes/acos.ts,213,router.post('/vr/sessions/:sessionId/environment/update'; asyncHandler(acosController.updateVREnvironment));,AUTH_MOUNT_VERIFIED,N/A,router.post('/vr/sessions/:sessionId/environment/update'; asyncHandler(acosController.updateVREnvironment));,2026-05-28T22:30:00Z,session7_subagents_1-20,session7
190,server/src/routes/acos.ts,214,router.post('/vr/sessions/:sessionId/environment/theme'; asyncHandler(acosController.setVREnvironmentTheme));,AUTH_MOUNT_VERIFIED,N/A,router.post('/vr/sessions/:sessionId/environment/theme'; asyncHandler(acosController.setVREnvironmentTheme));,2026-05-28T22:30:00Z,session7_subagents_1-20,session7
191,server/src/routes/acos.ts,215,router.post('/vr/training/scenarios'; authorize('admin'); validateBody(createVRTrainingScenarioSchema); asyncHandler(acosController.createVRTrainingScenario));,AUTH_MOUNT_VERIFIED,N/A,router.post('/vr/training/scenarios'; authorize('admin'); validateBody(createVRTrainingScenarioSchema); asyncHandler(acosController.createVRTrainingScenario));,2026-05-28T22:30:00Z,session7_subagents_1-20,session7
192,server/src/routes/acos.ts,216,router.post('/vr/training/scenarios/:scenarioId/start'; asyncHandler(acosController.startVRTraining));,AUTH_MOUNT_VERIFIED,N/A,router.post('/vr/training/scenarios/:scenarioId/start'; asyncHandler(acosController.startVRTraining));,2026-05-28T22:30:00Z,session7_subagents_1-20,session7
193,server/src/routes/acos.ts,217,router.post('/vr/training/sessions/:sessionId/progress'; asyncHandler(acosController.trackVRTrainingProgress));,AUTH_MOUNT_VERIFIED,N/A,router.post('/vr/training/sessions/:sessionId/progress'; asyncHandler(acosController.trackVRTrainingProgress));,2026-05-28T22:30:00Z,session7_subagents_1-20,session7
194,server/src/routes/acos.ts,218,router.get('/vr/training/sessions/:sessionId/evaluate'; asyncHandler(acosController.evaluateVRTraining));,AUTH_MOUNT_VERIFIED,N/A,router.get('/vr/training/sessions/:sessionId/evaluate'; asyncHandler(acosController.evaluateVRTraining));,2026-05-28T22:30:00Z,session7_subagents_1-20,session7
195,server/src/routes/acos.ts,219,router.post('/vr/training/sessions/:sessionId/complete'; asyncHandler(acosController.completeVRTraining));,AUTH_MOUNT_VERIFIED,N/A,router.post('/vr/training/sessions/:sessionId/complete'; asyncHandler(acosController.completeVRTraining));,2026-05-28T22:30:00Z,session7_subagents_1-20,session7
196,server/src/routes/acos.ts,220,router.get('/vr/training/history'; asyncHandler(acosController.getVRTrainingHistory));,AUTH_MOUNT_VERIFIED,N/A,router.get('/vr/training/history'; asyncHandler(acosController.getVRTrainingHistory));,2026-05-28T22:30:00Z,session7_subagents_1-20,session7
197,server/src/routes/acos.ts,223,router.post('/jit/request'; ...requireVisionaryFeature('acosJitCompliance'); authorize('admin'; 'editor'); validateBody(requestJITAccessSchema); asyncHandler(acosController.requestJITAccess));,AUTH_MOUNT_VERIFIED,N/A,router.post('/jit/request'; ...requireVisionaryFeature('acosJitCompliance'); authorize('admin'; 'editor'); validateBody(requestJITAccessSchema); asyncHandler(acosController.requestJITAccess));,2026-05-28T22:30:00Z,session7_subagents_1-20,session7
198,server/src/routes/acos.ts,224,router.get('/jit/sessions'; asyncHandler(acosController.getJITAccessSessions));,AUTH_MOUNT_VERIFIED,N/A,router.get('/jit/sessions'; asyncHandler(acosController.getJITAccessSessions));,2026-05-28T22:30:00Z,session7_subagents_1-20,session7
199,server/src/routes/acos.ts,225,router.post('/jit/sessions/:sessionId/revoke'; authorize('admin'); asyncHandler(acosController.revokeJITSession));,AUTH_MOUNT_VERIFIED,N/A,router.post('/jit/sessions/:sessionId/revoke'; authorize('admin'); asyncHandler(acosController.revokeJITSession));,2026-05-28T22:30:00Z,session7_subagents_1-20,session7
200,server/src/routes/acos.ts,226,router.post('/jit/requests/:requestId/cancel'; asyncHandler(acosController.cancelJITAccessRequest));,AUTH_MOUNT_VERIFIED,N/A,router.post('/jit/requests/:requestId/cancel'; asyncHandler(acosController.cancelJITAccessRequest));,2026-05-28T22:30:00Z,session7_subagents_1-20,session7
201,server/src/routes/acos.ts,229,router.get('/jit/requests/pending'; authorize('admin'); asyncHandler(acosController.getPendingJITAccessRequests));,AUTH_MOUNT_VERIFIED,N/A,router.get('/jit/requests/pending'; authorize('admin'); asyncHandler(acosController.getPendingJITAccessRequests));,2026-05-28T22:30:00Z,session7_subagents_1-20,session7
202,server/src/routes/acos.ts,230,router.get('/jit/requests'; authorize('admin'); asyncHandler(acosController.getAllJITAccessRequests));,AUTH_MOUNT_VERIFIED,N/A,router.get('/jit/requests'; authorize('admin'); asyncHandler(acosController.getAllJITAccessRequests));,2026-05-28T22:30:00Z,session7_subagents_1-20,session7
203,server/src/routes/acos.ts,231,router.post('/jit/requests/:requestId/approve'; authorize('admin'); asyncHandler(acosController.approveJITAccessRequest));,AUTH_MOUNT_VERIFIED,N/A,router.post('/jit/requests/:requestId/approve'; authorize('admin'); asyncHandler(acosController.approveJITAccessRequest));,2026-05-28T22:30:00Z,session7_subagents_1-20,session7
204,server/src/routes/acos.ts,232,router.post('/jit/requests/:requestId/deny'; authorize('admin'); asyncHandler(acosController.denyJITAccessRequest));,AUTH_MOUNT_VERIFIED,N/A,router.post('/jit/requests/:requestId/deny'; authorize('admin'); asyncHandler(acosController.denyJITAccessRequest));,2026-05-28T22:30:00Z,session7_subagents_1-20,session7
205,server/src/routes/acos.ts,235,router.post('/swarm-tasks/agents'; authorize('admin'); validateBody(registerSwarmAgentSchema); asyncHandler(acosController.registerSwarmAgent));,AUTH_MOUNT_VERIFIED,N/A,router.post('/swarm-tasks/agents'; authorize('admin'); validateBody(registerSwarmAgentSchema); asyncHandler(acosController.registerSwarmAgent));,2026-05-28T22:30:00Z,session7_subagents_1-20,session7
206,server/src/routes/acos.ts,236,router.get('/swarm-tasks/agents'; asyncHandler(acosController.getSwarmAgents));,AUTH_MOUNT_VERIFIED,N/A,router.get('/swarm-tasks/agents'; asyncHandler(acosController.getSwarmAgents));,2026-05-28T22:30:00Z,session7_subagents_1-20,session7
207,server/src/routes/acos.ts,237,router.get('/swarm-tasks/agents/:agentId'; asyncHandler(acosController.getSwarmAgentById));,AUTH_MOUNT_VERIFIED,N/A,router.get('/swarm-tasks/agents/:agentId'; asyncHandler(acosController.getSwarmAgentById));,2026-05-28T22:30:00Z,session7_subagents_1-20,session7
208,server/src/routes/acos.ts,238,router.put('/swarm-tasks/agents/:agentId/status'; authorize('admin'); validateBody(updateSwarmAgentStatusSchema); asyncHandler(acosController.updateSwarmAgentStatus));,AUTH_MOUNT_VERIFIED,N/A,router.put('/swarm-tasks/agents/:agentId/status'; authorize('admin'); validateBody(updateSwarmAgentStatusSchema); asyncHandler(acosController.updateSwarmAgentStatus));,2026-05-28T22:30:00Z,session7_subagents_1-20,session7
209,server/src/routes/acos.ts,239,router.post('/swarm-tasks/agents/:agentId/deactivate'; authorize('admin'); asyncHandler(acosController.deactivateSwarmAgent));,AUTH_MOUNT_VERIFIED,N/A,router.post('/swarm-tasks/agents/:agentId/deactivate'; authorize('admin'); asyncHandler(acosController.deactivateSwarmAgent));,2026-05-28T22:30:00Z,session7_subagents_1-20,session7
210,server/src/routes/acos.ts,240,router.post('/swarm-tasks/agents/:agentId/reactivate'; authorize('admin'); asyncHandler(acosController.reactivateSwarmAgent));,AUTH_MOUNT_VERIFIED,N/A,router.post('/swarm-tasks/agents/:agentId/reactivate'; authorize('admin'); asyncHandler(acosController.reactivateSwarmAgent));,2026-05-28T22:30:00Z,session7_subagents_1-20,session7
211,server/src/routes/acos.ts,241,router.get('/swarm-tasks/agents/:agentId/workload'; asyncHandler(acosController.getSwarmAgentWorkload));,AUTH_MOUNT_VERIFIED,N/A,router.get('/swarm-tasks/agents/:agentId/workload'; asyncHandler(acosController.getSwarmAgentWorkload));,2026-05-28T22:30:00Z,session7_subagents_1-20,session7
212,server/src/routes/acos.ts,242,router.post('/swarm-tasks'; authorize('admin'; 'editor'); validateBody(submitSwarmTaskSchema); asyncHandler(acosController.submitSwarmTask));,AUTH_MOUNT_VERIFIED,N/A,router.post('/swarm-tasks'; authorize('admin'; 'editor'); validateBody(submitSwarmTaskSchema); asyncHandler(acosController.submitSwarmTask));,2026-05-28T22:30:00Z,session7_subagents_1-20,session7
213,server/src/routes/acos.ts,243,router.post('/swarm-tasks/bulk'; authorize('admin'; 'editor'); validateBody(bulkSubmitSwarmTasksSchema); asyncHandler(acosController.bulkSubmitSwarmTasks));,AUTH_MOUNT_VERIFIED,N/A,router.post('/swarm-tasks/bulk'; authorize('admin'; 'editor'); validateBody(bulkSubmitSwarmTasksSchema); asyncHandler(acosController.bulkSubmitSwarmTasks));,2026-05-28T22:30:00Z,session7_subagents_1-20,session7
214,server/src/routes/acos.ts,244,router.get('/swarm-tasks'; asyncHandler(acosController.getAllSwarmTasks));,AUTH_MOUNT_VERIFIED,N/A,router.get('/swarm-tasks'; asyncHandler(acosController.getAllSwarmTasks));,2026-05-28T22:30:00Z,session7_subagents_1-20,session7
215,server/src/routes/acos.ts,245,router.get('/swarm-tasks/active'; asyncHandler(acosController.getActiveSwarmTasks));,AUTH_MOUNT_VERIFIED,N/A,router.get('/swarm-tasks/active'; asyncHandler(acosController.getActiveSwarmTasks));,2026-05-28T22:30:00Z,session7_subagents_1-20,session7
216,server/src/routes/acos.ts,246,router.get('/swarm-tasks/:taskId'; asyncHandler(acosController.getSwarmTaskStatus));,AUTH_MOUNT_VERIFIED,N/A,router.get('/swarm-tasks/:taskId'; asyncHandler(acosController.getSwarmTaskStatus));,2026-05-28T22:30:00Z,session7_subagents_1-20,session7
217,server/src/routes/acos.ts,247,router.post('/swarm-tasks/:taskId/cancel'; authorize('admin'); asyncHandler(acosController.cancelSwarmTask));,AUTH_MOUNT_VERIFIED,N/A,router.post('/swarm-tasks/:taskId/cancel'; authorize('admin'); asyncHandler(acosController.cancelSwarmTask));,2026-05-28T22:30:00Z,session7_subagents_1-20,session7
218,server/src/routes/acos.ts,248,router.post('/swarm-tasks/:taskId/agents/:agentId/progress'; asyncHandler(acosController.reportSwarmTaskProgress));,AUTH_MOUNT_VERIFIED,N/A,router.post('/swarm-tasks/:taskId/agents/:agentId/progress'; asyncHandler(acosController.reportSwarmTaskProgress));,2026-05-28T22:30:00Z,session7_subagents_1-20,session7
219,server/src/routes/acos.ts,249,router.post('/swarm-tasks/:taskId/agents/:agentId/complete'; asyncHandler(acosController.completeSwarmTask));,AUTH_MOUNT_VERIFIED,N/A,router.post('/swarm-tasks/:taskId/agents/:agentId/complete'; asyncHandler(acosController.completeSwarmTask));,2026-05-28T22:30:00Z,session7_subagents_1-20,session7
220,server/src/routes/acos.ts,250,router.get('/swarm-tasks/metrics'; asyncHandler(acosController.getSwarmMetrics));,AUTH_MOUNT_VERIFIED,N/A,router.get('/swarm-tasks/metrics'; asyncHandler(acosController.getSwarmMetrics));,2026-05-28T22:30:00Z,session7_subagents_1-20,session7
221,server/src/routes/acos.ts,251,router.get('/swarm-tasks/metrics/history'; asyncHandler(acosController.getSwarmHistoricalMetrics));,AUTH_MOUNT_VERIFIED,N/A,router.get('/swarm-tasks/metrics/history'; asyncHandler(acosController.getSwarmHistoricalMetrics));,2026-05-28T22:30:00Z,session7_subagents_1-20,session7
222,server/src/routes/acos.ts,252,router.get('/swarm-tasks/metrics/alerts'; asyncHandler(acosController.getSwarmMetricAlerts));,AUTH_MOUNT_VERIFIED,N/A,router.get('/swarm-tasks/metrics/alerts'; asyncHandler(acosController.getSwarmMetricAlerts));,2026-05-28T22:30:00Z,session7_subagents_1-20,session7
223,server/src/routes/acos.ts,253,router.post('/swarm-tasks/metrics/alerts/:alertId/resolve'; authorize('admin'); asyncHandler(acosController.resolveSwarmMetricAlert));,AUTH_MOUNT_VERIFIED,N/A,router.post('/swarm-tasks/metrics/alerts/:alertId/resolve'; authorize('admin'); asyncHandler(acosController.resolveSwarmMetricAlert));,2026-05-28T22:30:00Z,session7_subagents_1-20,session7
224,server/src/routes/acos.ts,254,router.get('/swarm-tasks/metrics/export'; asyncHandler(acosController.exportSwarmMetrics));,AUTH_MOUNT_VERIFIED,N/A,router.get('/swarm-tasks/metrics/export'; asyncHandler(acosController.exportSwarmMetrics));,2026-05-28T22:30:00Z,session7_subagents_1-20,session7
225,server/src/routes/acos.ts,255,router.get('/swarm-tasks/dashboard'; asyncHandler(acosController.getSwarmDashboard));,AUTH_MOUNT_VERIFIED,N/A,router.get('/swarm-tasks/dashboard'; asyncHandler(acosController.getSwarmDashboard));,2026-05-28T22:30:00Z,session7_subagents_1-20,session7
226,server/src/routes/acos.ts,258,router.get('/swarm/federation-status'; asyncHandler(acosController.getFederationStatus));,AUTH_MOUNT_VERIFIED,N/A,router.get('/swarm/federation-status'; asyncHandler(acosController.getFederationStatus));,2026-05-28T22:30:00Z,session7_subagents_1-20,session7
227,server/src/routes/acos.ts,259,router.post('/swarm/participate'; authorize('admin'); asyncHandler(acosController.participateInSwarm));,AUTH_MOUNT_VERIFIED,N/A,router.post('/swarm/participate'; authorize('admin'); asyncHandler(acosController.participateInSwarm));,2026-05-28T22:30:00Z,session7_subagents_1-20,session7
228,server/src/routes/acos.ts,262,router.get('/rif/changes'; asyncHandler(acosController.getRegulatoryChanges));,AUTH_MOUNT_VERIFIED,N/A,router.get('/rif/changes'; asyncHandler(acosController.getRegulatoryChanges));,2026-05-28T22:30:00Z,session7_subagents_1-20,session7
229,server/src/routes/acos.ts,263,router.post('/rif/monitor-feeds'; authorize('admin'); asyncHandler(acosController.monitorRegulatoryFeeds));,AUTH_MOUNT_VERIFIED,N/A,router.post('/rif/monitor-feeds'; authorize('admin'); asyncHandler(acosController.monitorRegulatoryFeeds));,2026-05-28T22:30:00Z,session7_subagents_1-20,session7
230,server/src/routes/acos.ts,266,router.get('/control-loops'; asyncHandler(acosController.getControlLoops));,AUTH_MOUNT_VERIFIED,N/A,router.get('/control-loops'; asyncHandler(acosController.getControlLoops));,2026-05-28T22:30:00Z,session7_subagents_1-20,session7
231,server/src/routes/acos.ts,267,router.get('/compliance-debts'; asyncHandler(acosController.getComplianceDebts));,AUTH_MOUNT_VERIFIED,N/A,router.get('/compliance-debts'; asyncHandler(acosController.getComplianceDebts));,2026-05-28T22:30:00Z,session7_subagents_1-20,session7
232,server/src/routes/acos.ts,268,router.post('/compliance-debts'; authorize('admin'; 'editor'); validateBody(trackComplianceDebtSchema); asyncHandler(acosController.trackComplianceDebt));,AUTH_MOUNT_VERIFIED,N/A,router.post('/compliance-debts'; authorize('admin'; 'editor'); validateBody(trackComplianceDebtSchema); asyncHandler(acosController.trackComplianceDebt));,2026-05-28T22:30:00Z,session7_subagents_1-20,session7
233,server/src/routes/acos.ts,269,router.post('/compliance-debts/calculate-from-gap'; authorize('admin'; 'editor'); validateBody(calculateDebtFromGapSchema); asyncHandler(acosController.calculateDebtFromGapAnalysis));,AUTH_MOUNT_VERIFIED,N/A,router.post('/compliance-debts/calculate-from-gap'; authorize('admin'; 'editor'); validateBody(calculateDebtFromGapSchema); asyncHandler(acosController.calculateDebtFromGapAnalysis));,2026-05-28T22:30:00Z,session7_subagents_1-20,session7
234,server/src/routes/acos.ts,270,router.post('/compliance-debts/:debtId/resolve'; authorize('admin'; 'editor'); asyncHandler(acosController.resolveComplianceDebt));,AUTH_MOUNT_VERIFIED,N/A,router.post('/compliance-debts/:debtId/resolve'; authorize('admin'; 'editor'); asyncHandler(acosController.resolveComplianceDebt));,2026-05-28T22:30:00Z,session7_subagents_1-20,session7
235,server/src/routes/acos.ts,271,router.get('/compliance-debts/export'; authorize('admin'; 'editor'); asyncHandler(acosController.exportDebtReport));,AUTH_MOUNT_VERIFIED,N/A,router.get('/compliance-debts/export'; authorize('admin'; 'editor'); asyncHandler(acosController.exportDebtReport));,2026-05-28T22:30:00Z,session7_subagents_1-20,session7
236,server/src/routes/acos.ts,272,router.get('/change-impacts'; asyncHandler(acosController.getChangeImpacts));,AUTH_MOUNT_VERIFIED,N/A,router.get('/change-impacts'; asyncHandler(acosController.getChangeImpacts));,2026-05-28T22:30:00Z,session7_subagents_1-20,session7
237,server/src/routes/acos.ts,273,router.post('/change-impacts/forecast'; authorize('admin'; 'editor'); validateBody(forecastChangeImpactSchema); asyncHandler(acosController.forecastChangeImpact));,AUTH_MOUNT_VERIFIED,N/A,router.post('/change-impacts/forecast'; authorize('admin'; 'editor'); validateBody(forecastChangeImpactSchema); asyncHandler(acosController.forecastChangeImpact));,2026-05-28T22:30:00Z,session7_subagents_1-20,session7
238,server/src/routes/acos.ts,274,router.post('/change-impacts/:impactId/resolve'; authorize('admin'; 'editor'); asyncHandler(acosController.resolveChangeImpact));,AUTH_MOUNT_VERIFIED,N/A,router.post('/change-impacts/:impactId/resolve'; authorize('admin'; 'editor'); asyncHandler(acosController.resolveChangeImpact));,2026-05-28T22:30:00Z,session7_subagents_1-20,session7
239,server/src/routes/acos.ts,277,router.post('/neuro-symbolic/hybrid-reasoning'; ...requireVisionaryFeature('acosNeuroSymbolic'); authorize('admin'; 'editor'); validateBody(hybridReasoningSchema); asyncHandler(acosController.performHybridReasoning));,AUTH_MOUNT_VERIFIED,N/A,router.post('/neuro-symbolic/hybrid-reasoning'; ...requireVisionaryFeature('acosNeuroSymbolic'); authorize('admin'; 'editor'); validateBody(hybridReasoningSchema); asyncHandler(acosController.performHybridReasoning));,2026-05-28T22:30:00Z,session7_subagents_1-20,session7
240,server/src/routes/acos.ts,278,router.post('/neuro-symbolic/infer-rules'; authorize('admin'; 'editor'); asyncHandler(acosController.inferRulesFromPatterns));,AUTH_MOUNT_VERIFIED,N/A,router.post('/neuro-symbolic/infer-rules'; authorize('admin'; 'editor'); asyncHandler(acosController.inferRulesFromPatterns));,2026-05-28T22:30:00Z,session7_subagents_1-20,session7
241,server/src/routes/acos.ts,279,router.post('/neuro-symbolic/causal-reasoning'; authorize('admin'; 'editor'); asyncHandler(acosController.performCausalReasoning));,AUTH_MOUNT_VERIFIED,N/A,router.post('/neuro-symbolic/causal-reasoning'; authorize('admin'; 'editor'); asyncHandler(acosController.performCausalReasoning));,2026-05-28T22:30:00Z,session7_subagents_1-20,session7
242,server/src/routes/acos.ts,280,router.post('/neuro-symbolic/explainable-decision'; authorize('admin'; 'editor'); asyncHandler(acosController.generateExplainableDecision));,AUTH_MOUNT_VERIFIED,N/A,router.post('/neuro-symbolic/explainable-decision'; authorize('admin'; 'editor'); asyncHandler(acosController.generateExplainableDecision));,2026-05-28T22:30:00Z,session7_subagents_1-20,session7
243,server/src/routes/acos.ts,281,router.get('/neuro-symbolic/reasoning-history'; asyncHandler(acosController.getReasoningHistory));,AUTH_MOUNT_VERIFIED,N/A,router.get('/neuro-symbolic/reasoning-history'; asyncHandler(acosController.getReasoningHistory));,2026-05-28T22:30:00Z,session7_subagents_1-20,session7
244,server/src/routes/acos.ts,282,router.post('/neuro-symbolic/inferences/:inferenceId/validate'; authorize('admin'; 'editor'); asyncHandler(acosController.validateInferredRule));,AUTH_MOUNT_VERIFIED,N/A,router.post('/neuro-symbolic/inferences/:inferenceId/validate'; authorize('admin'; 'editor'); asyncHandler(acosController.validateInferredRule));,2026-05-28T22:30:00Z,session7_subagents_1-20,session7
245,server/src/routes/acos.ts,285,router.post('/homomorphic/keys/generate'; ...requireVisionaryFeature('acosHomomorphicEncryption'); authorize('admin'; 'editor'); validateBody(generateHomomorphicKeysSchema); asyncHandler(acosController.generateHomomorphicKeys));,AUTH_MOUNT_VERIFIED,N/A,router.post('/homomorphic/keys/generate'; ...requireVisionaryFeature('acosHomomorphicEncryption'); authorize('admin'; 'editor'); validateBody(generateHomomorphicKeysSchema); asyncHandler(acosController.generateHomomorphicKeys));,2026-05-28T22:30:00Z,session7_subagents_1-20,session7
246,server/src/routes/acos.ts,286,router.post('/homomorphic/encrypt'; authorize('admin'; 'editor'); validateBody(encryptDataSchema); asyncHandler(acosController.encryptData));,AUTH_MOUNT_VERIFIED,N/A,router.post('/homomorphic/encrypt'; authorize('admin'; 'editor'); validateBody(encryptDataSchema); asyncHandler(acosController.encryptData));,2026-05-28T22:30:00Z,session7_subagents_1-20,session7
247,server/src/routes/acos.ts,287,router.post('/homomorphic/decrypt'; authorize('admin'; 'editor'); validateBody(decryptDataSchema); asyncHandler(acosController.decryptData));,AUTH_MOUNT_VERIFIED,N/A,router.post('/homomorphic/decrypt'; authorize('admin'; 'editor'); validateBody(decryptDataSchema); asyncHandler(acosController.decryptData));,2026-05-28T22:30:00Z,session7_subagents_1-20,session7
248,server/src/routes/acos.ts,288,router.post('/homomorphic/linear-regression'; authorize('admin'; 'editor'); asyncHandler(acosController.performEncryptedLinearRegression));,AUTH_MOUNT_VERIFIED,N/A,router.post('/homomorphic/linear-regression'; authorize('admin'; 'editor'); asyncHandler(acosController.performEncryptedLinearRegression));,2026-05-28T22:30:00Z,session7_subagents_1-20,session7
249,server/src/routes/acos.ts,289,router.post('/homomorphic/statistics'; authorize('admin'; 'editor'); asyncHandler(acosController.computeEncryptedStatistics));,AUTH_MOUNT_VERIFIED,N/A,router.post('/homomorphic/statistics'; authorize('admin'; 'editor'); asyncHandler(acosController.computeEncryptedStatistics));,2026-05-28T22:30:00Z,session7_subagents_1-20,session7
250,server/src/routes/acos.ts,290,router.post('/homomorphic/neural-network'; authorize('admin'; 'editor'); asyncHandler(acosController.performEncryptedNeuralNetwork));,AUTH_MOUNT_VERIFIED,N/A,router.post('/homomorphic/neural-network'; authorize('admin'; 'editor'); asyncHandler(acosController.performEncryptedNeuralNetwork));,2026-05-28T22:30:00Z,session7_subagents_1-20,session7
251,server/src/routes/dpo.ts,40,router.get(,AUTH_MOUNT_VERIFIED,N/A,router.get(,2026-05-28T22:30:00Z,session7_subagents_1-20,session7
252,server/src/routes/dpo.ts,66,router.post(,AUTH_MOUNT_VERIFIED,N/A,router.post(,2026-05-28T22:30:00Z,session7_subagents_1-20,session7
253,server/src/routes/dpo.ts,116,router.patch(,AUTH_MOUNT_VERIFIED,N/A,router.patch(,2026-05-28T22:30:00Z,session7_subagents_1-20,session7
254,server/src/routes/dpo.ts,159,router.delete(,AUTH_MOUNT_VERIFIED,N/A,router.delete(,2026-05-28T22:30:00Z,session7_subagents_1-20,session7
255,server/src/routes/dpo.ts,204,router.get(,AUTH_MOUNT_VERIFIED,N/A,router.get(,2026-05-28T22:30:00Z,session7_subagents_1-20,session7
256,server/src/routes/dpo.ts,232,router.post(,AUTH_MOUNT_VERIFIED,N/A,router.post(,2026-05-28T22:30:00Z,session7_subagents_1-20,session7
257,server/src/routes/dpo.ts,285,router.patch(,AUTH_MOUNT_VERIFIED,N/A,router.patch(,2026-05-28T22:30:00Z,session7_subagents_1-20,session7
258,server/src/routes/dpo.ts,340,router.delete(,AUTH_MOUNT_VERIFIED,N/A,router.delete(,2026-05-28T22:30:00Z,session7_subagents_1-20,session7
259,server/src/routes/dpo.ts,382,router.get(,AUTH_MOUNT_VERIFIED,N/A,router.get(,2026-05-28T22:30:00Z,session7_subagents_1-20,session7
260,server/src/routes/dpo.ts,419,router.post(,AUTH_MOUNT_VERIFIED,N/A,router.post(,2026-05-28T22:30:00Z,session7_subagents_1-20,session7
261,server/src/routes/dpo.ts,470,router.get(,AUTH_MOUNT_VERIFIED,N/A,router.get(,2026-05-28T22:30:00Z,session7_subagents_1-20,session7
262,server/src/routes/hipaa.ts,35,router.get(,AUTH_MOUNT_VERIFIED,N/A,router.get(,2026-05-28T22:30:00Z,session7_subagents_1-20,session7
263,server/src/routes/hipaa.ts,45,router.post(,AUTH_MOUNT_VERIFIED,N/A,router.post(,2026-05-28T22:30:00Z,session7_subagents_1-20,session7
264,server/src/routes/hipaa.ts,59,router.get(,AUTH_MOUNT_VERIFIED,N/A,router.get(,2026-05-28T22:30:00Z,session7_subagents_1-20,session7
265,server/src/routes/hipaa.ts,71,router.get(,AUTH_MOUNT_VERIFIED,N/A,router.get(,2026-05-28T22:30:00Z,session7_subagents_1-20,session7
266,server/src/routes/hipaa.ts,81,router.post(,AUTH_MOUNT_VERIFIED,N/A,router.post(,2026-05-28T22:30:00Z,session7_subagents_1-20,session7
267,server/src/routes/hipaa.ts,95,router.delete(,AUTH_MOUNT_VERIFIED,N/A,router.delete(,2026-05-28T22:30:00Z,session7_subagents_1-20,session7
268,server/src/routes/hipaa.ts,110,router.get(,AUTH_MOUNT_VERIFIED,N/A,router.get(,2026-05-28T22:30:00Z,session7_subagents_1-20,session7
269,server/src/routes/hipaa.ts,121,router.post(,AUTH_MOUNT_VERIFIED,N/A,router.post(,2026-05-28T22:30:00Z,session7_subagents_1-20,session7
270,server/src/routes/hipaa.ts,135,router.get(,AUTH_MOUNT_VERIFIED,N/A,router.get(,2026-05-28T22:30:00Z,session7_subagents_1-20,session7
271,server/src/routes/hipaa.ts,147,router.patch(,AUTH_MOUNT_VERIFIED,N/A,router.patch(,2026-05-28T22:30:00Z,session7_subagents_1-20,session7
272,server/src/routes/hipaa.ts,162,router.get(,AUTH_MOUNT_VERIFIED,N/A,router.get(,2026-05-28T22:30:00Z,session7_subagents_1-20,session7
273,server/src/routes/hipaa.ts,173,router.post(,AUTH_MOUNT_VERIFIED,N/A,router.post(,2026-05-28T22:30:00Z,session7_subagents_1-20,session7
274,server/src/routes/hipaa.ts,187,router.get(,AUTH_MOUNT_VERIFIED,N/A,router.get(,2026-05-28T22:30:00Z,session7_subagents_1-20,session7
275,server/src/routes/hipaa.ts,196,router.post(,AUTH_MOUNT_VERIFIED,N/A,router.post(,2026-05-28T22:30:00Z,session7_subagents_1-20,session7
276,server/src/routes/hipaa.ts,213,router.get(,AUTH_MOUNT_VERIFIED,N/A,router.get(,2026-05-28T22:30:00Z,session7_subagents_1-20,session7
277,server/src/routes/incidents.ts,37,router.get(,AUTH_MOUNT_VERIFIED,N/A,router.get(,2026-05-28T22:30:00Z,session7_subagents_1-20,session7
278,server/src/routes/incidents.ts,122,router.get(,AUTH_MOUNT_VERIFIED,N/A,router.get(,2026-05-28T22:30:00Z,session7_subagents_1-20,session7
279,server/src/routes/incidents.ts,178,router.get(,AUTH_MOUNT_VERIFIED,N/A,router.get(,2026-05-28T22:30:00Z,session7_subagents_1-20,session7
280,server/src/routes/incidents.ts,207,router.post(,AUTH_MOUNT_VERIFIED,N/A,router.post(,2026-05-28T22:30:00Z,session7_subagents_1-20,session7
281,server/src/routes/incidents.ts,268,router.patch(,AUTH_MOUNT_VERIFIED,N/A,router.patch(,2026-05-28T22:30:00Z,session7_subagents_1-20,session7
282,server/src/routes/incidents.ts,337,router.delete(,AUTH_MOUNT_VERIFIED,N/A,router.delete(,2026-05-28T22:30:00Z,session7_subagents_1-20,session7
283,server/src/routes/incidents.ts,384,router.get(,AUTH_MOUNT_VERIFIED,N/A,router.get(,2026-05-28T22:30:00Z,session7_subagents_1-20,session7
284,server/src/routes/incidents.ts,415,router.post(,AUTH_MOUNT_VERIFIED,N/A,router.post(,2026-05-28T22:30:00Z,session7_subagents_1-20,session7
285,server/src/routes/incidents.ts,453,router.post(,AUTH_MOUNT_VERIFIED,N/A,router.post(,2026-05-28T22:30:00Z,session7_subagents_1-20,session7
286,server/src/routes/incidents.ts,492,router.patch(,AUTH_MOUNT_VERIFIED,N/A,router.patch(,2026-05-28T22:30:00Z,session7_subagents_1-20,session7
287,server/src/routes/integrations.ts,29,router.get(,AUTH_PER_ROUTE_VERIFIED,N/A,router.get(,2026-05-28T22:30:00Z,session7_subagents_1-20,session7
288,server/src/routes/integrations.ts,37,router.get('/google/callback'; asyncHandler(integrationsController.callbackGoogle));,PUBLIC_INTENTIONAL,N/A,router.get('/google/callback'; asyncHandler(integrationsController.callbackGoogle));,2026-05-28T22:30:00Z,session7_subagents_1-20,session7
289,server/src/routes/integrations.ts,40,router.post(,AUTH_PER_ROUTE_VERIFIED,N/A,router.post(,2026-05-28T22:30:00Z,session7_subagents_1-20,session7
290,server/src/routes/integrations.ts,48,router.delete(,AUTH_PER_ROUTE_VERIFIED,N/A,router.delete(,2026-05-28T22:30:00Z,session7_subagents_1-20,session7
291,server/src/routes/integrations.ts,59,router.get(,AUTH_PER_ROUTE_VERIFIED,N/A,router.get(,2026-05-28T22:30:00Z,session7_subagents_1-20,session7
292,server/src/routes/integrations.ts,66,router.get('/github/callback'; asyncHandler(integrationsController.callbackGitHub));,PUBLIC_INTENTIONAL,N/A,router.get('/github/callback'; asyncHandler(integrationsController.callbackGitHub));,2026-05-28T22:30:00Z,session7_subagents_1-20,session7
293,server/src/routes/integrations.ts,68,router.post(,AUTH_PER_ROUTE_VERIFIED,N/A,router.post(,2026-05-28T22:30:00Z,session7_subagents_1-20,session7
294,server/src/routes/integrations.ts,75,router.delete(,AUTH_PER_ROUTE_VERIFIED,N/A,router.delete(,2026-05-28T22:30:00Z,session7_subagents_1-20,session7
295,server/src/routes/integrations.ts,86,router.get(,AUTH_PER_ROUTE_VERIFIED,N/A,router.get(,2026-05-28T22:30:00Z,session7_subagents_1-20,session7
296,server/src/routes/integrations.ts,93,router.get('/slack/callback'; asyncHandler(integrationsController.callbackSlack));,PUBLIC_INTENTIONAL,N/A,router.get('/slack/callback'; asyncHandler(integrationsController.callbackSlack));,2026-05-28T22:30:00Z,session7_subagents_1-20,session7
297,server/src/routes/integrations.ts,95,router.post(,AUTH_PER_ROUTE_VERIFIED,N/A,router.post(,2026-05-28T22:30:00Z,session7_subagents_1-20,session7
298,server/src/routes/integrations.ts,102,router.post(,AUTH_PER_ROUTE_VERIFIED,N/A,router.post(,2026-05-28T22:30:00Z,session7_subagents_1-20,session7
299,server/src/routes/integrations.ts,110,router.delete(,AUTH_PER_ROUTE_VERIFIED,N/A,router.delete(,2026-05-28T22:30:00Z,session7_subagents_1-20,session7
300,server/src/routes/integrations.ts,121,router.get(,AUTH_PER_ROUTE_VERIFIED,N/A,router.get(,2026-05-28T22:30:00Z,session7_subagents_1-20,session7
301,server/src/routes/integrations.ts,128,router.get('/jira/callback'; asyncHandler(integrationsController.callbackJira));,PUBLIC_INTENTIONAL,N/A,router.get('/jira/callback'; asyncHandler(integrationsController.callbackJira));,2026-05-28T22:30:00Z,session7_subagents_1-20,session7
302,server/src/routes/integrations.ts,130,router.post(,AUTH_PER_ROUTE_VERIFIED,N/A,router.post(,2026-05-28T22:30:00Z,session7_subagents_1-20,session7
303,server/src/routes/integrations.ts,137,router.post(,AUTH_PER_ROUTE_VERIFIED,N/A,router.post(,2026-05-28T22:30:00Z,session7_subagents_1-20,session7
304,server/src/routes/integrations.ts,145,router.delete(,AUTH_PER_ROUTE_VERIFIED,N/A,router.delete(,2026-05-28T22:30:00Z,session7_subagents_1-20,session7
305,server/src/routes/integrations.ts,156,router.post(,AUTH_PER_ROUTE_VERIFIED,N/A,router.post(,2026-05-28T22:30:00Z,session7_subagents_1-20,session7
306,server/src/routes/integrations.ts,164,router.post(,AUTH_PER_ROUTE_VERIFIED,N/A,router.post(,2026-05-28T22:30:00Z,session7_subagents_1-20,session7
307,server/src/routes/integrations.ts,171,router.delete(,AUTH_PER_ROUTE_VERIFIED,N/A,router.delete(,2026-05-28T22:30:00Z,session7_subagents_1-20,session7
308,server/src/routes/integrations.ts,182,router.post(,AUTH_PER_ROUTE_VERIFIED,N/A,router.post(,2026-05-28T22:30:00Z,session7_subagents_1-20,session7
309,server/src/routes/integrations.ts,190,router.post(,AUTH_PER_ROUTE_VERIFIED,N/A,router.post(,2026-05-28T22:30:00Z,session7_subagents_1-20,session7
310,server/src/routes/integrations.ts,197,router.delete(,AUTH_PER_ROUTE_VERIFIED,N/A,router.delete(,2026-05-28T22:30:00Z,session7_subagents_1-20,session7
311,server/src/routes/integrations.ts,205,router.post(,AUTH_PER_ROUTE_VERIFIED,N/A,router.post(,2026-05-28T22:30:00Z,session7_subagents_1-20,session7
312,server/src/routes/integrations.ts,213,router.get(,AUTH_PER_ROUTE_VERIFIED,N/A,router.get(,2026-05-28T22:30:00Z,session7_subagents_1-20,session7
313,server/src/routes/integrations.ts,220,router.get(,AUTH_PER_ROUTE_VERIFIED,N/A,router.get(,2026-05-28T22:30:00Z,session7_subagents_1-20,session7
314,server/src/routes/integrations.ts,227,router.get(,AUTH_PER_ROUTE_VERIFIED,N/A,router.get(,2026-05-28T22:30:00Z,session7_subagents_1-20,session7
315,server/src/routes/integrations.ts,234,router.get(,AUTH_PER_ROUTE_VERIFIED,N/A,router.get(,2026-05-28T22:30:00Z,session7_subagents_1-20,session7
316,server/src/routes/integrations.ts,241,router.get(,AUTH_PER_ROUTE_VERIFIED,N/A,router.get(,2026-05-28T22:30:00Z,session7_subagents_1-20,session7
317,server/src/routes/integrations.ts,248,router.get(,AUTH_PER_ROUTE_VERIFIED,N/A,router.get(,2026-05-28T22:30:00Z,session7_subagents_1-20,session7
318,server/src/routes/integrations.ts,255,router.get(,AUTH_PER_ROUTE_VERIFIED,N/A,router.get(,2026-05-28T22:30:00Z,session7_subagents_1-20,session7
319,server/src/routes/integrations.ts,266,router.post(,AUTH_PER_ROUTE_VERIFIED,N/A,router.post(,2026-05-28T22:30:00Z,session7_subagents_1-20,session7
320,server/src/routes/integrations.ts,274,router.post(,AUTH_PER_ROUTE_VERIFIED,N/A,router.post(,2026-05-28T22:30:00Z,session7_subagents_1-20,session7
321,server/src/routes/integrations.ts,283,router.post(,AUTH_PER_ROUTE_VERIFIED,N/A,router.post(,2026-05-28T22:30:00Z,session7_subagents_1-20,session7
322,server/src/routes/integrations.ts,291,router.get(,AUTH_PER_ROUTE_VERIFIED,N/A,router.get(,2026-05-28T22:30:00Z,session7_subagents_1-20,session7
323,server/src/routes/integrations.ts,302,router.get(,AUTH_PER_ROUTE_VERIFIED,N/A,router.get(,2026-05-28T22:30:00Z,session7_subagents_1-20,session7
324,server/src/routes/integrations.ts,309,router.get(,AUTH_PER_ROUTE_VERIFIED,N/A,router.get(,2026-05-28T22:30:00Z,session7_subagents_1-20,session7
325,server/src/routes/integrations.ts,316,router.post(,AUTH_PER_ROUTE_VERIFIED,N/A,router.post(,2026-05-28T22:30:00Z,session7_subagents_1-20,session7
326,server/src/routes/integrations.ts,326,router.get(,AUTH_PER_ROUTE_VERIFIED,N/A,router.get(,2026-05-28T22:30:00Z,session7_subagents_1-20,session7
327,server/src/routes/integrations.ts,334,router.post(,AUTH_PER_ROUTE_VERIFIED,N/A,router.post(,2026-05-28T22:30:00Z,session7_subagents_1-20,session7
328,server/src/routes/integrations.ts,343,router.delete(,AUTH_PER_ROUTE_VERIFIED,N/A,router.delete(,2026-05-28T22:30:00Z,session7_subagents_1-20,session7
329,server/src/routes/maturity.ts,36,router.get(,AUTH_MOUNT_VERIFIED,N/A,router.get(,2026-05-28T22:30:00Z,session7_subagents_1-20,session7
330,server/src/routes/maturity.ts,66,router.get(,AUTH_MOUNT_VERIFIED,N/A,router.get(,2026-05-28T22:30:00Z,session7_subagents_1-20,session7
331,server/src/routes/maturity.ts,128,router.get(,AUTH_MOUNT_VERIFIED,N/A,router.get(,2026-05-28T22:30:00Z,session7_subagents_1-20,session7
332,server/src/routes/maturity.ts,172,router.get(,AUTH_MOUNT_VERIFIED,N/A,router.get(,2026-05-28T22:30:00Z,session7_subagents_1-20,session7
333,server/src/routes/maturity.ts,201,router.post(,AUTH_MOUNT_VERIFIED,N/A,router.post(,2026-05-28T22:30:00Z,session7_subagents_1-20,session7
334,server/src/routes/maturity.ts,272,router.post(,AUTH_MOUNT_VERIFIED,N/A,router.post(,2026-05-28T22:30:00Z,session7_subagents_1-20,session7
335,server/src/routes/controlEffectiveness.ts,42,router.get(,AUTH_MOUNT_VERIFIED,N/A,router.get(,2026-05-28T22:30:00Z,session7_subagents_1-20,session7
336,server/src/routes/controlEffectiveness.ts,125,router.get(,AUTH_MOUNT_VERIFIED,N/A,router.get(,2026-05-28T22:30:00Z,session7_subagents_1-20,session7
337,server/src/routes/controlEffectiveness.ts,207,router.get(,AUTH_MOUNT_VERIFIED,N/A,router.get(,2026-05-28T22:30:00Z,session7_subagents_1-20,session7
338,server/src/routes/controlEffectiveness.ts,285,router.get(,AUTH_MOUNT_VERIFIED,N/A,router.get(,2026-05-28T22:30:00Z,session7_subagents_1-20,session7
339,server/src/routes/controlEffectiveness.ts,341,router.get(,AUTH_MOUNT_VERIFIED,N/A,router.get(,2026-05-28T22:30:00Z,session7_subagents_1-20,session7
340,server/src/routes/controlEffectiveness.ts,393,router.post(,AUTH_MOUNT_VERIFIED,N/A,router.post(,2026-05-28T22:30:00Z,session7_subagents_1-20,session7
341,server/src/routes/demo.ts,31,router.post('/request'; validateBody(submitDemoRequestSchema); asyncHandler(demoController.submitDemoRequest.bind(demoController)));,PUBLIC_INTENTIONAL,N/A,router.post('/request'; validateBody(submitDemoRequestSchema); asyncHandler(demoController.submitDemoRequest.bind(demoController)));,2026-05-28T22:30:00Z,session7_subagents_1-20,session7
342,server/src/routes/demo.ts,42,router.get(,AUTH_PER_ROUTE_VERIFIED,N/A,router.get(,2026-05-28T22:30:00Z,session7_subagents_1-20,session7
343,server/src/routes/demo.ts,54,router.get(,AUTH_PER_ROUTE_VERIFIED,N/A,router.get(,2026-05-28T22:30:00Z,session7_subagents_1-20,session7
344,server/src/routes/demo.ts,66,router.get(,AUTH_PER_ROUTE_VERIFIED,N/A,router.get(,2026-05-28T22:30:00Z,session7_subagents_1-20,session7
345,server/src/routes/demo.ts,78,router.get(,AUTH_PER_ROUTE_VERIFIED,N/A,router.get(,2026-05-28T22:30:00Z,session7_subagents_1-20,session7
346,server/src/routes/demo.ts,90,router.patch(,AUTH_PER_ROUTE_VERIFIED,N/A,router.patch(,2026-05-28T22:30:00Z,session7_subagents_1-20,session7
347,server/src/routes/demo.ts,103,router.put(,AUTH_PER_ROUTE_VERIFIED,N/A,router.put(,2026-05-28T22:30:00Z,session7_subagents_1-20,session7
348,server/src/routes/demo.ts,116,router.post(,AUTH_PER_ROUTE_VERIFIED,N/A,router.post(,2026-05-28T22:30:00Z,session7_subagents_1-20,session7
349,server/src/routes/demo.ts,129,router.post(,AUTH_PER_ROUTE_VERIFIED,N/A,router.post(,2026-05-28T22:30:00Z,session7_subagents_1-20,session7
350,server/src/routes/demo.ts,142,router.delete(,AUTH_PER_ROUTE_VERIFIED,N/A,router.delete(,2026-05-28T22:30:00Z,session7_subagents_1-20,session7
351,server/src/routes/controlMappings.ts,12,router.post('/'; authorize('admin'; 'editor'); validateBody(createControlMappingSchema); asyncHandler(controlMappingsController.createMapping.bind(controlMappingsController)));,AUTH_MOUNT_VERIFIED,N/A,router.post('/'; authorize('admin'; 'editor'); validateBody(createControlMappingSchema); asyncHandler(controlMappingsController.createMapping.bind(controlMappingsController)));,2026-05-28T22:30:00Z,session7_subagents_1-20,session7
352,server/src/routes/controlMappings.ts,13,router.get('/'; authenticate; asyncHandler(controlMappingsController.listAllMappings.bind(controlMappingsController)));,AUTH_MOUNT_VERIFIED,N/A,router.get('/'; authenticate; asyncHandler(controlMappingsController.listAllMappings.bind(controlMappingsController)));,2026-05-28T22:30:00Z,session7_subagents_1-20,session7
353,server/src/routes/controlMappings.ts,14,router.get('/control/:controlId'; authenticate; asyncHandler(controlMappingsController.getMappings.bind(controlMappingsController)));,AUTH_MOUNT_VERIFIED,N/A,router.get('/control/:controlId'; authenticate; asyncHandler(controlMappingsController.getMappings.bind(controlMappingsController)));,2026-05-28T22:30:00Z,session7_subagents_1-20,session7
354,server/src/routes/controlMappings.ts,15,router.patch('/:mappingId'; authorize('admin'; 'editor'); validateBody(updateControlMappingSchema); asyncHandler(controlMappingsController.updateMapping.bind(controlMappingsController)));,AUTH_MOUNT_VERIFIED,N/A,router.patch('/:mappingId'; authorize('admin'; 'editor'); validateBody(updateControlMappingSchema); asyncHandler(controlMappingsController.updateMapping.bind(controlMappingsController)));,2026-05-28T22:30:00Z,session7_subagents_1-20,session7
355,server/src/routes/controlMappings.ts,16,router.delete('/:mappingId'; authorize('admin'; 'editor'); asyncHandler(controlMappingsController.deleteMapping.bind(controlMappingsController)));,AUTH_MOUNT_VERIFIED,N/A,router.delete('/:mappingId'; authorize('admin'; 'editor'); asyncHandler(controlMappingsController.deleteMapping.bind(controlMappingsController)));,2026-05-28T22:30:00Z,session7_subagents_1-20,session7
356,server/src/routes/controlMappings.ts,17,router.get('/export/csv'; authenticate; asyncHandler(controlMappingsController.exportMappings.bind(controlMappingsController)));,AUTH_MOUNT_VERIFIED,N/A,router.get('/export/csv'; authenticate; asyncHandler(controlMappingsController.exportMappings.bind(controlMappingsController)));,2026-05-28T22:30:00Z,session7_subagents_1-20,session7
357,server/src/routes/aiRmf.ts,19,router.post('/systems'; authorize('admin'; 'editor'); validateBody(createAISystemSchema); asyncHandler(aiRmfController.createAISystem.bind(aiRmfController)));,AUTH_MOUNT_VERIFIED,N/A,router.post('/systems'; authorize('admin'; 'editor'); validateBody(createAISystemSchema); asyncHandler(aiRmfController.createAISystem.bind(aiRmfController)));,2026-05-28T22:30:00Z,session7_subagents_1-20,session7
358,server/src/routes/aiRmf.ts,20,router.get('/systems'; asyncHandler(aiRmfController.getAISystems.bind(aiRmfController)));,AUTH_MOUNT_VERIFIED,N/A,router.get('/systems'; asyncHandler(aiRmfController.getAISystems.bind(aiRmfController)));,2026-05-28T22:30:00Z,session7_subagents_1-20,session7
359,server/src/routes/aiRmf.ts,21,router.get('/systems/:id'; asyncHandler(aiRmfController.getAISystemById.bind(aiRmfController)));,AUTH_MOUNT_VERIFIED,N/A,router.get('/systems/:id'; asyncHandler(aiRmfController.getAISystemById.bind(aiRmfController)));,2026-05-28T22:30:00Z,session7_subagents_1-20,session7
360,server/src/routes/aiRmf.ts,22,router.patch('/systems/:id'; authorize('admin'; 'editor'); validateBody(updateAISystemSchema); asyncHandler(aiRmfController.updateAISystem.bind(aiRmfController)));,AUTH_MOUNT_VERIFIED,N/A,router.patch('/systems/:id'; authorize('admin'; 'editor'); validateBody(updateAISystemSchema); asyncHandler(aiRmfController.updateAISystem.bind(aiRmfController)));,2026-05-28T22:30:00Z,session7_subagents_1-20,session7
361,server/src/routes/aiRmf.ts,23,router.delete('/systems/:id'; authorize('admin'); asyncHandler(aiRmfController.deleteAISystem.bind(aiRmfController)));,AUTH_MOUNT_VERIFIED,N/A,router.delete('/systems/:id'; authorize('admin'); asyncHandler(aiRmfController.deleteAISystem.bind(aiRmfController)));,2026-05-28T22:30:00Z,session7_subagents_1-20,session7
362,server/src/routes/aiRmf.ts,29,router.patch('/systems/:aiSystemId/functions/:functionName'; authorize('admin'; 'editor'); asyncHandler(aiRmfController.updateCoreFunction.bind(aiRmfController)));,AUTH_MOUNT_VERIFIED,N/A,router.patch('/systems/:aiSystemId/functions/:functionName'; authorize('admin'; 'editor'); asyncHandler(aiRmfController.updateCoreFunction.bind(aiRmfController)));,2026-05-28T22:30:00Z,session7_subagents_1-20,session7
363,server/src/routes/aiRmf.ts,35,router.patch('/categories/:categoryId'; authorize('admin'; 'editor'); asyncHandler(aiRmfController.updateCategory.bind(aiRmfController)));,AUTH_MOUNT_VERIFIED,N/A,router.patch('/categories/:categoryId'; authorize('admin'; 'editor'); asyncHandler(aiRmfController.updateCategory.bind(aiRmfController)));,2026-05-28T22:30:00Z,session7_subagents_1-20,session7
364,server/src/routes/aiRmf.ts,36,router.patch('/subcategories/:subcategoryId'; authorize('admin'; 'editor'); asyncHandler(aiRmfController.updateSubcategory.bind(aiRmfController)));,AUTH_MOUNT_VERIFIED,N/A,router.patch('/subcategories/:subcategoryId'; authorize('admin'; 'editor'); asyncHandler(aiRmfController.updateSubcategory.bind(aiRmfController)));,2026-05-28T22:30:00Z,session7_subagents_1-20,session7
365,server/src/routes/aiRmf.ts,42,router.patch('/systems/:aiSystemId/trustworthiness/:characteristic'; authorize('admin'; 'editor'); asyncHandler(aiRmfController.updateTrustworthinessCharacteristic.bind(aiRmfController)));,AUTH_MOUNT_VERIFIED,N/A,router.patch('/systems/:aiSystemId/trustworthiness/:characteristic'; authorize('admin'; 'editor'); asyncHandler(aiRmfController.updateTrustworthinessCharacteristic.bind(aiRmfController)));,2026-05-28T22:30:00Z,session7_subagents_1-20,session7
366,server/src/routes/aiRmf.ts,48,router.patch('/systems/:aiSystemId/lifecycle/:stage'; authorize('admin'; 'editor'); asyncHandler(aiRmfController.updateLifecycleStage.bind(aiRmfController)));,AUTH_MOUNT_VERIFIED,N/A,router.patch('/systems/:aiSystemId/lifecycle/:stage'; authorize('admin'; 'editor'); asyncHandler(aiRmfController.updateLifecycleStage.bind(aiRmfController)));,2026-05-28T22:30:00Z,session7_subagents_1-20,session7
367,server/src/routes/aiRmf.ts,54,router.post('/systems/:aiSystemId/actors'; authorize('admin'; 'editor'); asyncHandler(aiRmfController.addActor.bind(aiRmfController)));,AUTH_MOUNT_VERIFIED,N/A,router.post('/systems/:aiSystemId/actors'; authorize('admin'; 'editor'); asyncHandler(aiRmfController.addActor.bind(aiRmfController)));,2026-05-28T22:30:00Z,session7_subagents_1-20,session7
368,server/src/routes/aiRmf.ts,55,router.delete('/actors/:actorId'; authorize('admin'; 'editor'); asyncHandler(aiRmfController.removeActor.bind(aiRmfController)));,AUTH_MOUNT_VERIFIED,N/A,router.delete('/actors/:actorId'; authorize('admin'; 'editor'); asyncHandler(aiRmfController.removeActor.bind(aiRmfController)));,2026-05-28T22:30:00Z,session7_subagents_1-20,session7
369,server/src/routes/aiRmf.ts,61,router.post('/systems/:aiSystemId/assessments'; authorize('admin'; 'editor'); asyncHandler(aiRmfController.createAssessment.bind(aiRmfController)));,AUTH_MOUNT_VERIFIED,N/A,router.post('/systems/:aiSystemId/assessments'; authorize('admin'; 'editor'); asyncHandler(aiRmfController.createAssessment.bind(aiRmfController)));,2026-05-28T22:30:00Z,session7_subagents_1-20,session7
370,server/src/routes/aiRmf.ts,62,router.get('/systems/:aiSystemId/assessments'; asyncHandler(aiRmfController.getAssessments.bind(aiRmfController)));,AUTH_MOUNT_VERIFIED,N/A,router.get('/systems/:aiSystemId/assessments'; asyncHandler(aiRmfController.getAssessments.bind(aiRmfController)));,2026-05-28T22:30:00Z,session7_subagents_1-20,session7
371,server/src/routes/aiRmf.ts,63,router.delete('/assessments/:assessmentId'; authorize('admin'; 'editor'); asyncHandler(aiRmfController.deleteAssessment.bind(aiRmfController)));,AUTH_MOUNT_VERIFIED,N/A,router.delete('/assessments/:assessmentId'; authorize('admin'; 'editor'); asyncHandler(aiRmfController.deleteAssessment.bind(aiRmfController)));,2026-05-28T22:30:00Z,session7_subagents_1-20,session7
372,server/src/routes/aiRmf.ts,69,router.post('/systems/:aiSystemId/profiles'; authorize('admin'; 'editor'); asyncHandler(aiRmfController.createProfile.bind(aiRmfController)));,AUTH_MOUNT_VERIFIED,N/A,router.post('/systems/:aiSystemId/profiles'; authorize('admin'; 'editor'); asyncHandler(aiRmfController.createProfile.bind(aiRmfController)));,2026-05-28T22:30:00Z,session7_subagents_1-20,session7
373,server/src/routes/aiRmf.ts,75,router.post('/systems/:aiSystemId/risk-activities'; authorize('admin'; 'editor'); asyncHandler(aiRmfController.createRiskActivity.bind(aiRmfController)));,AUTH_MOUNT_VERIFIED,N/A,router.post('/systems/:aiSystemId/risk-activities'; authorize('admin'; 'editor'); asyncHandler(aiRmfController.createRiskActivity.bind(aiRmfController)));,2026-05-28T22:30:00Z,session7_subagents_1-20,session7
374,server/src/routes/aiRmf.ts,76,router.patch('/risk-activities/:riskActivityId'; authorize('admin'; 'editor'); asyncHandler(aiRmfController.updateRiskActivity.bind(aiRmfController)));,AUTH_MOUNT_VERIFIED,N/A,router.patch('/risk-activities/:riskActivityId'; authorize('admin'; 'editor'); asyncHandler(aiRmfController.updateRiskActivity.bind(aiRmfController)));,2026-05-28T22:30:00Z,session7_subagents_1-20,session7
375,server/src/routes/aiRmf.ts,82,router.post('/systems/:aiSystemId/calculate-trustworthiness'; authorize('admin'; 'editor'); asyncHandler(aiRmfController.calculateTrustworthinessScore.bind(aiRmfController)));,AUTH_MOUNT_VERIFIED,N/A,router.post('/systems/:aiSystemId/calculate-trustworthiness'; authorize('admin'; 'editor'); asyncHandler(aiRmfController.calculateTrustworthinessScore.bind(aiRmfController)));,2026-05-28T22:30:00Z,session7_subagents_1-20,session7
376,server/src/routes/aiRmf.ts,83,router.get('/dashboard'; asyncHandler(aiRmfController.getDashboardData.bind(aiRmfController)));,AUTH_MOUNT_VERIFIED,N/A,router.get('/dashboard'; asyncHandler(aiRmfController.getDashboardData.bind(aiRmfController)));,2026-05-28T22:30:00Z,session7_subagents_1-20,session7
377,server/src/routes/soc2.ts,41,router.get(,AUTH_MOUNT_VERIFIED,N/A,router.get(,2026-05-28T22:30:00Z,session7_subagents_1-20,session7
378,server/src/routes/soc2.ts,51,router.post(,AUTH_MOUNT_VERIFIED,N/A,router.post(,2026-05-28T22:30:00Z,session7_subagents_1-20,session7
379,server/src/routes/soc2.ts,65,router.patch(,AUTH_MOUNT_VERIFIED,N/A,router.patch(,2026-05-28T22:30:00Z,session7_subagents_1-20,session7
380,server/src/routes/soc2.ts,80,router.get(,AUTH_MOUNT_VERIFIED,N/A,router.get(,2026-05-28T22:30:00Z,session7_subagents_1-20,session7
381,server/src/routes/soc2.ts,90,router.get(,AUTH_MOUNT_VERIFIED,N/A,router.get(,2026-05-28T22:30:00Z,session7_subagents_1-20,session7
382,server/src/routes/soc2.ts,98,router.post(,AUTH_MOUNT_VERIFIED,N/A,router.post(,2026-05-28T22:30:00Z,session7_subagents_1-20,session7
383,server/src/routes/soc2.ts,113,router.post(,AUTH_MOUNT_VERIFIED,N/A,router.post(,2026-05-28T22:30:00Z,session7_subagents_1-20,session7
384,server/src/routes/soc2.ts,127,router.patch(,AUTH_MOUNT_VERIFIED,N/A,router.patch(,2026-05-28T22:30:00Z,session7_subagents_1-20,session7
385,server/src/routes/soc2.ts,160,router.post(,AUTH_MOUNT_VERIFIED,N/A,router.post(,2026-05-28T22:30:00Z,session7_subagents_1-20,session7
386,server/src/routes/soc2.ts,182,router.get(,AUTH_MOUNT_VERIFIED,N/A,router.get(,2026-05-28T22:30:00Z,session7_subagents_1-20,session7
387,server/src/routes/soc2.ts,209,router.post(,AUTH_MOUNT_VERIFIED,N/A,router.post(,2026-05-28T22:30:00Z,session7_subagents_1-20,session7
388,server/src/routes/soc2.ts,223,router.post(,AUTH_MOUNT_VERIFIED,N/A,router.post(,2026-05-28T22:30:00Z,session7_subagents_1-20,session7
389,server/src/routes/soc2.ts,236,router.get(,AUTH_MOUNT_VERIFIED,N/A,router.get(,2026-05-28T22:30:00Z,session7_subagents_1-20,session7
390,server/src/routes/soc2.ts,250,router.post(,AUTH_MOUNT_VERIFIED,N/A,router.post(,2026-05-28T22:30:00Z,session7_subagents_1-20,session7
391,server/src/routes/soc2.ts,264,router.patch(,AUTH_MOUNT_VERIFIED,N/A,router.patch(,2026-05-28T22:30:00Z,session7_subagents_1-20,session7
392,server/src/routes/soc2.ts,289,router.get(,AUTH_MOUNT_VERIFIED,N/A,router.get(,2026-05-28T22:30:00Z,session7_subagents_1-20,session7
393,server/src/routes/soc2.ts,303,router.post(,AUTH_MOUNT_VERIFIED,N/A,router.post(,2026-05-28T22:30:00Z,session7_subagents_1-20,session7
394,server/src/routes/soc2.ts,317,router.get(,AUTH_MOUNT_VERIFIED,N/A,router.get(,2026-05-28T22:30:00Z,session7_subagents_1-20,session7
395,server/src/routes/soc2.ts,329,router.post(,AUTH_MOUNT_VERIFIED,N/A,router.post(,2026-05-28T22:30:00Z,session7_subagents_1-20,session7
396,server/src/routes/webhooks.ts,126,router.get('/event-types'; asyncHandler(webhookController.getEventTypes.bind(webhookController)));,PUBLIC_INTENTIONAL,N/A,router.get('/event-types'; asyncHandler(webhookController.getEventTypes.bind(webhookController)));,2026-05-28T22:30:00Z,session7_subagents_1-20,session7
397,server/src/routes/webhooks.ts,172,router.post(,WEBHOOK_HMAC_VERIFIED,N/A,router.post(,2026-05-28T22:30:00Z,session7_subagents_1-20,session7
398,server/src/routes/webhooks.ts,184,router.get(,AUTH_PER_ROUTE_VERIFIED,N/A,router.get(,2026-05-28T22:30:00Z,session7_subagents_1-20,session7
399,server/src/routes/webhooks.ts,191,router.post(,AUTH_PER_ROUTE_VERIFIED,N/A,router.post(,2026-05-28T22:30:00Z,session7_subagents_1-20,session7
400,server/src/routes/webhooks.ts,200,router.delete(,AUTH_PER_ROUTE_VERIFIED,N/A,router.delete(,2026-05-28T22:30:00Z,session7_subagents_1-20,session7
401,server/src/routes/webhooks.ts,208,router.get(,AUTH_PER_ROUTE_VERIFIED,N/A,router.get(,2026-05-28T22:30:00Z,session7_subagents_1-20,session7
402,server/src/routes/webhooks.ts,239,router.get('/'; asyncHandler(webhookController.getWebhooks.bind(webhookController)));,AUTH_MOUNT_VERIFIED,N/A,router.get('/'; asyncHandler(webhookController.getWebhooks.bind(webhookController)));,2026-05-28T22:30:00Z,session7_subagents_1-20,session7
403,server/src/routes/webhooks.ts,242,router.get('/:webhookId'; asyncHandler(webhookController.getWebhook.bind(webhookController)));,AUTH_MOUNT_VERIFIED,N/A,router.get('/:webhookId'; asyncHandler(webhookController.getWebhook.bind(webhookController)));,2026-05-28T22:30:00Z,session7_subagents_1-20,session7
404,server/src/routes/webhooks.ts,245,router.post('/'; authorize('admin'); validateBody(createWebhookSchema); asyncHandler(webhookController.createWebhook.bind(webhookController)));,AUTH_MOUNT_VERIFIED,N/A,router.post('/'; authorize('admin'); validateBody(createWebhookSchema); asyncHandler(webhookController.createWebhook.bind(webhookController)));,2026-05-28T22:30:00Z,session7_subagents_1-20,session7
405,server/src/routes/webhooks.ts,248,router.patch('/:webhookId'; authorize('admin'); validateBody(updateWebhookSchema); asyncHandler(webhookController.updateWebhook.bind(webhookController)));,AUTH_MOUNT_VERIFIED,N/A,router.patch('/:webhookId'; authorize('admin'); validateBody(updateWebhookSchema); asyncHandler(webhookController.updateWebhook.bind(webhookController)));,2026-05-28T22:30:00Z,session7_subagents_1-20,session7
406,server/src/routes/webhooks.ts,251,router.delete('/:webhookId'; authorize('admin'); asyncHandler(webhookController.deleteWebhook.bind(webhookController)));,AUTH_MOUNT_VERIFIED,N/A,router.delete('/:webhookId'; authorize('admin'); asyncHandler(webhookController.deleteWebhook.bind(webhookController)));,2026-05-28T22:30:00Z,session7_subagents_1-20,session7
407,server/src/routes/webhooks.ts,254,router.post('/:webhookId/test'; authorize('admin'); asyncHandler(webhookController.testWebhook.bind(webhookController)));,AUTH_MOUNT_VERIFIED,N/A,router.post('/:webhookId/test'; authorize('admin'); asyncHandler(webhookController.testWebhook.bind(webhookController)));,2026-05-28T22:30:00Z,session7_subagents_1-20,session7
408,server/src/routes/webhooks.ts,257,router.post('/:webhookId/regenerate-secret'; authorize('admin'); asyncHandler(webhookController.regenerateSecret.bind(webhookController)));,AUTH_MOUNT_VERIFIED,N/A,router.post('/:webhookId/regenerate-secret'; authorize('admin'); asyncHandler(webhookController.regenerateSecret.bind(webhookController)));,2026-05-28T22:30:00Z,session7_subagents_1-20,session7
409,server/src/routes/webhooks.ts,264,router.get('/events/history'; asyncHandler(webhookController.getEventHistory.bind(webhookController)));,AUTH_MOUNT_VERIFIED,N/A,router.get('/events/history'; asyncHandler(webhookController.getEventHistory.bind(webhookController)));,2026-05-28T22:30:00Z,session7_subagents_1-20,session7
410,server/src/routes/webhooks.ts,267,router.post('/events/:eventId/retry'; authorize('admin'); asyncHandler(webhookController.retryEvent.bind(webhookController)));,AUTH_MOUNT_VERIFIED,N/A,router.post('/events/:eventId/retry'; authorize('admin'); asyncHandler(webhookController.retryEvent.bind(webhookController)));,2026-05-28T22:30:00Z,session7_subagents_1-20,session7
411,server/src/routes/webhooks.ts,274,router.get('/keys/list'; asyncHandler(webhookController.getApiKeys.bind(webhookController)));,AUTH_MOUNT_VERIFIED,N/A,router.get('/keys/list'; asyncHandler(webhookController.getApiKeys.bind(webhookController)));,2026-05-28T22:30:00Z,session7_subagents_1-20,session7
412,server/src/routes/webhooks.ts,277,router.post('/keys'; authorize('admin'); validateBody(createApiKeySchema); asyncHandler(webhookController.createApiKey.bind(webhookController)));,AUTH_MOUNT_VERIFIED,N/A,router.post('/keys'; authorize('admin'); validateBody(createApiKeySchema); asyncHandler(webhookController.createApiKey.bind(webhookController)));,2026-05-28T22:30:00Z,session7_subagents_1-20,session7
413,server/src/routes/webhooks.ts,280,router.delete('/keys/:keyId'; authorize('admin'); asyncHandler(webhookController.revokeApiKey.bind(webhookController)));,AUTH_MOUNT_VERIFIED,N/A,router.delete('/keys/:keyId'; authorize('admin'); asyncHandler(webhookController.revokeApiKey.bind(webhookController)));,2026-05-28T22:30:00Z,session7_subagents_1-20,session7
414,server/src/routes/workflow.ts,40,router.get(,AUTH_MOUNT_VERIFIED,N/A,router.get(,2026-05-28T22:30:00Z,session7_subagents_1-20,session7
415,server/src/routes/workflow.ts,80,router.post(,AUTH_MOUNT_VERIFIED,N/A,router.post(,2026-05-28T22:30:00Z,session7_subagents_1-20,session7
416,server/src/routes/workflow.ts,107,router.get(,AUTH_MOUNT_VERIFIED,N/A,router.get(,2026-05-28T22:30:00Z,session7_subagents_1-20,session7
417,server/src/routes/workflow.ts,130,router.patch(,AUTH_MOUNT_VERIFIED,N/A,router.patch(,2026-05-28T22:30:00Z,session7_subagents_1-20,session7
418,server/src/routes/workflow.ts,165,router.delete(,AUTH_MOUNT_VERIFIED,N/A,router.delete(,2026-05-28T22:30:00Z,session7_subagents_1-20,session7
419,server/src/routes/workflow.ts,184,router.post(,AUTH_MOUNT_VERIFIED,N/A,router.post(,2026-05-28T22:30:00Z,session7_subagents_1-20,session7
420,server/src/routes/workflow.ts,217,router.post(,AUTH_MOUNT_VERIFIED,N/A,router.post(,2026-05-28T22:30:00Z,session7_subagents_1-20,session7
421,server/src/routes/workflow.ts,264,router.get(,AUTH_MOUNT_VERIFIED,N/A,router.get(,2026-05-28T22:30:00Z,session7_subagents_1-20,session7
422,server/src/routes/workflow.ts,282,router.post(,AUTH_MOUNT_VERIFIED,N/A,router.post(,2026-05-28T22:30:00Z,session7_subagents_1-20,session7
423,server/src/routes/workflow.ts,351,router.get(,AUTH_MOUNT_VERIFIED,N/A,router.get(,2026-05-28T22:30:00Z,session7_subagents_1-20,session7
424,server/src/routes/workflow.ts,382,router.get(,AUTH_MOUNT_VERIFIED,N/A,router.get(,2026-05-28T22:30:00Z,session7_subagents_1-20,session7
425,server/src/routes/workflow.ts,398,router.post(,AUTH_MOUNT_VERIFIED,N/A,router.post(,2026-05-28T22:30:00Z,session7_subagents_1-20,session7
426,server/src/routes/workflow.ts,438,router.get(,AUTH_MOUNT_VERIFIED,N/A,router.get(,2026-05-28T22:30:00Z,session7_subagents_1-20,session7
427,server/src/routes/workflow.ts,464,router.post(,AUTH_MOUNT_VERIFIED,N/A,router.post(,2026-05-28T22:30:00Z,session7_subagents_1-20,session7
428,server/src/routes/workflow.ts,490,router.patch(,AUTH_MOUNT_VERIFIED,N/A,router.patch(,2026-05-28T22:30:00Z,session7_subagents_1-20,session7
429,server/src/routes/workflow.ts,523,router.delete(,AUTH_MOUNT_VERIFIED,N/A,router.delete(,2026-05-28T22:30:00Z,session7_subagents_1-20,session7
430,server/src/routes/risks.ts,84,router.get('/'; asyncHandler(risksController.list.bind(risksController)));,AUTH_MOUNT_VERIFIED,N/A,router.get('/'; asyncHandler(risksController.list.bind(risksController)));,2026-05-28T22:30:00Z,session7_subagents_1-20,session7
431,server/src/routes/risks.ts,121,router.get('/:id'; asyncHandler(risksController.getById.bind(risksController)));,AUTH_MOUNT_VERIFIED,N/A,router.get('/:id'; asyncHandler(risksController.getById.bind(risksController)));,2026-05-28T22:30:00Z,session7_subagents_1-20,session7
432,server/src/routes/risks.ts,158,router.post('/'; authorize('admin'; 'editor'); validateBody(createRiskSchema); asyncHandler(risksController.create.bind(risksController)));,AUTH_MOUNT_VERIFIED,N/A,router.post('/'; authorize('admin'; 'editor'); validateBody(createRiskSchema); asyncHandler(risksController.create.bind(risksController)));,2026-05-28T22:30:00Z,session7_subagents_1-20,session7
433,server/src/routes/risks.ts,230,router.patch('/:id'; authorize('admin'; 'editor'); validateBody(updateRiskSchema); asyncHandler(risksController.update.bind(risksController)));,AUTH_MOUNT_VERIFIED,N/A,router.patch('/:id'; authorize('admin'; 'editor'); validateBody(updateRiskSchema); asyncHandler(risksController.update.bind(risksController)));,2026-05-28T22:30:00Z,session7_subagents_1-20,session7
434,server/src/routes/risks.ts,259,router.delete('/:id'; authorize('admin'); asyncHandler(risksController.delete.bind(risksController)));,AUTH_MOUNT_VERIFIED,N/A,router.delete('/:id'; authorize('admin'); asyncHandler(risksController.delete.bind(risksController)));,2026-05-28T22:30:00Z,session7_subagents_1-20,session7
435,server/src/routes/risks.ts,325,router.post('/prioritize'; authorize('admin'; 'editor'); asyncHandler(risksController.prioritize.bind(risksController)));,AUTH_MOUNT_VERIFIED,N/A,router.post('/prioritize'; authorize('admin'; 'editor'); asyncHandler(risksController.prioritize.bind(risksController)));,2026-05-28T22:30:00Z,session7_subagents_1-20,session7
436,server/src/routes/risks.ts,406,router.post('/:id/remediation'; authorize('admin'; 'editor'); asyncHandler(risksController.generateRemediation.bind(risksController)));,AUTH_MOUNT_VERIFIED,N/A,router.post('/:id/remediation'; authorize('admin'; 'editor'); asyncHandler(risksController.generateRemediation.bind(risksController)));,2026-05-28T22:30:00Z,session7_subagents_1-20,session7
437,server/src/routes/risks.ts,473,router.post('/scan'; authorize('admin'; 'editor'); asyncHandler(risksController.scan.bind(risksController)));,AUTH_MOUNT_VERIFIED,N/A,router.post('/scan'; authorize('admin'; 'editor'); asyncHandler(risksController.scan.bind(risksController)));,2026-05-28T22:30:00Z,session7_subagents_1-20,session7
438,server/src/routes/search.ts,36,router.get(,AUTH_MOUNT_VERIFIED,N/A,router.get(,2026-05-28T22:30:00Z,session7_subagents_1-20,session7
439,server/src/routes/search.ts,209,router.post(,AUTH_MOUNT_VERIFIED,N/A,router.post(,2026-05-28T22:30:00Z,session7_subagents_1-20,session7
440,server/src/routes/search.ts,375,router.get(,AUTH_MOUNT_VERIFIED,N/A,router.get(,2026-05-28T22:30:00Z,session7_subagents_1-20,session7
441,server/src/routes/search.ts,422,router.post(,AUTH_MOUNT_VERIFIED,N/A,router.post(,2026-05-28T22:30:00Z,session7_subagents_1-20,session7
442,server/src/routes/frameworks.ts,41,router.get('/scores/history'; asyncHandler(async (req: Request; res: Response) => {,AUTH_MOUNT_VERIFIED,N/A,router.get('/scores/history'; asyncHandler(async (req: Request; res: Response) => {,2026-05-28T22:30:00Z,session7_subagents_1-20,session7
443,server/src/routes/frameworks.ts,137,router.get('/templates'; asyncHandler(async (_req: Request; res: Response) => {,AUTH_MOUNT_VERIFIED,N/A,router.get('/templates'; asyncHandler(async (_req: Request; res: Response) => {,2026-05-28T22:30:00Z,session7_subagents_1-20,session7
444,server/src/routes/frameworks.ts,143,router.get('/templates/:frameworkType'; asyncHandler(async (req: Request; res: Response) => {,AUTH_MOUNT_VERIFIED,N/A,router.get('/templates/:frameworkType'; asyncHandler(async (req: Request; res: Response) => {,2026-05-28T22:30:00Z,session7_subagents_1-20,session7
445,server/src/routes/frameworks.ts,162,router.post('/:id/apply-template'; authorize('admin'; 'editor'); validateBody(applyTemplateSchema); asyncHandler(async (req: Request; res: Response) => {,AUTH_MOUNT_VERIFIED,N/A,router.post('/:id/apply-template'; authorize('admin'; 'editor'); validateBody(applyTemplateSchema); asyncHandler(async (req: Request; res: Response) => {,2026-05-28T22:30:00Z,session7_subagents_1-20,session7
446,server/src/routes/frameworks.ts,189,router.post('/:id/regenerate-mappings'; authorize('admin'; 'editor'); asyncHandler(async (req: Request; res: Response) => {,AUTH_MOUNT_VERIFIED,N/A,router.post('/:id/regenerate-mappings'; authorize('admin'; 'editor'); asyncHandler(async (req: Request; res: Response) => {,2026-05-28T22:30:00Z,session7_subagents_1-20,session7
447,server/src/routes/frameworks.ts,204,router.get('/'; asyncHandler(frameworksController.list.bind(frameworksController)));,AUTH_MOUNT_VERIFIED,N/A,router.get('/'; asyncHandler(frameworksController.list.bind(frameworksController)));,2026-05-28T22:30:00Z,session7_subagents_1-20,session7
448,server/src/routes/frameworks.ts,205,router.get('/:id'; asyncHandler(frameworksController.getById.bind(frameworksController)));,AUTH_MOUNT_VERIFIED,N/A,router.get('/:id'; asyncHandler(frameworksController.getById.bind(frameworksController)));,2026-05-28T22:30:00Z,session7_subagents_1-20,session7
449,server/src/routes/frameworks.ts,206,router.post('/'; authorize('admin'; 'editor'); enforceLimit('maxFrameworks'); validateBody(createFrameworkSchema); asyncHandler(frameworksController.create.bind(frameworksController)));,AUTH_MOUNT_VERIFIED,N/A,router.post('/'; authorize('admin'; 'editor'); enforceLimit('maxFrameworks'); validateBody(createFrameworkSchema); asyncHandler(frameworksController.create.bind(frameworksController)));,2026-05-28T22:30:00Z,session7_subagents_1-20,session7
450,server/src/routes/frameworks.ts,207,router.patch('/:id'; authorize('admin'; 'editor'); validateBody(updateFrameworkSchema); asyncHandler(frameworksController.update.bind(frameworksController)));,AUTH_MOUNT_VERIFIED,N/A,router.patch('/:id'; authorize('admin'; 'editor'); validateBody(updateFrameworkSchema); asyncHandler(frameworksController.update.bind(frameworksController)));,2026-05-28T22:30:00Z,session7_subagents_1-20,session7
451,server/src/routes/frameworks.ts,208,router.delete('/:id'; authorize('admin'); asyncHandler(frameworksController.delete.bind(frameworksController)));,AUTH_MOUNT_VERIFIED,N/A,router.delete('/:id'; authorize('admin'); asyncHandler(frameworksController.delete.bind(frameworksController)));,2026-05-28T22:30:00Z,session7_subagents_1-20,session7
452,server/src/routes/frameworks.ts,209,router.get('/:frameworkId/controls/:controlId/export'; authorize('admin'; 'editor'); asyncHandler(frameworksController.exportControl.bind(frameworksController)));,AUTH_MOUNT_VERIFIED,N/A,router.get('/:frameworkId/controls/:controlId/export'; authorize('admin'; 'editor'); asyncHandler(frameworksController.exportControl.bind(frameworksController)));,2026-05-28T22:30:00Z,session7_subagents_1-20,session7
453,server/src/routes/frameworks.ts,212,router.post('/:frameworkId/controls'; authorize('admin'; 'editor'); validateBody(createControlSchema); asyncHandler(frameworksController.createControl.bind(frameworksController)));,AUTH_MOUNT_VERIFIED,N/A,router.post('/:frameworkId/controls'; authorize('admin'; 'editor'); validateBody(createControlSchema); asyncHandler(frameworksController.createControl.bind(frameworksController)));,2026-05-28T22:30:00Z,session7_subagents_1-20,session7
454,server/src/routes/frameworks.ts,213,router.patch('/:frameworkId/controls/:controlId'; authorize('admin'; 'editor'); validateBody(updateControlSchema); asyncHandler(frameworksController.updateControl.bind(frameworksController)));,AUTH_MOUNT_VERIFIED,N/A,router.patch('/:frameworkId/controls/:controlId'; authorize('admin'; 'editor'); validateBody(updateControlSchema); asyncHandler(frameworksController.updateControl.bind(frameworksController)));,2026-05-28T22:30:00Z,session7_subagents_1-20,session7
455,server/src/routes/frameworks.ts,214,router.post('/:frameworkId/controls/bulk-update'; authorize('admin'; 'editor'); validateBody(bulkUpdateControlsSchema); asyncHandler(frameworksController.bulkUpdateControls.bind(frameworksController)));,AUTH_MOUNT_VERIFIED,N/A,router.post('/:frameworkId/controls/bulk-update'; authorize('admin'; 'editor'); validateBody(bulkUpdateControlsSchema); asyncHandler(frameworksController.bulkUpdateControls.bind(frameworksController)));,2026-05-28T22:30:00Z,session7_subagents_1-20,session7
456,server/src/routes/frameworks.ts,215,router.delete('/:frameworkId/controls/:controlId'; authorize('admin'; 'editor'); asyncHandler(frameworksController.deleteControl.bind(frameworksController)));,AUTH_MOUNT_VERIFIED,N/A,router.delete('/:frameworkId/controls/:controlId'; authorize('admin'; 'editor'); asyncHandler(frameworksController.deleteControl.bind(frameworksController)));,2026-05-28T22:30:00Z,session7_subagents_1-20,session7
457,server/src/routes/frameworks.ts,218,router.post('/:frameworkId/controls/:controlId/evidence'; authorize('admin'; 'editor'); upload.single('file'); asyncHandler(frameworksController.uploadEvidence.bind(frameworksController)));,AUTH_MOUNT_VERIFIED,N/A,router.post('/:frameworkId/controls/:controlId/evidence'; authorize('admin'; 'editor'); upload.single('file'); asyncHandler(frameworksController.uploadEvidence.bind(frameworksController)));,2026-05-28T22:30:00Z,session7_subagents_1-20,session7
458,server/src/routes/frameworks.ts,219,router.get('/:frameworkId/controls/:controlId/evidence/url'; authenticate; asyncHandler(frameworksController.getEvidenceUrl.bind(frameworksController)));,AUTH_MOUNT_VERIFIED,N/A,router.get('/:frameworkId/controls/:controlId/evidence/url'; authenticate; asyncHandler(frameworksController.getEvidenceUrl.bind(frameworksController)));,2026-05-28T22:30:00Z,session7_subagents_1-20,session7
459,server/src/routes/frameworks.ts,222,router.post('/:frameworkId/smart-upload'; authorize('admin'; 'editor'); upload.single('file'); asyncHandler(frameworksController.smartUpload.bind(frameworksController)));,AUTH_MOUNT_VERIFIED,N/A,router.post('/:frameworkId/smart-upload'; authorize('admin'; 'editor'); upload.single('file'); asyncHandler(frameworksController.smartUpload.bind(frameworksController)));,2026-05-28T22:30:00Z,session7_subagents_1-20,session7
460,server/src/routes/frameworks.ts,225,router.get('/:frameworkId/suggestions'; authenticate; asyncHandler(frameworksController.getSuggestions.bind(frameworksController)));,AUTH_MOUNT_VERIFIED,N/A,router.get('/:frameworkId/suggestions'; authenticate; asyncHandler(frameworksController.getSuggestions.bind(frameworksController)));,2026-05-28T22:30:00Z,session7_subagents_1-20,session7
461,server/src/routes/frameworks.ts,226,router.post('/suggestions/:suggestionId/accept'; authorize('admin'; 'editor'); asyncHandler(frameworksController.acceptSuggestion.bind(frameworksController)));,AUTH_MOUNT_VERIFIED,N/A,router.post('/suggestions/:suggestionId/accept'; authorize('admin'; 'editor'); asyncHandler(frameworksController.acceptSuggestion.bind(frameworksController)));,2026-05-28T22:30:00Z,session7_subagents_1-20,session7
462,server/src/routes/frameworks.ts,227,router.post('/suggestions/:suggestionId/reject'; authorize('admin'; 'editor'); validateBody(rejectSuggestionSchema); asyncHandler(frameworksController.rejectSuggestion.bind(frameworksController)));,AUTH_MOUNT_VERIFIED,N/A,router.post('/suggestions/:suggestionId/reject'; authorize('admin'; 'editor'); validateBody(rejectSuggestionSchema); asyncHandler(frameworksController.rejectSuggestion.bind(frameworksController)));,2026-05-28T22:30:00Z,session7_subagents_1-20,session7
463,server/src/routes/executive.ts,49,router.get(,AUTH_MOUNT_VERIFIED,N/A,router.get(,2026-05-28T22:30:00Z,session7_subagents_1-20,session7
464,server/src/routes/executive.ts,252,router.get(,AUTH_MOUNT_VERIFIED,N/A,router.get(,2026-05-28T22:30:00Z,session7_subagents_1-20,session7
465,server/src/routes/executive.ts,300,router.post(,AUTH_MOUNT_VERIFIED,N/A,router.post(,2026-05-28T22:30:00Z,session7_subagents_1-20,session7
466,server/src/routes/executive.ts,475,router.get(,AUTH_MOUNT_VERIFIED,N/A,router.get(,2026-05-28T22:30:00Z,session7_subagents_1-20,session7
467,server/src/routes/ropa.ts,84,router.get(,AUTH_MOUNT_VERIFIED,N/A,router.get(,2026-05-28T22:30:00Z,session7_subagents_1-20,session7
468,server/src/routes/ropa.ts,147,router.get(,AUTH_MOUNT_VERIFIED,N/A,router.get(,2026-05-28T22:30:00Z,session7_subagents_1-20,session7
469,server/src/routes/ropa.ts,239,router.get(,AUTH_MOUNT_VERIFIED,N/A,router.get(,2026-05-28T22:30:00Z,session7_subagents_1-20,session7
470,server/src/routes/ropa.ts,275,router.post(,AUTH_MOUNT_VERIFIED,N/A,router.post(,2026-05-28T22:30:00Z,session7_subagents_1-20,session7
471,server/src/routes/ropa.ts,365,router.get(,AUTH_MOUNT_VERIFIED,N/A,router.get(,2026-05-28T22:30:00Z,session7_subagents_1-20,session7
472,server/src/routes/ropa.ts,391,router.patch(,AUTH_MOUNT_VERIFIED,N/A,router.patch(,2026-05-28T22:30:00Z,session7_subagents_1-20,session7
473,server/src/routes/ropa.ts,438,router.delete(,AUTH_MOUNT_VERIFIED,N/A,router.delete(,2026-05-28T22:30:00Z,session7_subagents_1-20,session7
474,server/src/routes/ropa.ts,469,router.post(,AUTH_MOUNT_VERIFIED,N/A,router.post(,2026-05-28T22:30:00Z,session7_subagents_1-20,session7
475,server/src/routes/auditor.ts,35,router.get(,AUTH_MOUNT_VERIFIED,N/A,router.get(,2026-05-28T22:30:00Z,session7_subagents_1-20,session7
476,server/src/routes/auditor.ts,49,router.post(,AUTH_MOUNT_VERIFIED,N/A,router.post(,2026-05-28T22:30:00Z,session7_subagents_1-20,session7
477,server/src/routes/auditor.ts,64,router.get(,AUTH_MOUNT_VERIFIED,N/A,router.get(,2026-05-28T22:30:00Z,session7_subagents_1-20,session7
478,server/src/routes/auditor.ts,74,router.post(,AUTH_MOUNT_VERIFIED,N/A,router.post(,2026-05-28T22:30:00Z,session7_subagents_1-20,session7
479,server/src/routes/auditor.ts,86,router.get(,AUTH_MOUNT_VERIFIED,N/A,router.get(,2026-05-28T22:30:00Z,session7_subagents_1-20,session7
480,server/src/routes/auditor.ts,96,router.patch(,AUTH_MOUNT_VERIFIED,N/A,router.patch(,2026-05-28T22:30:00Z,session7_subagents_1-20,session7
481,server/src/routes/auditor.ts,108,router.delete(,AUTH_MOUNT_VERIFIED,N/A,router.delete(,2026-05-28T22:30:00Z,session7_subagents_1-20,session7
482,server/src/routes/auditor.ts,123,router.get(,AUTH_MOUNT_VERIFIED,N/A,router.get(,2026-05-28T22:30:00Z,session7_subagents_1-20,session7
483,server/src/routes/auditor.ts,133,router.post(,AUTH_MOUNT_VERIFIED,N/A,router.post(,2026-05-28T22:30:00Z,session7_subagents_1-20,session7
484,server/src/routes/auditor.ts,145,router.get(,AUTH_MOUNT_VERIFIED,N/A,router.get(,2026-05-28T22:30:00Z,session7_subagents_1-20,session7
485,server/src/routes/auditor.ts,155,router.patch(,AUTH_MOUNT_VERIFIED,N/A,router.patch(,2026-05-28T22:30:00Z,session7_subagents_1-20,session7
486,server/src/routes/auditor.ts,167,router.delete(,AUTH_MOUNT_VERIFIED,N/A,router.delete(,2026-05-28T22:30:00Z,session7_subagents_1-20,session7
487,server/src/routes/auditor.ts,182,router.get(,AUTH_MOUNT_VERIFIED,N/A,router.get(,2026-05-28T22:30:00Z,session7_subagents_1-20,session7
488,server/src/routes/auditor.ts,192,router.post(,AUTH_MOUNT_VERIFIED,N/A,router.post(,2026-05-28T22:30:00Z,session7_subagents_1-20,session7
489,server/src/routes/auditor.ts,207,router.get(,AUTH_MOUNT_VERIFIED,N/A,router.get(,2026-05-28T22:30:00Z,session7_subagents_1-20,session7
490,server/src/routes/auditor.ts,217,router.patch(,AUTH_MOUNT_VERIFIED,N/A,router.patch(,2026-05-28T22:30:00Z,session7_subagents_1-20,session7
491,server/src/routes/auditor.ts,229,router.delete(,AUTH_MOUNT_VERIFIED,N/A,router.delete(,2026-05-28T22:30:00Z,session7_subagents_1-20,session7
492,server/src/routes/auditor.ts,244,router.get(,AUTH_MOUNT_VERIFIED,N/A,router.get(,2026-05-28T22:30:00Z,session7_subagents_1-20,session7
493,server/src/routes/auditor.ts,254,router.post(,AUTH_MOUNT_VERIFIED,N/A,router.post(,2026-05-28T22:30:00Z,session7_subagents_1-20,session7
494,server/src/routes/auditor.ts,269,router.get(,AUTH_MOUNT_VERIFIED,N/A,router.get(,2026-05-28T22:30:00Z,session7_subagents_1-20,session7
495,server/src/routes/auditor.ts,279,router.patch(,AUTH_MOUNT_VERIFIED,N/A,router.patch(,2026-05-28T22:30:00Z,session7_subagents_1-20,session7
496,server/src/routes/auditor.ts,291,router.delete(,AUTH_MOUNT_VERIFIED,N/A,router.delete(,2026-05-28T22:30:00Z,session7_subagents_1-20,session7
497,server/src/routes/auditor.ts,306,router.get(,AUTH_MOUNT_VERIFIED,N/A,router.get(,2026-05-28T22:30:00Z,session7_subagents_1-20,session7
498,server/src/routes/auditor.ts,316,router.post(,AUTH_MOUNT_VERIFIED,N/A,router.post(,2026-05-28T22:30:00Z,session7_subagents_1-20,session7
499,server/src/routes/auditor.ts,331,router.get(,AUTH_MOUNT_VERIFIED,N/A,router.get(,2026-05-28T22:30:00Z,session7_subagents_1-20,session7
500,server/src/routes/auditor.ts,341,router.patch(,AUTH_MOUNT_VERIFIED,N/A,router.patch(,2026-05-28T22:30:00Z,session7_subagents_1-20,session7
