op_number,file,line,model,operation,verdict,evidence_function_name,evidence_org_check_line,notes
001,server/src/services/advanced/acosService.ts,157,complianceGoal,create,ORG_IN_WHERE_OR_DATA,async createComplianceGoal(,server/src/services/advanced/acosService.ts:90,organizationId referenced before write in function
002,server/src/services/advanced/acosService.ts,170,auditLog,create,ORG_IN_WHERE_OR_DATA,async createComplianceGoal(,server/src/services/advanced/acosService.ts:90,organizationId referenced before write in function
003,server/src/services/advanced/acosService.ts,273,controlLoop,create,ORG_IN_WHERE_OR_DATA,async createControlLoop(,server/src/services/advanced/acosService.ts:261,organizationId in prisma where/data
004,server/src/services/advanced/acosService.ts,296,auditLog,create,ORG_IN_PRIOR_findFirst,async createControlLoop(,server/src/services/advanced/acosService.ts:237,prior findFirst/findUnique with organizationId
005,server/src/services/advanced/acosService.ts,483,controlLoop,update,ORG_IN_PRIOR_findFirst,async executeControlLoop(,server/src/services/advanced/acosService.ts:361,prior findFirst/findUnique with organizationId
006,server/src/services/advanced/acosService.ts,549,controlLoop,update,ORG_IN_PRIOR_findFirst,async executeControlLoop(,server/src/services/advanced/acosService.ts:361,prior findFirst/findUnique with organizationId
007,server/src/services/advanced/acosService.ts,568,controlLoop,update,ORG_IN_PRIOR_findFirst,async executeControlLoop(,server/src/services/advanced/acosService.ts:361,prior findFirst/findUnique with organizationId
008,server/src/services/advanced/acosService.ts,595,controlLoop,update,ORG_IN_PRIOR_findFirst,async executeControlLoop(,server/src/services/advanced/acosService.ts:361,prior findFirst/findUnique with organizationId
009,server/src/services/advanced/acosService.ts,661,frameworkControl,update,ORG_IN_WHERE_OR_DATA,private async autonomousAction(,server/src/services/advanced/acosService.ts:655,organizationId in prisma where/data
010,server/src/services/advanced/acosService.ts,715,complianceDebt,create,ORG_IN_WHERE_OR_DATA,async trackComplianceDebt(,server/src/services/advanced/acosService.ts:718,organizationId in prisma where/data
011,server/src/services/advanced/acosService.ts,730,auditLog,create,ORG_IN_WHERE_OR_DATA,async trackComplianceDebt(,server/src/services/advanced/acosService.ts:718,organizationId in prisma where/data
012,server/src/services/advanced/acosService.ts,903,changeImpact,create,ORG_IN_WHERE_OR_DATA,async forecastChangeImpact(,server/src/services/advanced/acosService.ts:892,organizationId in prisma where/data
013,server/src/services/advanced/acosService.ts,919,auditLog,create,ORG_IN_WHERE_OR_DATA,async forecastChangeImpact(,server/src/services/advanced/acosService.ts:906,organizationId in prisma where/data
014,server/src/services/advanced/acosService.ts,1198,auditLog,create,ORG_IN_WHERE_OR_DATA,async resolveChangeImpact(,server/src/services/advanced/acosService.ts:1188,organizationId in prisma where/data
015,server/src/services/advanced/acosService.ts,1209,changeImpact,update,ORG_IN_WHERE_OR_DATA,async resolveChangeImpact(,server/src/services/advanced/acosService.ts:1203,organizationId in prisma where/data
016,server/src/services/advanced/acosService.ts,1427,controlLoop,update,ORG_IN_WHERE_OR_DATA,async updateControlLoop(,server/src/services/advanced/acosService.ts:1438,organizationId in prisma where/data
017,server/src/services/advanced/acosService.ts,1433,controlLoop,update,ORG_IN_WHERE_OR_DATA,async updateControlLoop(,server/src/services/advanced/acosService.ts:1438,organizationId in prisma where/data
018,server/src/services/advanced/acosService.ts,1488,controlLoop,update,ORG_IN_WHERE_OR_DATA,"async pauseControlLoop(loopId: string, organizationId: string, userId: string): ",server/src/services/advanced/acosService.ts:1476,organizationId in prisma where/data
019,server/src/services/advanced/acosService.ts,1494,controlLoop,update,ORG_IN_WHERE_OR_DATA,"async pauseControlLoop(loopId: string, organizationId: string, userId: string): ",server/src/services/advanced/acosService.ts:1499,organizationId in prisma where/data
020,server/src/services/advanced/acosService.ts,1549,controlLoop,update,ORG_IN_WHERE_OR_DATA,"async resumeControlLoop(loopId: string, organizationId: string, userId: string):",server/src/services/advanced/acosService.ts:1537,organizationId in prisma where/data
021,server/src/services/advanced/acosService.ts,1555,controlLoop,update,ORG_IN_WHERE_OR_DATA,"async resumeControlLoop(loopId: string, organizationId: string, userId: string):",server/src/services/advanced/acosService.ts:1560,organizationId in prisma where/data
022,server/src/services/advanced/acosService.ts,1620,controlLoop,delete,ORG_IN_WHERE_OR_DATA,"async deleteControlLoop(loopId: string, organizationId: string, userId: string):",server/src/services/advanced/acosService.ts:1606,organizationId in prisma where/data
023,server/src/services/advanced/acosService.ts,1625,controlLoop,delete,ORG_IN_WHERE_OR_DATA,"async deleteControlLoop(loopId: string, organizationId: string, userId: string):",server/src/services/advanced/acosService.ts:1630,organizationId in prisma where/data
024,server/src/services/advanced/acosService.ts,1781,complianceGoal,update,ORG_IN_WHERE_OR_DATA,async updateComplianceGoal(,server/src/services/advanced/acosService.ts:1792,organizationId in prisma where/data
025,server/src/services/advanced/acosService.ts,1787,complianceGoal,update,ORG_IN_WHERE_OR_DATA,async updateComplianceGoal(,server/src/services/advanced/acosService.ts:1792,organizationId in prisma where/data
026,server/src/services/advanced/acosService.ts,1799,complianceGoal,update,ORG_IN_WHERE_OR_DATA,async updateComplianceGoal(,server/src/services/advanced/acosService.ts:1792,organizationId in prisma where/data
027,server/src/services/advanced/acosService.ts,1838,complianceGoal,update,ORG_IN_WHERE_OR_DATA,"async deleteComplianceGoal(goalId: string, organizationId: string, userId: strin",server/src/services/advanced/acosService.ts:1823,organizationId in prisma where/data
028,server/src/services/advanced/acosService.ts,1844,complianceGoal,update,ORG_IN_WHERE_OR_DATA,"async deleteComplianceGoal(goalId: string, organizationId: string, userId: strin",server/src/services/advanced/acosService.ts:1829,organizationId in prisma where/data
029,server/src/services/advanced/acosService.ts,1876,complianceGoal,update,ORG_IN_WHERE_OR_DATA,"async restoreComplianceGoal(goalId: string, organizationId: string, userId: stri",server/src/services/advanced/acosService.ts:1861,organizationId in prisma where/data
030,server/src/services/advanced/acosService.ts,1882,complianceGoal,update,ORG_IN_WHERE_OR_DATA,"async restoreComplianceGoal(goalId: string, organizationId: string, userId: stri",server/src/services/advanced/acosService.ts:1867,organizationId in prisma where/data
031,server/src/services/advanced/acosService.ts,1925,controlLoop,update,ORG_IN_WHERE_OR_DATA,async updateControlLoopMetrics(,server/src/services/advanced/acosService.ts:1914,organizationId in prisma where/data
032,server/src/services/advanced/acosService.ts,2093,complianceDebt,update,ORG_IN_WHERE_OR_DATA,async resolveComplianceDebt(,server/src/services/advanced/acosService.ts:2080,organizationId in prisma where/data
033,server/src/services/advanced/acosService.ts,2102,complianceDebt,update,ORG_IN_WHERE_OR_DATA,async resolveComplianceDebt(,server/src/services/advanced/acosService.ts:2107,organizationId in prisma where/data
034,server/src/services/advanced/acosService.ts,2153,complianceFramework,update,ORG_IN_WHERE_OR_DATA,private async recalculateComplianceScore(,server/src/services/advanced/acosService.ts:2129,organizationId referenced before write in function
035,server/src/services/advanced/acosService.ts,2312,controlLoop,updateMany,ORG_IN_WHERE_OR_DATA,"async updateControlLoopConfidence(controlId: string, organizationId: string): Pr",server/src/services/advanced/acosService.ts:2298,organizationId in prisma where/data
036,server/src/services/advanced/acosService.ts,2340,controlLoopHistory,create,ORG_IN_WHERE_OR_DATA,private async recordLoopHistory(,server/src/services/advanced/acosService.ts:2332,organizationId in prisma where/data
037,server/src/services/advanced/agenticAIService.ts,469,agenticAction,create,ORG_IN_WHERE_OR_DATA,async executeAction(,server/src/services/advanced/agenticAIService.ts:472,organizationId in prisma where/data
038,server/src/services/advanced/agenticAIService.ts,529,agenticAction,update,ORG_IN_WHERE_OR_DATA,private async executeActionInternal(,server/src/services/advanced/agenticAIService.ts:520,organizationId in prisma where/data
039,server/src/services/advanced/agenticAIService.ts,568,agenticAction,update,ORG_IN_WHERE_OR_DATA,private async executeActionInternal(,server/src/services/advanced/agenticAIService.ts:557,organizationId in prisma where/data
040,server/src/services/advanced/agenticAIService.ts,580,agenticAction,update,ORG_IN_WHERE_OR_DATA,private async executeActionInternal(,server/src/services/advanced/agenticAIService.ts:587,organizationId in prisma where/data
041,server/src/services/advanced/agenticAIService.ts,588,agenticAction,update,ORG_IN_WHERE_OR_DATA,private async executeActionInternal(,server/src/services/advanced/agenticAIService.ts:587,organizationId in prisma where/data
042,server/src/services/advanced/agenticAIService.ts,596,agenticAction,update,ORG_IN_WHERE_OR_DATA,private async executeActionInternal(,server/src/services/advanced/agenticAIService.ts:587,organizationId in prisma where/data
043,server/src/services/advanced/agenticAIService.ts,623,agenticAction,update,ORG_IN_WHERE_OR_DATA,private async executeActionInternal(,server/src/services/advanced/agenticAIService.ts:520,organizationId referenced before write in function
044,server/src/services/advanced/agenticAIService.ts,691,agenticAction,update,ORG_IN_WHERE_OR_DATA,private async createCheckpoint(,server/src/services/advanced/agenticAIService.ts:679,organizationId in prisma where/data
045,server/src/services/advanced/agenticAIService.ts,742,frameworkControl,update,ORG_IN_WHERE_OR_DATA,private async executeControlUpdate(,server/src/services/advanced/agenticAIService.ts:737,organizationId in prisma where/data
046,server/src/services/advanced/agenticAIService.ts,770,policy,create,ORG_IN_WHERE_OR_DATA,private async executePolicyCreate(,server/src/services/advanced/agenticAIService.ts:764,organizationId in prisma where/data
047,server/src/services/advanced/agenticAIService.ts,806,riskItem,update,ORG_IN_WHERE_OR_DATA,private async executeRiskMitigation(,server/src/services/advanced/agenticAIService.ts:793,organizationId in prisma where/data
048,server/src/services/advanced/agenticAIService.ts,896,agenticAction,update,ORG_IN_WHERE_OR_DATA,async rollbackAction(,server/src/services/advanced/agenticAIService.ts:882,organizationId in prisma where/data
049,server/src/services/advanced/agenticAIService.ts,908,auditLog,create,ORG_IN_WHERE_OR_DATA,async rollbackAction(,server/src/services/advanced/agenticAIService.ts:893,organizationId in prisma where/data
050,server/src/services/advanced/agenticAIService.ts,1017,frameworkControl,update,ORG_IN_WHERE_OR_DATA,private async performRollback(,server/src/services/advanced/agenticAIService.ts:1002,organizationId in prisma where/data
051,server/src/services/advanced/agenticAIService.ts,1035,riskItem,update,ORG_IN_WHERE_OR_DATA,private async performRollback(,server/src/services/advanced/agenticAIService.ts:1029,organizationId in prisma where/data
052,server/src/services/advanced/agenticAIService.ts,1052,policy,delete,ORG_IN_WHERE_OR_DATA,private async performRollback(,server/src/services/advanced/agenticAIService.ts:1046,organizationId in prisma where/data
053,server/src/services/advanced/agenticAIService.ts,1122,agenticAction,update,ORG_IN_WHERE_OR_DATA,async cleanupExpiredCheckpoints(organizationId: string): Promise<number> {,server/src/services/advanced/agenticAIService.ts:1109,organizationId in prisma where/data
054,server/src/services/advanced/agenticAIService.ts,1167,agenticAction,update,ORG_IN_WHERE_OR_DATA,async approveAction(,server/src/services/advanced/agenticAIService.ts:1153,organizationId in prisma where/data
055,server/src/services/advanced/agenticAIService.ts,1201,auditLog,create,ORG_IN_WHERE_OR_DATA,async approveAction(,server/src/services/advanced/agenticAIService.ts:1212,organizationId in prisma where/data
056,server/src/services/advanced/agenticAIService.ts,1263,agenticAction,update,ORG_IN_WHERE_OR_DATA,"private async lockAction(lockKey: string, organizationId: string, actionId: stri",server/src/services/advanced/agenticAIService.ts:1260,organizationId in prisma where/data
057,server/src/services/advanced/agenticAIService.ts,1295,agenticAction,update,ORG_IN_WHERE_OR_DATA,"private async unlockAction(lockKey: string, organizationId: string): Promise<voi",server/src/services/advanced/agenticAIService.ts:1282,organizationId in prisma where/data
058,server/src/services/advanced/bayesian/knowledgeGraphBuilder.ts,193,knowledgeGraphEntity,upsert,ORG_IN_WHERE_OR_DATA,export async function buildKnowledgeGraph(,server/src/services/advanced/bayesian/knowledgeGraphBuilder.ts:53,organizationId referenced before write in function
059,server/src/services/advanced/bayesian/knowledgeGraphBuilder.ts,219,knowledgeGraphRelationship,upsert,ORG_IN_WHERE_OR_DATA,export async function buildKnowledgeGraph(,server/src/services/advanced/bayesian/knowledgeGraphBuilder.ts:53,organizationId referenced before write in function
060,server/src/services/advanced/bayesian/knowledgeGraphBuilder.ts,247,knowledgeGraphEntity,update,ORG_IN_WHERE_OR_DATA,export async function buildKnowledgeGraph(,server/src/services/advanced/bayesian/knowledgeGraphBuilder.ts:53,organizationId referenced before write in function
061,server/src/services/advanced/bayesian/knowledgeGraphBuilder.ts,286,knowledgeGraphRelationship,update,ORG_IN_WHERE_OR_DATA,export async function buildKnowledgeGraph(,server/src/services/advanced/bayesian/knowledgeGraphBuilder.ts:53,organizationId referenced before write in function
062,server/src/services/advanced/blockchainService.ts,278,unknown,unknown,NON_PRISMA_FALSE_POSITIVE,async recordAuditLog(,server/src/services/advanced/blockchainService.ts:278,non-prisma: const dataHash = crypto.createHash('sha256').update(dataToHash).digest('hex');
063,server/src/services/advanced/blockchainService.ts,455,unknown,unknown,NON_PRISMA_FALSE_POSITIVE,private async initializeHyperledger(): Promise<void> {,server/src/services/advanced/blockchainService.ts:455,non-prisma: sign.update(Buffer.from(digest));
064,server/src/services/advanced/blockchainService.ts,944,auditLog,create,ORG_IN_WHERE_OR_DATA,private async storeBlockchainRecord(record: BlockchainRecord): Promise<void> {,server/src/services/advanced/blockchainService.ts:947,organizationId in prisma where/data
065,server/src/services/advanced/blockchainService.ts,1005,organization,updateMany,GAP_HIGH,async deployComplianceContract(network: BlockchainNetwork = 'polygon'): Promise<,server/src/services/advanced/blockchainService.ts:1005,deployComplianceContract updateMany with empty where:{} — incomplete stub write
066,server/src/services/advanced/blockchainService.ts,1913,auditLog,create,ORG_IN_WHERE_OR_DATA,async startRegistryEventListeners(): Promise<void> {,server/src/services/advanced/blockchainService.ts:1916,organizationId in prisma where/data
067,server/src/services/advanced/blockchainService.ts,1948,auditLog,create,ORG_IN_WHERE_OR_DATA,async startRegistryEventListeners(): Promise<void> {,server/src/services/advanced/blockchainService.ts:1951,organizationId in prisma where/data
068,server/src/services/advanced/blockchainService.ts,1981,auditLog,create,ORG_IN_WHERE_OR_DATA,async startRegistryEventListeners(): Promise<void> {,server/src/services/advanced/blockchainService.ts:1916,organizationId referenced before write in function
069,server/src/services/advanced/blockchainService.ts,2016,auditLog,create,ORG_IN_WHERE_OR_DATA,async startRegistryEventListeners(): Promise<void> {,server/src/services/advanced/blockchainService.ts:1916,organizationId referenced before write in function
070,server/src/services/advanced/blockchainService.ts,2052,auditLog,create,ORG_IN_WHERE_OR_DATA,async startRegistryEventListeners(): Promise<void> {,server/src/services/advanced/blockchainService.ts:1916,organizationId referenced before write in function
071,server/src/services/advanced/blockchainService.ts,2087,auditLog,create,ORG_IN_WHERE_OR_DATA,async startRegistryEventListeners(): Promise<void> {,server/src/services/advanced/blockchainService.ts:1916,organizationId referenced before write in function
072,server/src/services/advanced/blockchainService.ts,2189,unknown,unknown,NON_PRISMA_FALSE_POSITIVE,async anchorEvidenceHash(,server/src/services/advanced/blockchainService.ts:2189,non-prisma: const evidenceHash = crypto.createHash('sha256').update(fileBuffer).digest('hex');
073,server/src/services/advanced/blockchainService.ts,2203,unknown,unknown,NON_PRISMA_FALSE_POSITIVE,async anchorEvidenceHash(,server/src/services/advanced/blockchainService.ts:2203,non-prisma: const metadataHash = crypto.createHash('sha256').update(metadataStr).digest('hex');
074,server/src/services/advanced/blockchainService.ts,2255,auditLog,create,ORG_IN_WHERE_OR_DATA,async anchorEvidenceHash(,server/src/services/advanced/blockchainService.ts:2243,organizationId in prisma where/data
075,server/src/services/advanced/blockchainService.ts,2311,unknown,unknown,NON_PRISMA_FALSE_POSITIVE,async detectTampering(,server/src/services/advanced/blockchainService.ts:2311,non-prisma: const currentHash = crypto.createHash('sha256').update(currentFileBuffer).digest('hex');
076,server/src/services/advanced/blockchainService.ts,2374,auditLog,create,ORG_IN_PRIOR_findFirst,async detectTampering(,server/src/services/advanced/blockchainService.ts:2314,prior findFirst/findUnique with organizationId
077,server/src/services/advanced/byokService.ts,186,unknown,unknown,ORG_IN_WHERE_OR_DATA,"private getVaultClient(vaultUrl: string, token?: string): AxiosInstance {",server/src/services/advanced/byokService.ts:205,organizationId present in function (2 refs)
078,server/src/services/advanced/byokService.ts,402,unknown,unknown,NON_PRISMA_FALSE_POSITIVE,async encryptData(,server/src/services/advanced/byokService.ts:402,"non-prisma: cipher.update(dataBuffer),"
079,server/src/services/advanced/byokService.ts,469,unknown,unknown,NON_PRISMA_FALSE_POSITIVE,async decryptData(,server/src/services/advanced/byokService.ts:469,"non-prisma: decipher.update(Buffer.from(encryptedPayload.ciphertext, 'base64')),"
080,server/src/services/advanced/byokService.ts,919,keyUsage,create,ORG_IN_WHERE_OR_DATA,private async trackKeyUsage(,server/src/services/advanced/byokService.ts:910,organizationId in prisma where/data
081,server/src/services/advanced/byokService.ts,992,keyRotationPolicy,upsert,ORG_IN_WHERE_OR_DATA,async setKeyRotationPolicy(,server/src/services/advanced/byokService.ts:986,organizationId in prisma where/data
082,server/src/services/advanced/byokService.ts,1100,keyRotationPolicy,update,ORG_IN_WHERE_OR_DATA,async checkAndRotateKeys(organizationId?: string): Promise<number> {,server/src/services/advanced/byokService.ts:1102,organizationId in prisma where/data
083,server/src/services/advanced/byokService.ts,1115,auditLog,create,ORG_IN_WHERE_OR_DATA,async checkAndRotateKeys(organizationId?: string): Promise<number> {,server/src/services/advanced/byokService.ts:1102,organizationId in prisma where/data
084,server/src/services/advanced/byokService.ts,1137,auditLog,create,ORG_IN_WHERE_OR_DATA,async checkAndRotateKeys(organizationId?: string): Promise<number> {,server/src/services/advanced/byokService.ts:1039,organizationId referenced before write in function
085,server/src/services/advanced/byokService.ts,1171,auditLog,create,ORG_IN_WHERE_OR_DATA,private async storeEncryptionMetadata(,server/src/services/advanced/byokService.ts:1166,organizationId in prisma where/data
086,server/src/services/advanced/byokService.ts,1240,unknown,unknown,NON_PRISMA_FALSE_POSITIVE,async scheduleKeyDeletion(,server/src/services/advanced/byokService.ts:1240,non-prisma: await vaultClient.delete(`/v1/${mountPoint}/keys/${config.keyId}`);
087,server/src/services/advanced/complianceAsCodeService.ts,125,compliancePolicy,create,ORG_IN_WHERE_OR_DATA,async createPolicy(,server/src/services/advanced/complianceAsCodeService.ts:127,organizationId in prisma where/data
088,server/src/services/advanced/complianceAsCodeService.ts,377,auditLog,create,ORG_IN_WHERE_OR_DATA,async setupCIIntegration(,server/src/services/advanced/complianceAsCodeService.ts:370,organizationId in prisma where/data
089,server/src/services/advanced/complianceAsCodeService.ts,453,unknown,unknown,NON_PRISMA_FALSE_POSITIVE,private verifyWebhookSignature(,server/src/services/advanced/complianceAsCodeService.ts:453,non-prisma: const expected = hmac.update(JSON.stringify(payload)).digest('hex');
090,server/src/services/advanced/complianceAsCodeService.ts,481,unknown,unknown,NON_PRISMA_FALSE_POSITIVE,private verifyWebhookSignature(,server/src/services/advanced/complianceAsCodeService.ts:481,non-prisma: const expected = hmac.update(JSON.stringify(payload)).digest('hex');
091,server/src/services/advanced/complianceAsCodeService.ts,1085,compliancePolicy,create,ORG_IN_WHERE_OR_DATA,async updatePolicy(,server/src/services/advanced/complianceAsCodeService.ts:1074,organizationId in prisma where/data
092,server/src/services/advanced/complianceAsCodeService.ts,1141,compliancePolicy,create,ORG_IN_WHERE_OR_DATA,"async rollbackPolicy(policyId: string, organizationId: string): Promise<Policy> ",server/src/services/advanced/complianceAsCodeService.ts:1132,organizationId in prisma where/data
093,server/src/services/advanced/complianceAsCodeService.ts,1186,compliancePolicy,update,NON_PRISMA_FALSE_POSITIVE,"async deletePolicy(policyId: string, organizationId: string): Promise<void> {",server/src/services/advanced/complianceAsCodeService.ts:1186,"non-prisma: await axios.delete(`${this.opaEndpoint}/v1/policies/${policyId}`, {"
094,server/src/services/advanced/complianceAsCodeService.ts,1190,compliancePolicy,update,NON_PRISMA_FALSE_POSITIVE,"async deletePolicy(policyId: string, organizationId: string): Promise<void> {",server/src/services/advanced/complianceAsCodeService.ts:1190,non-prisma: await axios.delete(`${this.opaEndpoint}/v1/policies/${policyId}`).catch(() => {
095,server/src/services/advanced/complianceAsCodeService.ts,1196,compliancePolicy,update,ORG_IN_WHERE_OR_DATA,"async deletePolicy(policyId: string, organizationId: string): Promise<void> {",server/src/services/advanced/complianceAsCodeService.ts:1204,organizationId in prisma where/data
096,server/src/services/advanced/complianceAsCodeService.ts,1201,compliancePolicy,update,ORG_IN_WHERE_OR_DATA,"async deletePolicy(policyId: string, organizationId: string): Promise<void> {",server/src/services/advanced/complianceAsCodeService.ts:1204,organizationId in prisma where/data
097,server/src/services/advanced/complianceDigitalTwinService.ts,189,simulationScenario,create,ORG_IN_WHERE_OR_DATA,async runSimulation(,server/src/services/advanced/complianceDigitalTwinService.ts:46,organizationId referenced before write in function
098,server/src/services/advanced/complianceDigitalTwinService.ts,222,simulationResult,create,ORG_IN_WHERE_OR_DATA,async runSimulation(,server/src/services/advanced/complianceDigitalTwinService.ts:46,organizationId referenced before write in function
099,server/src/services/advanced/complianceDigitalTwinService.ts,243,auditLog,create,ORG_IN_WHERE_OR_DATA,async runSimulation(,server/src/services/advanced/complianceDigitalTwinService.ts:46,organizationId referenced before write in function
100,server/src/services/advanced/complianceDigitalTwinService.ts,1124,simulationScenario,update,ORG_IN_WHERE_OR_DATA,async saveSimulationState(,server/src/services/advanced/complianceDigitalTwinService.ts:1118,organizationId in prisma where/data
101,server/src/services/advanced/complianceDigitalTwinService.ts,1190,simulationResult,deleteMany,ORG_IN_WHERE_OR_DATA,async rollbackSimulation(,server/src/services/advanced/complianceDigitalTwinService.ts:1181,organizationId in prisma where/data
102,server/src/services/advanced/complianceDigitalTwinService.ts,1198,simulationResult,deleteMany,ORG_IN_WHERE_OR_DATA,async rollbackSimulation(,server/src/services/advanced/complianceDigitalTwinService.ts:1193,organizationId in prisma where/data
103,server/src/services/advanced/deepfakeDetectionService.ts,974,unknown,unknown,NON_PRISMA_FALSE_POSITIVE,private computeCacheKey(buffer: Buffer): string {,server/src/services/advanced/deepfakeDetectionService.ts:974,"non-prisma: return crypto.createHash('sha256').update(buffer.slice(0, Math.min(buffer.length, 65536))).digest('h"
104,server/src/services/advanced/deepfakeDetectionService.ts,1067,unknown,unknown,NON_PRISMA_FALSE_POSITIVE,private startCacheCleanup(): void {,server/src/services/advanced/deepfakeDetectionService.ts:1067,non-prisma: if (now - entry.timestamp > this.CACHE_TTL_MS) this.resultCache.delete(key);
105,server/src/services/advanced/dp/budgetLedger.ts,119,privacyBudgetLedger,create,ORG_IN_WHERE_OR_DATA,export async function commitSpend(,server/src/services/advanced/dp/budgetLedger.ts:121,organizationId in prisma where/data
106,server/src/services/advanced/dp/secretSharing.ts,48,unknown,unknown,NON_PRISMA_FALSE_POSITIVE,(unknown),server/src/services/advanced/dp/secretSharing.ts:48,"non-prisma: const prk = createHmac(HASH, salt).update(seed).digest();"
107,server/src/services/advanced/dp/secretSharing.ts,55,unknown,unknown,NON_PRISMA_FALSE_POSITIVE,(unknown),server/src/services/advanced/dp/secretSharing.ts:55,"non-prisma: h.update(Buffer.concat([prev, infoBuf, Buffer.from([i])]));"
108,server/src/services/advanced/evidenceTruthLayerService.ts,137,evidenceAnalysis,create,ORG_IN_WHERE_OR_DATA,async analyzeEvidence(,server/src/services/advanced/evidenceTruthLayerService.ts:140,organizationId in prisma where/data
109,server/src/services/advanced/evidenceTruthLayerService.ts,155,auditLog,create,ORG_IN_WHERE_OR_DATA,async analyzeEvidence(,server/src/services/advanced/evidenceTruthLayerService.ts:140,organizationId in prisma where/data
110,server/src/services/advanced/evidenceTruthLayerService.ts,548,unknown,unknown,NON_PRISMA_FALSE_POSITIVE,private generateCryptographicHash(fileBuffer: Buffer): string {,server/src/services/advanced/evidenceTruthLayerService.ts:548,non-prisma: return crypto.createHash('sha256').update(fileBuffer).digest('hex');
111,server/src/services/advanced/evidenceTruthLayerService.ts,582,unknown,unknown,NON_PRISMA_FALSE_POSITIVE,async signEvidence(,server/src/services/advanced/evidenceTruthLayerService.ts:582,non-prisma: sign.update(hash);
112,server/src/services/advanced/evidenceTruthLayerService.ts,608,unknown,unknown,NON_PRISMA_FALSE_POSITIVE,async verifyEvidenceSignature(,server/src/services/advanced/evidenceTruthLayerService.ts:608,non-prisma: verify.update(hash);
113,server/src/services/advanced/evidenceTruthLayerService.ts,673,keyUsage,create,ORG_IN_WHERE_OR_DATA,private async getOrganizationSigningKey(organizationId: string): Promise<{ priva,server/src/services/advanced/evidenceTruthLayerService.ts:665,organizationId in prisma where/data
114,server/src/services/advanced/evidenceTruthLayerService.ts,720,keyRotationPolicy,create,ORG_IN_WHERE_OR_DATA,private async getOrganizationSigningKey(organizationId: string): Promise<{ priva,server/src/services/advanced/evidenceTruthLayerService.ts:705,organizationId in prisma where/data
115,server/src/services/advanced/evidenceTruthLayerService.ts,733,keyUsage,create,ORG_IN_PRIOR_findFirst,private async getOrganizationSigningKey(organizationId: string): Promise<{ priva,server/src/services/advanced/evidenceTruthLayerService.ts:628,prior findFirst/findUnique with organizationId
116,server/src/services/advanced/evidenceTruthLayerService.ts,784,auditLog,create,NON_PRISMA_FALSE_POSITIVE,async timestampEvidence(,server/src/services/advanced/evidenceTruthLayerService.ts:784,non-prisma: const timestampHash = crypto.createHash('sha256').update(timestampData).digest('hex');
117,server/src/services/advanced/evidenceTruthLayerService.ts,787,auditLog,create,ORG_IN_WHERE_OR_DATA,async timestampEvidence(,server/src/services/advanced/evidenceTruthLayerService.ts:773,organizationId in prisma where/data
118,server/src/services/advanced/evidenceTruthLayerService.ts,824,auditLog,create,NON_PRISMA_FALSE_POSITIVE,async createChainOfCustody(,server/src/services/advanced/evidenceTruthLayerService.ts:824,non-prisma: const hash = crypto.createHash('sha256').update(chainData).digest('hex');
119,server/src/services/advanced/evidenceTruthLayerService.ts,827,auditLog,create,ORG_IN_WHERE_OR_DATA,async createChainOfCustody(,server/src/services/advanced/evidenceTruthLayerService.ts:813,organizationId in prisma where/data
120,server/src/services/advanced/evidenceTruthLayerService.ts,885,userSigningKey,create,ORG_IN_WHERE_OR_DATA,async getOrCreateUserSigningKey(,server/src/services/advanced/evidenceTruthLayerService.ts:888,organizationId in prisma where/data
121,server/src/services/advanced/evidenceTruthLayerService.ts,929,evidenceAttestation,create,NON_PRISMA_FALSE_POSITIVE,async createMultiPartyAttestation(,server/src/services/advanced/evidenceTruthLayerService.ts:929,non-prisma: signer.update(signData);
122,server/src/services/advanced/evidenceTruthLayerService.ts,933,evidenceAttestation,create,ORG_IN_WHERE_OR_DATA,async createMultiPartyAttestation(,server/src/services/advanced/evidenceTruthLayerService.ts:927,organizationId in prisma where/data
123,server/src/services/advanced/evidenceTruthLayerService.ts,958,auditLog,create,ORG_IN_WHERE_OR_DATA,async createMultiPartyAttestation(,server/src/services/advanced/evidenceTruthLayerService.ts:972,organizationId in prisma where/data
124,server/src/services/advanced/evidenceTruthLayerService.ts,2023,evidenceAnalysis,deleteMany,ORG_IN_WHERE_OR_DATA,async reanalyzeEvidence(,server/src/services/advanced/evidenceTruthLayerService.ts:2013,organizationId in prisma where/data
125,server/src/services/advanced/evidenceTruthLayerService.ts,2465,unknown,unknown,NON_PRISMA_FALSE_POSITIVE,async verifyIntegrity(,server/src/services/advanced/evidenceTruthLayerService.ts:2465,non-prisma: const currentHash = crypto.createHash('sha256').update(currentFileBuffer).digest('hex');
126,server/src/services/advanced/evidenceTruthLayerService.ts,2518,auditLog,create,ORG_IN_WHERE_OR_DATA,async verifyIntegrity(,server/src/services/advanced/evidenceTruthLayerService.ts:2523,organizationId in prisma where/data
127,server/src/services/advanced/federatedSwarmService.ts,96,auditLog,create,ORG_IN_WHERE_OR_DATA,async joinFederation(,server/src/services/advanced/federatedSwarmService.ts:83,organizationId in prisma where/data
128,server/src/services/advanced/federatedSwarmService.ts,110,federatedSwarmPeer,create,ORG_IN_WHERE_OR_DATA,async joinFederation(,server/src/services/advanced/federatedSwarmService.ts:104,organizationId in prisma where/data
129,server/src/services/advanced/federatedSwarmService.ts,136,auditLog,create,ORG_IN_WHERE_OR_DATA,async leaveFederation(,server/src/services/advanced/federatedSwarmService.ts:132,organizationId in prisma where/data
130,server/src/services/advanced/federatedSwarmService.ts,197,auditLog,create,ORG_IN_WHERE_OR_DATA,async contributeToFederation(,server/src/services/advanced/federatedSwarmService.ts:207,organizationId in prisma where/data
131,server/src/services/advanced/federatedSwarmService.ts,379,auditLog,create,ORG_IN_WHERE_OR_DATA,async recoverFederation(,server/src/services/advanced/federatedSwarmService.ts:366,organizationId in prisma where/data
132,server/src/services/advanced/federatedSwarmService.ts,702,auditLog,create,ORG_IN_WHERE_OR_DATA,async receiveFederatedModel(,server/src/services/advanced/federatedSwarmService.ts:694,organizationId in prisma where/data
133,server/src/services/advanced/federatedSwarmService.ts,754,auditLog,create,ORG_IN_WHERE_OR_DATA,async getFederatedModel(,server/src/services/advanced/federatedSwarmService.ts:748,organizationId in prisma where/data
134,server/src/services/advanced/federatedSwarmService.ts,790,auditLog,create,ORG_IN_WHERE_OR_DATA,async getFederatedModel(,server/src/services/advanced/federatedSwarmService.ts:802,organizationId in prisma where/data
135,server/src/services/advanced/federatedSwarmService.ts,1080,auditLog,create,ORG_IN_WHERE_OR_DATA,async participateInSwarm(,server/src/services/advanced/federatedSwarmService.ts:1091,organizationId in prisma where/data
136,server/src/services/advanced/federatedSwarmService.ts,1098,swarmInsight,create,ORG_IN_WHERE_OR_DATA,async participateInSwarm(,server/src/services/advanced/federatedSwarmService.ts:1091,organizationId in prisma where/data
137,server/src/services/advanced/federatedSwarmService.ts,1667,auditLog,create,ORG_IN_WHERE_OR_DATA,private async trackConvergenceHistory(,server/src/services/advanced/federatedSwarmService.ts:1677,organizationId in prisma where/data
138,server/src/services/advanced/federatedSwarmService.ts,1884,auditLog,create,ORG_IN_WHERE_OR_DATA,async rollbackModel(,server/src/services/advanced/federatedSwarmService.ts:1895,organizationId in prisma where/data
139,server/src/services/advanced/federatedSwarmService.ts,1927,auditLog,create,ORG_IN_WHERE_OR_DATA,async distributeModel(,server/src/services/advanced/federatedSwarmService.ts:1914,organizationId in prisma where/data
140,server/src/services/advanced/federatedSwarmService.ts,2220,federatedSwarmAggregation,create,ORG_IN_WHERE_OR_DATA,private async aggregatePeerContributions(,server/src/services/advanced/federatedSwarmService.ts:2207,organizationId in prisma where/data
141,server/src/services/advanced/federatedSwarmService.ts,2230,federatedSwarmAggregation,create,ORG_IN_WHERE_OR_DATA,private async aggregatePeerContributions(,server/src/services/advanced/federatedSwarmService.ts:2222,organizationId in prisma where/data
142,server/src/services/advanced/federatedSwarmService.ts,2571,auditLog,create,NON_PRISMA_FALSE_POSITIVE,async secureAggregateModels(,server/src/services/advanced/federatedSwarmService.ts:2571,non-prisma: const modelHash = crypto.createHash('sha256').update(JSON.stringify(aggregatedWeights)).digest('hex'
143,server/src/services/advanced/federatedSwarmService.ts,2576,auditLog,create,ORG_IN_WHERE_OR_DATA,async secureAggregateModels(,server/src/services/advanced/federatedSwarmService.ts:2305,organizationId referenced before write in function
144,server/src/services/advanced/federatedSwarmService.ts,2706,sCAFFOLDControlVariate,create,ORG_IN_WHERE_OR_DATA,private async aggregateScaffoldStrategy(input: {,server/src/services/advanced/federatedSwarmService.ts:2708,organizationId in prisma where/data
145,server/src/services/advanced/federatedSwarmService.ts,2718,sCAFFOLDControlVariate,upsert,ORG_IN_WHERE_OR_DATA,private async aggregateScaffoldStrategy(input: {,server/src/services/advanced/federatedSwarmService.ts:2708,organizationId in prisma where/data
146,server/src/services/advanced/federatedSwarmService.ts,2815,auditLog,create,ORG_IN_WHERE_OR_DATA,async registerPeerUpdate(,server/src/services/advanced/federatedSwarmService.ts:2818,organizationId in prisma where/data
147,server/src/services/advanced/homomorphicAIService.ts,1017,auditLog,create,ORG_IN_WHERE_OR_DATA,private async storeInferenceMetadata(,server/src/services/advanced/homomorphicAIService.ts:1012,organizationId in prisma where/data
148,server/src/services/advanced/homomorphicAIService.ts,1164,auditLog,create,ORG_IN_WHERE_OR_DATA,async performEncryptedNeuralInference(,server/src/services/advanced/homomorphicAIService.ts:1040,organizationId referenced before write in function
149,server/src/services/advanced/homomorphicAIService.ts,1168,auditLog,create,NON_PRISMA_FALSE_POSITIVE,async performEncryptedNeuralInference(,server/src/services/advanced/homomorphicAIService.ts:1168,non-prisma: hash: crypto.createHash('sha256').update(JSON.stringify({
150,server/src/services/advanced/jitAccessService.ts,244,auditLog,create,ORG_IN_WHERE_OR_DATA,async denyAccess(,server/src/services/advanced/jitAccessService.ts:248,organizationId in prisma where/data
151,server/src/services/advanced/jitAccessService.ts,367,unknown,unknown,NON_PRISMA_FALSE_POSITIVE,async revokeSession(,server/src/services/advanced/jitAccessService.ts:367,non-prisma: this.activeSessions.delete(sessionId);
152,server/src/services/advanced/jitAccessService.ts,395,auditLog,create,ORG_IN_WHERE_OR_DATA,async logSessionAction(,server/src/services/advanced/jitAccessService.ts:399,organizationId in prisma where/data
153,server/src/services/advanced/jitAccessService.ts,941,user,update,ORG_IN_WHERE_OR_DATA,private async grantTemporaryPrivilege(,server/src/services/advanced/jitAccessService.ts:993,organizationId present in function (1 refs)
154,server/src/services/advanced/jitAccessService.ts,967,user,update,ORG_IN_WHERE_OR_DATA,private async revokeTemporaryPrivilege(,server/src/services/advanced/jitAccessService.ts:993,organizationId present in function (1 refs)
155,server/src/services/advanced/jitAccessService.ts,989,auditLog,create,ORG_IN_WHERE_OR_DATA,private async storeAccessRequest(request: JITAccessRequest): Promise<void> {,server/src/services/advanced/jitAccessService.ts:993,organizationId in prisma where/data
156,server/src/services/advanced/jitAccessService.ts,1099,auditLog,create,ORG_IN_WHERE_OR_DATA,private async updateAccessRequest(request: JITAccessRequest): Promise<void> {,server/src/services/advanced/jitAccessService.ts:1103,organizationId in prisma where/data
157,server/src/services/advanced/jitAccessService.ts,1164,auditLog,create,ORG_IN_WHERE_OR_DATA,private async storeSession(session: JITSession): Promise<void> {,server/src/services/advanced/jitAccessService.ts:1168,organizationId in prisma where/data
158,server/src/services/advanced/jitAccessService.ts,1188,auditLog,create,ORG_IN_WHERE_OR_DATA,private async updateSession(session: JITSession): Promise<void> {,server/src/services/advanced/jitAccessService.ts:1192,organizationId in prisma where/data
159,server/src/services/advanced/ldapPermissionService.ts,598,unknown,unknown,NON_PRISMA_FALSE_POSITIVE,"private sendAndWait(msgId: number, data: Buffer): Promise<BERElement> {",server/src/services/advanced/ldapPermissionService.ts:598,non-prisma: this.pendingResponses.delete(msgId);
160,server/src/services/advanced/ldapPermissionService.ts,616,unknown,unknown,NON_PRISMA_FALSE_POSITIVE,"private sendAndWaitMulti(msgId: number, data: Buffer): Promise<Array<{ dn: strin",server/src/services/advanced/ldapPermissionService.ts:616,non-prisma: this.pendingResponses.delete(msgId);
161,server/src/services/advanced/ldapPermissionService.ts,659,unknown,unknown,NON_PRISMA_FALSE_POSITIVE,private handleMessage(element: BERElement): void {,server/src/services/advanced/ldapPermissionService.ts:659,non-prisma: this.pendingResponses.delete(msgId);
162,server/src/services/advanced/ldapPermissionService.ts,689,unknown,unknown,NON_PRISMA_FALSE_POSITIVE,private handleMessage(element: BERElement): void {,server/src/services/advanced/ldapPermissionService.ts:689,non-prisma: this.pendingResponses.delete(msgId);
163,server/src/services/advanced/ldapPermissionService.ts,694,unknown,unknown,NON_PRISMA_FALSE_POSITIVE,private handleMessage(element: BERElement): void {,server/src/services/advanced/ldapPermissionService.ts:694,non-prisma: this.pendingResponses.delete(msgId);
164,server/src/services/advanced/ldapPermissionService.ts,1061,unknown,unknown,NON_PRISMA_FALSE_POSITIVE,"async resolveNestedGroups(userDN: string, maxDepth: number = 10): Promise<string",server/src/services/advanced/ldapPermissionService.ts:1061,non-prisma: this.roleMappings.delete(adGroupDN);
165,server/src/services/advanced/ldapPermissionService.ts,1483,unknown,unknown,NON_PRISMA_FALSE_POSITIVE,private startCacheCleanup(): void {,server/src/services/advanced/ldapPermissionService.ts:1483,non-prisma: if (now - entry.timestamp > this.CACHE_TTL_MS) this.permissionCache.delete(key);
166,server/src/services/advanced/ldapPermissionService.ts,1486,unknown,unknown,NON_PRISMA_FALSE_POSITIVE,private startCacheCleanup(): void {,server/src/services/advanced/ldapPermissionService.ts:1486,non-prisma: if (now - entry.timestamp > this.CACHE_TTL_MS) this.userCache.delete(key);
167,server/src/services/advanced/livenessDetectionService.ts,308,unknown,unknown,NON_PRISMA_FALSE_POSITIVE,async verifyChallengeResponse(,server/src/services/advanced/livenessDetectionService.ts:308,non-prisma: this.activeChallenges.delete(challengeId);
168,server/src/services/advanced/livenessDetectionService.ts,347,unknown,unknown,NON_PRISMA_FALSE_POSITIVE,async verifyChallengeResponse(,server/src/services/advanced/livenessDetectionService.ts:347,non-prisma: this.activeChallenges.delete(challengeId);
169,server/src/services/advanced/livenessDetectionService.ts,1128,unknown,unknown,NON_PRISMA_FALSE_POSITIVE,private startChallengeCleanup(): void {,server/src/services/advanced/livenessDetectionService.ts:1128,non-prisma: if (now > challenge.expiresAt) this.activeChallenges.delete(id);
170,server/src/services/advanced/mlModelsService.ts,1033,auditLog,create,ORG_IN_WHERE_OR_DATA,async trainClassificationModel(,server/src/services/advanced/mlModelsService.ts:940,organizationId referenced before write in function
171,server/src/services/advanced/mlModelsService.ts,1137,auditLog,create,ORG_IN_WHERE_OR_DATA,async trainRegressionModel(,server/src/services/advanced/mlModelsService.ts:1140,organizationId in prisma where/data
172,server/src/services/advanced/mqttService.ts,173,unknown,unknown,NON_PRISMA_FALSE_POSITIVE,private setupDefaultSubscriptions(): void {,server/src/services/advanced/mqttService.ts:173,non-prisma: this.subscriptions.delete(topic);
173,server/src/services/advanced/mqttService.ts,281,ioTDevice,update,ORG_IN_WHERE_OR_DATA,private async handleDeviceData(message: DeviceMessage): Promise<void> {,server/src/services/advanced/mqttService.ts:293,organizationId present in function (1 refs)
174,server/src/services/advanced/mqttService.ts,317,ioTDevice,update,ORG_IN_WHERE_OR_DATA,private async handleDeviceStatus(message: DeviceMessage): Promise<void> {,server/src/services/advanced/mqttService.ts:350,organizationId present in function (1 refs)
175,server/src/services/advanced/mqttService.ts,347,edgeComplianceCheck,create,ORG_IN_WHERE_OR_DATA,private async handleComplianceCheck(message: DeviceMessage): Promise<void> {,server/src/services/advanced/mqttService.ts:350,organizationId in prisma where/data
176,server/src/services/advanced/multimodalIntakeService.ts,498,transcriptionResult,create,ORG_IN_WHERE_OR_DATA,private async storeTranscriptionResult(,server/src/services/advanced/multimodalIntakeService.ts:492,organizationId in prisma where/data
177,server/src/services/advanced/neuroSymbolicAIService.ts,1355,auditLog,create,ORG_IN_WHERE_OR_DATA,private async storeCausalGraph(,server/src/services/advanced/neuroSymbolicAIService.ts:1352,organizationId in prisma where/data
178,server/src/services/advanced/neuroSymbolicAIService.ts,1378,neuroSymbolicReasoning,create,ORG_IN_WHERE_OR_DATA,private async storeReasoningResult(reasoning: NeuralSymbolicReasoning): Promise<,server/src/services/advanced/neuroSymbolicAIService.ts:1381,organizationId in prisma where/data
179,server/src/services/advanced/neuroSymbolicAIService.ts,1406,ruleInference,create,ORG_IN_WHERE_OR_DATA,private async storeRuleInferences(inferences: RuleInference[]): Promise<void> {,server/src/services/advanced/neuroSymbolicAIService.ts:1410,organizationId in prisma where/data
180,server/src/services/advanced/neuroSymbolicAIService.ts,1499,ruleInference,update,ORG_IN_WHERE_OR_DATA,async validateInferredRule(,server/src/services/advanced/neuroSymbolicAIService.ts:1493,organizationId in prisma where/data
181,server/src/services/advanced/neuroSymbolicAIService.ts,1835,unknown,unknown,NON_PRISMA_FALSE_POSITIVE,private async getOrBuildKnowledgeGraph(organizationId: string): Promise<Knowledg,server/src/services/advanced/neuroSymbolicAIService.ts:1835,non-prisma: this._knowledgeGraphCache?.delete(cacheKey);
182,server/src/services/advanced/physicalAIService.ts,209,ioTDevice,create,ORG_IN_WHERE_OR_DATA,async registerDevice(,server/src/services/advanced/physicalAIService.ts:212,organizationId in prisma where/data
183,server/src/services/advanced/physicalAIService.ts,256,ioTDevice,update,ORG_IN_PRIOR_findFirst,async registerDevice(,server/src/services/advanced/physicalAIService.ts:175,prior findFirst/findUnique with organizationId
184,server/src/services/advanced/physicalAIService.ts,262,ioTDevice,update,ORG_IN_PRIOR_findFirst,async registerDevice(,server/src/services/advanced/physicalAIService.ts:175,prior findFirst/findUnique with organizationId
185,server/src/services/advanced/physicalAIService.ts,414,ioTDevice,delete,ORG_IN_WHERE_OR_DATA,async deregisterDevice(,server/src/services/advanced/physicalAIService.ts:428,organizationId in prisma where/data
186,server/src/services/advanced/physicalAIService.ts,419,ioTDevice,delete,ORG_IN_WHERE_OR_DATA,async deregisterDevice(,server/src/services/advanced/physicalAIService.ts:428,organizationId in prisma where/data
187,server/src/services/advanced/physicalAIService.ts,453,ioTDevice,updateMany,ORG_IN_WHERE_OR_DATA,private async handleDeviceMessage(,server/src/services/advanced/physicalAIService.ts:445,organizationId in prisma where/data
188,server/src/services/advanced/physicalAIService.ts,502,auditLog,create,ORG_IN_WHERE_OR_DATA,private async updateBatteryTracking(,server/src/services/advanced/physicalAIService.ts:496,organizationId in prisma where/data
189,server/src/services/advanced/physicalAIService.ts,538,auditLog,create,ORG_IN_WHERE_OR_DATA,private async updateConnectionQualityTracking(,server/src/services/advanced/physicalAIService.ts:532,organizationId in prisma where/data
190,server/src/services/advanced/physicalAIService.ts,629,edgeComplianceCheck,create,ORG_IN_WHERE_OR_DATA,async performEdgeComplianceCheck(,server/src/services/advanced/physicalAIService.ts:632,organizationId in prisma where/data
191,server/src/services/advanced/physicalAIService.ts,643,ioTDevice,update,ORG_IN_WHERE_OR_DATA,async performEdgeComplianceCheck(,server/src/services/advanced/physicalAIService.ts:632,organizationId in prisma where/data
192,server/src/services/advanced/physicalAIService.ts,1157,unknown,unknown,NON_PRISMA_FALSE_POSITIVE,async receiveSensorData(,server/src/services/advanced/physicalAIService.ts:1157,non-prisma: const attestationHash = crypto.createHash('sha256').update(dataString).digest('hex');
193,server/src/services/advanced/physicalAIService.ts,1166,unknown,unknown,NON_PRISMA_FALSE_POSITIVE,async receiveSensorData(,server/src/services/advanced/physicalAIService.ts:1166,non-prisma: .update(attestationHash)
194,server/src/services/advanced/physicalAIService.ts,1179,ioTDevice,updateMany,ORG_IN_WHERE_OR_DATA,async receiveSensorData(,server/src/services/advanced/physicalAIService.ts:1182,organizationId in prisma where/data
195,server/src/services/advanced/physicalAIService.ts,1191,auditLog,create,ORG_IN_WHERE_OR_DATA,async receiveSensorData(,server/src/services/advanced/physicalAIService.ts:1182,organizationId in prisma where/data
196,server/src/services/advanced/physicalAIService.ts,1333,auditLog,create,ORG_IN_WHERE_OR_DATA,private async detectAnomalies(,server/src/services/advanced/physicalAIService.ts:1220,organizationId referenced before write in function
197,server/src/services/advanced/physicalAIService.ts,1647,auditLog,create,ORG_IN_WHERE_OR_DATA,private async alertOnDeviceFailure(,server/src/services/advanced/physicalAIService.ts:1643,organizationId in prisma where/data
198,server/src/services/advanced/physicalAIService.ts,2968,auditLog,create,ORG_IN_PRIOR_findFirst,async validateFirmware(,server/src/services/advanced/physicalAIService.ts:2851,prior findFirst/findUnique with organizationId
199,server/src/services/advanced/redTeamService.ts,247,auditLog,create,ORG_IN_WHERE_OR_DATA,async runRedTeamSimulation(,server/src/services/advanced/redTeamService.ts:62,organizationId referenced before write in function
200,server/src/services/advanced/redTeamService.ts,299,auditLog,create,ORG_IN_WHERE_OR_DATA,async runRedTeamSimulation(,server/src/services/advanced/redTeamService.ts:62,organizationId referenced before write in function
201,server/src/services/advanced/redTeamService.ts,1059,auditLog,create,ORG_IN_WHERE_OR_DATA,async runAutomatedScan(,server/src/services/advanced/redTeamService.ts:1047,organizationId in prisma where/data
202,server/src/services/advanced/redTeamService.ts,1373,auditLog,create,ORG_IN_WHERE_OR_DATA,async scheduleScan(,server/src/services/advanced/redTeamService.ts:1360,organizationId in prisma where/data
203,server/src/services/advanced/redTeamService.ts,1632,auditLog,create,ORG_IN_WHERE_OR_DATA,async markFalsePositive(,server/src/services/advanced/redTeamService.ts:1617,organizationId in prisma where/data
204,server/src/services/advanced/regulatoryIntelligenceFabricService.ts,188,regulatoryChange,create,ORG_IN_WHERE_OR_DATA,async ingestRegulation(,server/src/services/advanced/regulatoryIntelligenceFabricService.ts:89,organizationId referenced before write in function
205,server/src/services/advanced/regulatoryIntelligenceFabricService.ts,220,auditLog,create,ORG_IN_WHERE_OR_DATA,async ingestRegulation(,server/src/services/advanced/regulatoryIntelligenceFabricService.ts:89,organizationId referenced before write in function
206,server/src/services/advanced/regulatoryIntelligenceFabricService.ts,243,auditLog,create,ORG_IN_WHERE_OR_DATA,async ingestRegulation(,server/src/services/advanced/regulatoryIntelligenceFabricService.ts:89,organizationId referenced before write in function
207,server/src/services/advanced/regulatoryIntelligenceFabricService.ts,305,unknown,unknown,NON_PRISMA_FALSE_POSITIVE,private async detectDuplicate(,server/src/services/advanced/regulatoryIntelligenceFabricService.ts:305,non-prisma: const hash = crypto.createHash('sha256').update(regulationText).digest('hex');
208,server/src/services/advanced/regulatoryIntelligenceFabricService.ts,314,unknown,unknown,NON_PRISMA_FALSE_POSITIVE,private async detectDuplicate(,server/src/services/advanced/regulatoryIntelligenceFabricService.ts:314,non-prisma: const existingHash = crypto.createHash('sha256').update(change.regulationText).digest('hex');
209,server/src/services/advanced/regulatoryIntelligenceFabricService.ts,1152,regulatoryChange,create,ORG_IN_WHERE_OR_DATA,async detectConflicts(,server/src/services/advanced/regulatoryIntelligenceFabricService.ts:995,organizationId referenced before write in function
210,server/src/services/advanced/regulatoryIntelligenceFabricService.ts,1176,auditLog,create,ORG_IN_WHERE_OR_DATA,async detectConflicts(,server/src/services/advanced/regulatoryIntelligenceFabricService.ts:995,organizationId referenced before write in function
211,server/src/services/advanced/regulatoryIntelligenceFabricService.ts,1322,auditLog,create,ORG_IN_WHERE_OR_DATA,private async notifyConflictStakeholders(,server/src/services/advanced/regulatoryIntelligenceFabricService.ts:1331,organizationId in prisma where/data
212,server/src/services/advanced/regulatoryIntelligenceFabricService.ts,1448,auditLog,create,ORG_IN_WHERE_OR_DATA,async resolveConflict(,server/src/services/advanced/regulatoryIntelligenceFabricService.ts:1441,organizationId in prisma where/data
213,server/src/services/advanced/regulatoryIntelligenceFabricService.ts,1620,frameworkControl,update,ORG_IN_PRIOR_findFirst,async autoUpdateControls(,server/src/services/advanced/regulatoryIntelligenceFabricService.ts:1543,prior findFirst/findUnique with organizationId
214,server/src/services/advanced/regulatoryIntelligenceFabricService.ts,1642,frameworkControl,create,ORG_IN_PRIOR_findFirst,async autoUpdateControls(,server/src/services/advanced/regulatoryIntelligenceFabricService.ts:1543,prior findFirst/findUnique with organizationId
215,server/src/services/advanced/regulatoryIntelligenceFabricService.ts,1664,regulatoryChange,update,ORG_IN_PRIOR_findFirst,async autoUpdateControls(,server/src/services/advanced/regulatoryIntelligenceFabricService.ts:1543,prior findFirst/findUnique with organizationId
216,server/src/services/advanced/regulatoryIntelligenceFabricService.ts,1673,regulatoryChange,update,ORG_IN_PRIOR_findFirst,async autoUpdateControls(,server/src/services/advanced/regulatoryIntelligenceFabricService.ts:1543,prior findFirst/findUnique with organizationId
217,server/src/services/advanced/regulatoryIntelligenceFabricService.ts,1718,auditLog,create,ORG_IN_PRIOR_findFirst,async autoUpdateControls(,server/src/services/advanced/regulatoryIntelligenceFabricService.ts:1543,prior findFirst/findUnique with organizationId
218,server/src/services/advanced/regulatoryIntelligenceFabricService.ts,1820,auditLog,create,ORG_IN_WHERE_OR_DATA,private async createCheckpoint(,server/src/services/advanced/regulatoryIntelligenceFabricService.ts:1825,organizationId in prisma where/data
219,server/src/services/advanced/regulatoryIntelligenceFabricService.ts,1923,auditLog,create,ORG_IN_WHERE_OR_DATA,private async queueForApproval(,server/src/services/advanced/regulatoryIntelligenceFabricService.ts:1913,organizationId in prisma where/data
220,server/src/services/advanced/regulatoryIntelligenceFabricService.ts,2016,auditLog,create,ORG_IN_WHERE_OR_DATA,async approveAutoUpdate(,server/src/services/advanced/regulatoryIntelligenceFabricService.ts:2010,organizationId in prisma where/data
221,server/src/services/advanced/regulatoryIntelligenceFabricService.ts,2073,frameworkControl,update,ORG_IN_PRIOR_findFirst,async rollbackAutoUpdate(,server/src/services/advanced/regulatoryIntelligenceFabricService.ts:2055,prior findFirst/findUnique with organizationId
222,server/src/services/advanced/regulatoryIntelligenceFabricService.ts,2089,auditLog,create,ORG_IN_WHERE_OR_DATA,async rollbackAutoUpdate(,server/src/services/advanced/regulatoryIntelligenceFabricService.ts:2099,organizationId in prisma where/data
223,server/src/services/advanced/regulatoryIntelligenceFabricService.ts,2232,auditLog,create,ORG_IN_WHERE_OR_DATA,private async notifyAutoUpdateStakeholders(,server/src/services/advanced/regulatoryIntelligenceFabricService.ts:2241,organizationId in prisma where/data
224,server/src/services/advanced/regulatoryIntelligenceFabricService.ts,2331,unknown,unknown,NON_PRISMA_FALSE_POSITIVE,async monitorRegulatoryFeeds(,server/src/services/advanced/regulatoryIntelligenceFabricService.ts:2331,non-prisma: const itemHash = crypto.createHash('sha256').update(item.url || item.title || '').digest('hex');
225,server/src/services/advanced/regulatoryIntelligenceFabricService.ts,2360,auditLog,create,ORG_IN_WHERE_OR_DATA,async monitorRegulatoryFeeds(,server/src/services/advanced/regulatoryIntelligenceFabricService.ts:2254,organizationId referenced before write in function
226,server/src/services/advanced/regulatoryIntelligenceFabricService.ts,2608,regulatoryFeed,updateMany,NON_PRISMA_FALSE_POSITIVE,private async monitorWebsiteChanges(,server/src/services/advanced/regulatoryIntelligenceFabricService.ts:2608,non-prisma: const contentHash = crypto.createHash('sha256').update(response.data).digest('hex');
227,server/src/services/advanced/regulatoryIntelligenceFabricService.ts,2618,regulatoryFeed,updateMany,ORG_IN_WHERE_OR_DATA,private async monitorWebsiteChanges(,server/src/services/advanced/regulatoryIntelligenceFabricService.ts:2619,organizationId in prisma where/data
228,server/src/services/advanced/regulatoryIntelligenceFabricService.ts,2718,regulatoryFeed,updateMany,ORG_IN_WHERE_OR_DATA,private async updateFeedStatus(,server/src/services/advanced/regulatoryIntelligenceFabricService.ts:2712,organizationId in prisma where/data
229,server/src/services/advanced/regulatoryIntelligenceFabricService.ts,2733,auditLog,create,ORG_IN_WHERE_OR_DATA,private async updateFeedStatus(,server/src/services/advanced/regulatoryIntelligenceFabricService.ts:2721,organizationId in prisma where/data
230,server/src/services/advanced/regulatoryIntelligenceFabricService.ts,2772,regulatoryFeed,create,ORG_IN_WHERE_OR_DATA,async addFeed(,server/src/services/advanced/regulatoryIntelligenceFabricService.ts:2774,organizationId in prisma where/data
231,server/src/services/advanced/regulatoryIntelligenceFabricService.ts,2797,auditLog,create,ORG_IN_WHERE_OR_DATA,async addFeed(,server/src/services/advanced/regulatoryIntelligenceFabricService.ts:2792,organizationId in prisma where/data
232,server/src/services/advanced/regulatoryIntelligenceFabricService.ts,2826,regulatoryFeed,deleteMany,ORG_IN_WHERE_OR_DATA,async removeFeed(,server/src/services/advanced/regulatoryIntelligenceFabricService.ts:2821,organizationId in prisma where/data
233,server/src/services/advanced/regulatoryIntelligenceFabricService.ts,2834,regulatoryFeed,deleteMany,ORG_IN_WHERE_OR_DATA,async removeFeed(,server/src/services/advanced/regulatoryIntelligenceFabricService.ts:2821,organizationId in prisma where/data
234,server/src/services/advanced/regulatoryIntelligenceFabricService.ts,2894,regulatoryFeed,updateMany,ORG_IN_WHERE_OR_DATA,async updateFeed(,server/src/services/advanced/regulatoryIntelligenceFabricService.ts:2882,organizationId in prisma where/data
235,server/src/services/advanced/regulatoryIntelligenceFabricService.ts,2918,auditLog,create,ORG_IN_WHERE_OR_DATA,async updateFeed(,server/src/services/advanced/regulatoryIntelligenceFabricService.ts:2910,organizationId in prisma where/data
236,server/src/services/advanced/swarmTaskAllocationService.ts,328,auditLog,create,ORG_IN_WHERE_OR_DATA,async registerAgent(,server/src/services/advanced/swarmTaskAllocationService.ts:338,organizationId in prisma where/data
237,server/src/services/advanced/swarmTaskAllocationService.ts,383,auditLog,create,ORG_IN_WHERE_OR_DATA,async updateAgentStatus(,server/src/services/advanced/swarmTaskAllocationService.ts:392,organizationId in prisma where/data
238,server/src/services/advanced/swarmTaskAllocationService.ts,416,auditLog,create,ORG_IN_WHERE_OR_DATA,async deactivateAgent(,server/src/services/advanced/swarmTaskAllocationService.ts:411,organizationId in prisma where/data
239,server/src/services/advanced/swarmTaskAllocationService.ts,450,auditLog,create,ORG_IN_WHERE_OR_DATA,async reactivateAgent(,server/src/services/advanced/swarmTaskAllocationService.ts:438,organizationId in prisma where/data
240,server/src/services/advanced/swarmTaskAllocationService.ts,575,auditLog,create,ORG_IN_WHERE_OR_DATA,async submitTask(,server/src/services/advanced/swarmTaskAllocationService.ts:503,organizationId referenced before write in function
241,server/src/services/advanced/swarmTaskAllocationService.ts,1067,auditLog,create,ORG_IN_WHERE_OR_DATA,async reportProgress(,server/src/services/advanced/swarmTaskAllocationService.ts:1077,organizationId in prisma where/data
242,server/src/services/advanced/swarmTaskAllocationService.ts,1174,auditLog,create,NON_PRISMA_FALSE_POSITIVE,async completeTask(,server/src/services/advanced/swarmTaskAllocationService.ts:1174,non-prisma: this.activeTasks.delete(taskId);
243,server/src/services/advanced/swarmTaskAllocationService.ts,1181,auditLog,create,ORG_IN_WHERE_OR_DATA,async completeTask(,server/src/services/advanced/swarmTaskAllocationService.ts:1110,organizationId referenced before write in function
244,server/src/services/advanced/swarmTaskAllocationService.ts,1224,unknown,unknown,NON_PRISMA_FALSE_POSITIVE,"async cancelTask(taskId: string, reason: string, userId: string): Promise<SwarmT",server/src/services/advanced/swarmTaskAllocationService.ts:1224,non-prisma: this.activeTasks.delete(taskId);
245,server/src/services/advanced/swarmTaskAllocationService.ts,1245,auditLog,create,ORG_IN_WHERE_OR_DATA,"async cancelTask(taskId: string, reason: string, userId: string): Promise<SwarmT",server/src/services/advanced/swarmTaskAllocationService.ts:1253,organizationId in prisma where/data
246,server/src/services/advanced/swarmTaskAllocationService.ts,1527,auditLog,create,ORG_IN_WHERE_OR_DATA,async resolveMetricAlert(,server/src/services/advanced/swarmTaskAllocationService.ts:1517,organizationId in prisma where/data
247,server/src/services/advanced/swarmTaskAllocationService.ts,1655,unknown,unknown,NON_PRISMA_FALSE_POSITIVE,private async reassignTasksFromAgent(agentId: string): Promise<void> {,server/src/services/advanced/swarmTaskAllocationService.ts:1655,non-prisma: this.activeTasks.delete(taskId);
248,server/src/services/advanced/swarmTaskAllocationService.ts,1667,unknown,unknown,NON_PRISMA_FALSE_POSITIVE,private async reassignTasksFromAgent(agentId: string): Promise<void> {,server/src/services/advanced/swarmTaskAllocationService.ts:1667,non-prisma: this.activeTasks.delete(taskId);
249,server/src/services/advanced/swarmTaskAllocationService.ts,1753,unknown,unknown,NON_PRISMA_FALSE_POSITIVE,"private async handleTaskTimeout(taskId: string, timeoutType: string): Promise<vo",server/src/services/advanced/swarmTaskAllocationService.ts:1753,non-prisma: this.activeTasks.delete(taskId);
250,server/src/services/advanced/swarmTaskAllocationService.ts,1774,auditLog,create,NON_PRISMA_FALSE_POSITIVE,"private async handleTaskTimeout(taskId: string, timeoutType: string): Promise<vo",server/src/services/advanced/swarmTaskAllocationService.ts:1774,non-prisma: this.activeTasks.delete(taskId);
251,server/src/services/advanced/swarmTaskAllocationService.ts,1777,auditLog,create,ORG_IN_WHERE_OR_DATA,"private async handleTaskTimeout(taskId: string, timeoutType: string): Promise<vo",server/src/services/advanced/swarmTaskAllocationService.ts:1786,organizationId in prisma where/data
252,server/src/services/advanced/swarmTaskAllocationService.ts,1912,unknown,unknown,NON_PRISMA_FALSE_POSITIVE,private async checkAndQueueDependentTasks(completedTaskId: string): Promise<void,server/src/services/advanced/swarmTaskAllocationService.ts:1912,non-prisma: this.activeTasks.delete(task.id);
253,server/src/services/advanced/temporalGraphNetworkService.ts,156,riskPrediction,create,ORG_IN_WHERE_OR_DATA,async predictFutureRisks(,server/src/services/advanced/temporalGraphNetworkService.ts:46,organizationId referenced before write in function
254,server/src/services/advanced/temporalGraphNetworkService.ts,684,riskPrediction,deleteMany,ORG_IN_WHERE_OR_DATA,async refreshRiskPredictions(,server/src/services/advanced/temporalGraphNetworkService.ts:679,organizationId in prisma where/data
255,server/src/services/advanced/temporalGraphNetworkService.ts,1239,auditLog,create,ORG_IN_WHERE_OR_DATA,async acknowledgeWarning(,server/src/services/advanced/temporalGraphNetworkService.ts:1233,organizationId in prisma where/data
256,server/src/services/advanced/temporalGraphNetworkService.ts,1272,auditLog,create,ORG_IN_WHERE_OR_DATA,"private async trackFalsePositive(organizationId: string, warningId: string): Pro",server/src/services/advanced/temporalGraphNetworkService.ts:1269,organizationId in prisma where/data
257,server/src/services/advanced/temporalGraphNetworkService.ts,1637,complianceTrajectory,deleteMany,ORG_IN_WHERE_OR_DATA,async recalculateTrajectory(,server/src/services/advanced/temporalGraphNetworkService.ts:1632,organizationId in prisma where/data
258,server/src/services/advanced/vrCollaborativeReviewService.ts,530,vRCollaborativeSession,updateMany,NON_PRISMA_FALSE_POSITIVE,private async markSessionExpired(sessionId: string): Promise<void> {,server/src/services/advanced/vrCollaborativeReviewService.ts:530,non-prisma: this.activeSessions.delete(sessionId);
259,server/src/services/advanced/vrCollaborativeReviewService.ts,531,vRCollaborativeSession,updateMany,NON_PRISMA_FALSE_POSITIVE,private async markSessionExpired(sessionId: string): Promise<void> {,server/src/services/advanced/vrCollaborativeReviewService.ts:531,non-prisma: this.sessionParticipants.delete(sessionId);
260,server/src/services/advanced/vrCollaborativeReviewService.ts,532,vRCollaborativeSession,updateMany,NON_PRISMA_FALSE_POSITIVE,private async markSessionExpired(sessionId: string): Promise<void> {,server/src/services/advanced/vrCollaborativeReviewService.ts:532,non-prisma: this.sessionChats.delete(sessionId);
261,server/src/services/advanced/vrCollaborativeReviewService.ts,533,vRCollaborativeSession,updateMany,NON_PRISMA_FALSE_POSITIVE,private async markSessionExpired(sessionId: string): Promise<void> {,server/src/services/advanced/vrCollaborativeReviewService.ts:533,non-prisma: this.voiceChatStates.delete(sessionId);
262,server/src/services/advanced/vrCollaborativeReviewService.ts,534,vRCollaborativeSession,updateMany,NON_PRISMA_FALSE_POSITIVE,private async markSessionExpired(sessionId: string): Promise<void> {,server/src/services/advanced/vrCollaborativeReviewService.ts:534,non-prisma: this.annotations.delete(sessionId);
263,server/src/services/advanced/vrCollaborativeReviewService.ts,537,vRCollaborativeSession,updateMany,ORG_IN_WHERE_OR_DATA,private async markSessionExpired(sessionId: string): Promise<void> {,server/src/services/advanced/vrCollaborativeReviewService.ts:604,organizationId present in function (1 refs)
264,server/src/services/advanced/vrCollaborativeReviewService.ts,736,vRCollaborativeSession,create,ORG_IN_WHERE_OR_DATA,async createSession(,server/src/services/advanced/vrCollaborativeReviewService.ts:646,organizationId referenced before write in function
265,server/src/services/advanced/vrCollaborativeReviewService.ts,757,auditLog,create,ORG_IN_WHERE_OR_DATA,async createSession(,server/src/services/advanced/vrCollaborativeReviewService.ts:646,organizationId referenced before write in function
266,server/src/services/advanced/vrCollaborativeReviewService.ts,855,vRCollaborativeSession,update,PARENT_ORG_VERIFIED,async joinSession(,server/src/services/advanced/vrCollaborativeReviewService.ts:799,session from activeSessions map populated at createSession with organizationId
267,server/src/services/advanced/vrCollaborativeReviewService.ts,864,vRCollaborativeSession,update,ORG_IN_WHERE_OR_DATA,async joinSession(,server/src/services/advanced/vrCollaborativeReviewService.ts:873,auditLog.create includes organizationId: session.organizationId
268,server/src/services/advanced/vrCollaborativeReviewService.ts,903,unknown,unknown,NON_PRISMA_FALSE_POSITIVE,"async leaveSession(sessionId: string, userId: string): Promise<void> {",server/src/services/advanced/vrCollaborativeReviewService.ts:903,non-prisma: this.sessionParticipants.get(sessionId)?.delete(userId);
269,server/src/services/advanced/vrCollaborativeReviewService.ts,922,vRCollaborativeSession,update,ORG_IN_WHERE_OR_DATA,"async leaveSession(sessionId: string, userId: string): Promise<void> {",server/src/services/advanced/vrCollaborativeReviewService.ts:939,organizationId present in function (1 refs)
270,server/src/services/advanced/vrCollaborativeReviewService.ts,931,vRCollaborativeSession,update,ORG_IN_WHERE_OR_DATA,"async leaveSession(sessionId: string, userId: string): Promise<void> {",server/src/services/advanced/vrCollaborativeReviewService.ts:939,organizationId in prisma where/data
271,server/src/services/advanced/vrCollaborativeReviewService.ts,970,vRCollaborativeSession,update,ORG_IN_WHERE_OR_DATA,"async startSession(sessionId: string, hostUserId: string): Promise<VRSession> {",server/src/services/advanced/vrCollaborativeReviewService.ts:987,organizationId present in function (1 refs)
272,server/src/services/advanced/vrCollaborativeReviewService.ts,979,vRCollaborativeSession,update,ORG_IN_WHERE_OR_DATA,"async startSession(sessionId: string, hostUserId: string): Promise<VRSession> {",server/src/services/advanced/vrCollaborativeReviewService.ts:987,organizationId in prisma where/data
273,server/src/services/advanced/vrCollaborativeReviewService.ts,1025,vRCollaborativeSession,update,ORG_IN_WHERE_OR_DATA,async endSession(,server/src/services/advanced/vrCollaborativeReviewService.ts:1048,organizationId present in function (1 refs)
274,server/src/services/advanced/vrCollaborativeReviewService.ts,1039,auditLog,create,ORG_IN_WHERE_OR_DATA,async endSession(,server/src/services/advanced/vrCollaborativeReviewService.ts:1048,organizationId in prisma where/data
275,server/src/services/advanced/vrCollaborativeReviewService.ts,1054,unknown,unknown,NON_PRISMA_FALSE_POSITIVE,async endSession(,server/src/services/advanced/vrCollaborativeReviewService.ts:1054,non-prisma: this.activeSessions.delete(sessionId);
276,server/src/services/advanced/vrCollaborativeReviewService.ts,1055,unknown,unknown,NON_PRISMA_FALSE_POSITIVE,async endSession(,server/src/services/advanced/vrCollaborativeReviewService.ts:1055,non-prisma: this.sessionParticipants.delete(sessionId);
277,server/src/services/advanced/vrCollaborativeReviewService.ts,1056,unknown,unknown,NON_PRISMA_FALSE_POSITIVE,async endSession(,server/src/services/advanced/vrCollaborativeReviewService.ts:1056,non-prisma: this.sessionChats.delete(sessionId);
278,server/src/services/advanced/vrCollaborativeReviewService.ts,1057,unknown,unknown,NON_PRISMA_FALSE_POSITIVE,async endSession(,server/src/services/advanced/vrCollaborativeReviewService.ts:1057,non-prisma: this.voiceChatStates.delete(sessionId);
279,server/src/services/advanced/vrCollaborativeReviewService.ts,1058,unknown,unknown,NON_PRISMA_FALSE_POSITIVE,async endSession(,server/src/services/advanced/vrCollaborativeReviewService.ts:1058,non-prisma: this.annotations.delete(sessionId);
280,server/src/services/advanced/vrCollaborativeReviewService.ts,1120,auditLog,create,ORG_IN_WHERE_OR_DATA,async addAnnotation(,server/src/services/advanced/vrCollaborativeReviewService.ts:1125,organizationId in prisma where/data
281,server/src/services/advanced/vrCollaborativeReviewService.ts,1214,vRTrainingScenario,create,ORG_IN_WHERE_OR_DATA,async createTrainingScenario(,server/src/services/advanced/vrCollaborativeReviewService.ts:1217,organizationId in prisma where/data
282,server/src/services/advanced/vrCollaborativeReviewService.ts,1268,vRTrainingSession,create,ORG_IN_WHERE_OR_DATA,async startTrainingSession(,server/src/services/advanced/vrCollaborativeReviewService.ts:1255,organizationId in prisma where/data
283,server/src/services/advanced/vrCollaborativeReviewService.ts,1459,auditLog,create,ORG_IN_WHERE_OR_DATA,async completeTraining(,server/src/services/advanced/vrCollaborativeReviewService.ts:1464,organizationId in prisma where/data
284,server/src/services/advanced/vrCollaborativeReviewService.ts,1470,auditLog,create,ORG_IN_WHERE_OR_DATA,async completeTraining(,server/src/services/advanced/vrCollaborativeReviewService.ts:1464,organizationId in prisma where/data
285,server/src/services/advanced/vrCollaborativeReviewService.ts,1562,auditLog,create,ORG_IN_WHERE_OR_DATA,async startRecording(,server/src/services/advanced/vrCollaborativeReviewService.ts:1571,organizationId in prisma where/data
286,server/src/services/advanced/vrCollaborativeReviewService.ts,1633,unknown,unknown,NON_PRISMA_FALSE_POSITIVE,async getActiveSessions(organizationId: string): Promise<VRSession[]> {,server/src/services/advanced/vrCollaborativeReviewService.ts:1633,non-prisma: this.activeSessions.delete(dbSession.sessionId);
287,server/src/services/advanced/vrCollaborativeReviewService.ts,1682,vRSessionPerformance,create,ORG_IN_WHERE_OR_DATA,async recordPerformanceMetrics(,server/src/services/advanced/vrCollaborativeReviewService.ts:1675,organizationId referenced before write in function
288,server/src/services/advanced/vrCollaborativeReviewService.ts,1791,auditLog,create,ORG_IN_WHERE_OR_DATA,async editAnnotation(,server/src/services/advanced/vrCollaborativeReviewService.ts:1796,organizationId in prisma where/data
289,server/src/services/advanced/vrCollaborativeReviewService.ts,1837,auditLog,create,ORG_IN_WHERE_OR_DATA,async deleteAnnotation(,server/src/services/advanced/vrCollaborativeReviewService.ts:1842,organizationId in prisma where/data
290,server/src/services/advanced/vrCollaborativeReviewService.ts,1968,auditLog,create,ORG_IN_WHERE_OR_DATA,async addVoiceAnnotation(,server/src/services/advanced/vrCollaborativeReviewService.ts:1973,organizationId in prisma where/data
291,server/src/services/advanced/vrCollaborativeReviewService.ts,2214,auditLog,create,ORG_IN_WHERE_OR_DATA,private async initializeWebRTCConnections(sessionId: string): Promise<void> {,server/src/services/advanced/vrCollaborativeReviewService.ts:2225,organizationId in prisma where/data
292,server/src/services/advanced/vrCollaborativeReviewService.ts,2370,auditLog,create,ORG_IN_WHERE_OR_DATA,async joinVoiceChat(,server/src/services/advanced/vrCollaborativeReviewService.ts:2379,auditLog.create includes organizationId: session.organizationId
293,server/src/services/advanced/vrCollaborativeReviewService.ts,2526,auditLog,create,ORG_IN_WHERE_OR_DATA,async enableScreenSharing(,server/src/services/advanced/vrCollaborativeReviewService.ts:2537,organizationId in prisma where/data
294,server/src/services/advanced/vrCollaborativeReviewService.ts,3789,auditLog,create,ORG_IN_WHERE_OR_DATA,async loadScenarioFromTemplate(,server/src/services/advanced/vrCollaborativeReviewService.ts:3504,organizationId referenced before write in function
295,server/src/services/advanced/webrtcSignalingService.ts,284,unknown,unknown,NON_PRISMA_FALSE_POSITIVE,"private dtlsFingerprints: Map<string, string> = new Map();",server/src/services/advanced/webrtcSignalingService.ts:284,non-prisma: this.sessions.delete(sessionId);
296,server/src/services/advanced/webrtcSignalingService.ts,625,unknown,unknown,NON_PRISMA_FALSE_POSITIVE,private handleJoinSession(,server/src/services/advanced/webrtcSignalingService.ts:625,non-prisma: this.peersBySocket.delete(oldPeer.socketId);
297,server/src/services/advanced/webrtcSignalingService.ts,626,unknown,unknown,NON_PRISMA_FALSE_POSITIVE,private handleJoinSession(,server/src/services/advanced/webrtcSignalingService.ts:626,non-prisma: this.reconnectStates.delete(existingPeerId);
298,server/src/services/advanced/webrtcSignalingService.ts,1266,unknown,unknown,NON_PRISMA_FALSE_POSITIVE,"private handleDisconnect(socket: AuthenticatedSocket, reason: string): void {",server/src/services/advanced/webrtcSignalingService.ts:1266,non-prisma: this.reconnectStates.delete(peerId);
299,server/src/services/advanced/webrtcSignalingService.ts,1271,unknown,unknown,NON_PRISMA_FALSE_POSITIVE,"private handleDisconnect(socket: AuthenticatedSocket, reason: string): void {",server/src/services/advanced/webrtcSignalingService.ts:1271,non-prisma: this.peersBySocket.delete(socket.id);
300,server/src/services/advanced/webrtcSignalingService.ts,1292,unknown,unknown,NON_PRISMA_FALSE_POSITIVE,"private removePeerFromSession(peerId: string, sessionId: string, reason: string)",server/src/services/advanced/webrtcSignalingService.ts:1292,non-prisma: this.peersBySocket.delete(peer.socketId);
301,server/src/services/advanced/webrtcSignalingService.ts,1295,unknown,unknown,NON_PRISMA_FALSE_POSITIVE,"private removePeerFromSession(peerId: string, sessionId: string, reason: string)",server/src/services/advanced/webrtcSignalingService.ts:1295,non-prisma: this.dtlsFingerprints.delete(key);
302,server/src/services/advanced/webrtcSignalingService.ts,1298,unknown,unknown,NON_PRISMA_FALSE_POSITIVE,"private removePeerFromSession(peerId: string, sessionId: string, reason: string)",server/src/services/advanced/webrtcSignalingService.ts:1298,non-prisma: this.qualityHistory.delete(peerId);
303,server/src/services/advanced/webrtcSignalingService.ts,1299,unknown,unknown,NON_PRISMA_FALSE_POSITIVE,"private removePeerFromSession(peerId: string, sessionId: string, reason: string)",server/src/services/advanced/webrtcSignalingService.ts:1299,non-prisma: this.reconnectStates.delete(peerId);
304,server/src/services/advanced/webrtcSignalingService.ts,1301,unknown,unknown,NON_PRISMA_FALSE_POSITIVE,"private removePeerFromSession(peerId: string, sessionId: string, reason: string)",server/src/services/advanced/webrtcSignalingService.ts:1301,non-prisma: room.peers.delete(peerId);
305,server/src/services/advanced/webrtcSignalingService.ts,1460,unknown,unknown,NON_PRISMA_FALSE_POSITIVE,private generateTURNCredentials(): { username: string; credential: string } {,server/src/services/advanced/webrtcSignalingService.ts:1460,non-prisma: hmac.update(username);
306,server/src/services/advanced/webrtcSignalingService.ts,1613,unknown,unknown,NON_PRISMA_FALSE_POSITIVE,private startHeartbeatMonitor(): void {,server/src/services/advanced/webrtcSignalingService.ts:1613,non-prisma: this.eventRateLimits.delete(key);
307,server/src/services/advanced/webrtcSignalingService.ts,1620,unknown,unknown,NON_PRISMA_FALSE_POSITIVE,private startHeartbeatMonitor(): void {,server/src/services/advanced/webrtcSignalingService.ts:1620,non-prisma: this.ipConnectionCounts.delete(ip);
308,server/src/services/advanced/webrtcSignalingService.ts,1669,unknown,unknown,NON_PRISMA_FALSE_POSITIVE,private startStaleSessionCleanup(): void {,server/src/services/advanced/webrtcSignalingService.ts:1669,non-prisma: this.sessions.delete(sessionId);
309,server/src/services/advanced/whisperService.ts,122,unknown,unknown,ORG_IN_WHERE_OR_DATA,async transcribeAudio(,server/src/services/advanced/whisperService.ts:91,organizationId referenced before write in function
310,server/src/services/advanced/whisperService.ts,163,transcriptionResult,create,ORG_IN_WHERE_OR_DATA,async transcribeAudio(,server/src/services/advanced/whisperService.ts:165,organizationId in prisma where/data
311,server/src/services/advanced/whisperService.ts,267,unknown,unknown,ORG_IN_WHERE_OR_DATA,async transcribeVideo(,server/src/services/advanced/whisperService.ts:238,organizationId referenced before write in function
312,server/src/services/advanced/whisperService.ts,304,transcriptionResult,create,ORG_IN_WHERE_OR_DATA,async transcribeVideo(,server/src/services/advanced/whisperService.ts:306,organizationId in prisma where/data
313,server/src/services/advanced/whisperService.ts,454,unknown,unknown,ORG_IN_WHERE_OR_DATA,async detectLanguage(,server/src/services/advanced/whisperService.ts:428,organizationId referenced before write in function
314,server/src/services/advanced/whisperService.ts,641,transcriptionResult,updateMany,ORG_IN_WHERE_OR_DATA,async transcribeWithDiarization(,server/src/services/advanced/whisperService.ts:487,organizationId referenced before write in function
315,server/src/services/advanced/whisperService.ts,750,transcriptionResult,deleteMany,ORG_IN_WHERE_OR_DATA,async deleteTranscription(,server/src/services/advanced/whisperService.ts:747,organizationId in prisma where/data
316,server/src/services/advanced/zeroKnowledgeService.ts,430,unknown,unknown,NON_PRISMA_FALSE_POSITIVE,"private createSimulatedProof(circuitName: string, input: any): ZKProof {",server/src/services/advanced/zeroKnowledgeService.ts:430,non-prisma: hmac.update(inputSeed);
317,server/src/services/advanced/zeroKnowledgeService.ts,536,unknown,unknown,NON_PRISMA_FALSE_POSITIVE,private hashToFieldElement(data: string): bigint {,server/src/services/advanced/zeroKnowledgeService.ts:536,non-prisma: const hash = crypto.createHash('sha256').update(data).digest();
318,server/src/services/advanced/zeroKnowledgeService.ts,561,unknown,unknown,NON_PRISMA_FALSE_POSITIVE,private generateProofId(proof: ZKProof): string {,server/src/services/advanced/zeroKnowledgeService.ts:561,non-prisma: return crypto.createHash('sha256').update(proofString).digest('hex');
319,server/src/services/advanced/zeroKnowledgeService.ts,574,auditLog,create,ORG_IN_WHERE_OR_DATA,private async storeProofMetadata(metadata: {,server/src/services/advanced/zeroKnowledgeService.ts:568,organizationId in prisma where/data
320,server/src/services/advanced/zeroTrustService.ts,301,unknown,unknown,NON_PRISMA_FALSE_POSITIVE,async verifyDeviceTrust(,server/src/services/advanced/zeroTrustService.ts:301,non-prisma: return crypto.createHash('sha256').update(data).digest('hex');
321,server/src/services/advanced/zeroTrustService.ts,672,unknown,unknown,NON_PRISMA_FALSE_POSITIVE,async evaluateAccessRequest(,server/src/services/advanced/zeroTrustService.ts:672,"non-prisma: crypto.createHash('sha256').update(request.deviceId).digest('hex'),"
322,server/src/services/advanced/zeroTrustService.ts,940,zeroTrustPolicy,create,ORG_IN_WHERE_OR_DATA,async createPolicy(,server/src/services/advanced/zeroTrustService.ts:929,organizationId in prisma where/data
323,server/src/services/advanced/zeroTrustService.ts,1146,deviceTrust,upsert,ORG_IN_WHERE_OR_DATA,private async storeDeviceTrust(,server/src/services/advanced/zeroTrustService.ts:1143,organizationId in prisma where/data
324,server/src/services/aiRmfService.ts,32,unknown,unknown,ORG_IN_WHERE_OR_DATA,"async createAISystem(organizationId: string, data: {",server/src/services/aiRmfService.ts:20,organizationId in prisma where/data
325,server/src/services/aiRmfService.ts,225,aISystem,update,ORG_IN_PRIOR_findFirst,"async updateAISystem(organizationId: string, aiSystemId: string, updates: any, u",server/src/services/aiRmfService.ts:206,prior findFirst/findUnique with organizationId
326,server/src/services/aiRmfService.ts,298,aISystem,delete,ORG_IN_WHERE_OR_DATA,"async deleteAISystem(organizationId: string, aiSystemId: string, userId?: string",server/src/services/aiRmfService.ts:283,organizationId in prisma where/data
327,server/src/services/aiRmfService.ts,321,unknown,unknown,PARENT_ORG_VERIFIED,"private async initializeCoreFunctions(aiSystemId: string, tx: Parameters<Paramet",server/src/services/aiRmfService.ts:47,initializeCoreFunctions called inside createAiSystem transaction after org-scoped create
328,server/src/services/aiRmfService.ts,354,unknown,unknown,ORG_IN_WHERE_OR_DATA,"private async initializeCategories(aiSystemId: string, functionName: string, tx:",server/src/services/aiRmfService.ts:407,organizationId present in function (2 refs)
329,server/src/services/aiRmfService.ts,371,unknown,unknown,ORG_IN_WHERE_OR_DATA,"private async initializeCategories(aiSystemId: string, functionName: string, tx:",server/src/services/aiRmfService.ts:407,organizationId present in function (2 refs)
330,server/src/services/aiRmfService.ts,431,aIRMFCoreFunction,update,ORG_IN_PRIOR_findFirst,"async updateCoreFunction(organizationId: string, aiSystemId: string, functionNam",server/src/services/aiRmfService.ts:409,prior findFirst/findUnique with organizationId
331,server/src/services/aiRmfService.ts,503,aIRMFCategory,update,ORG_IN_WHERE_OR_DATA,"async updateCategory(organizationId: string, categoryId: string, updates: any, u",server/src/services/aiRmfService.ts:481,organizationId referenced before write in function
332,server/src/services/aiRmfService.ts,581,aIRMFSubcategory,update,ORG_IN_WHERE_OR_DATA,"async updateSubcategory(organizationId: string, subcategoryId: string, updates: ",server/src/services/aiRmfService.ts:551,organizationId referenced before write in function
333,server/src/services/aiRmfService.ts,664,aIRMFCategory,update,PARENT_ORG_VERIFIED,private async recalculateCategoryCompletion(categoryId: string) {,server/src/services/aiRmfService.ts:587,recalculateCategoryCompletion invoked from org-scoped subcategory update chain
334,server/src/services/aiRmfService.ts,713,aIRMFCoreFunction,update,PARENT_ORG_VERIFIED,private async recalculateCoreFunctionCompletion(coreFunctionId: string) {,server/src/services/aiRmfService.ts:670,recalculateCoreFunctionCompletion invoked from category recalc chain
335,server/src/services/aiRmfService.ts,741,unknown,unknown,ORG_IN_WHERE_OR_DATA,"private async initializeTrustworthinessCharacteristics(aiSystemId: string, tx: P",server/src/services/aiRmfService.ts:770,organizationId present in function (3 refs)
336,server/src/services/aiRmfService.ts,795,aIRMFTrustworthinessCharacteristic,update,ORG_IN_WHERE_OR_DATA,"async updateTrustworthinessCharacteristic(organizationId: string, aiSystemId: st",server/src/services/aiRmfService.ts:801,organizationId in prisma where/data
337,server/src/services/aiRmfService.ts,860,unknown,unknown,ORG_IN_WHERE_OR_DATA,"private async initializeLifecycleStages(aiSystemId: string, tx: Parameters<Param",server/src/services/aiRmfService.ts:886,organizationId present in function (3 refs)
338,server/src/services/aiRmfService.ts,911,aIRMFLifecycleStage,update,ORG_IN_PRIOR_findFirst,"async updateLifecycleStage(organizationId: string, aiSystemId: string, stage: st",server/src/services/aiRmfService.ts:888,prior findFirst/findUnique with organizationId
339,server/src/services/aiRmfService.ts,993,aIRMFActor,create,ORG_IN_WHERE_OR_DATA,"async addActor(organizationId: string, aiSystemId: string, data: {",server/src/services/aiRmfService.ts:984,organizationId in prisma where/data
340,server/src/services/aiRmfService.ts,1027,aIRMFActor,delete,ORG_IN_WHERE_OR_DATA,"async removeActor(organizationId: string, actorId: string) {",server/src/services/aiRmfService.ts:1014,organizationId in prisma where/data
341,server/src/services/aiRmfService.ts,1085,aIRMFAssessment,create,ORG_IN_PRIOR_findFirst,"async createAssessment(organizationId: string, aiSystemId: string, data: {",server/src/services/aiRmfService.ts:1056,prior findFirst/findUnique with organizationId
342,server/src/services/aiRmfService.ts,1165,aIRMFAssessment,delete,ORG_IN_WHERE_OR_DATA,"async deleteAssessment(organizationId: string, assessmentId: string, userId?: st",server/src/services/aiRmfService.ts:1180,organizationId in prisma where/data
343,server/src/services/aiRmfService.ts,1269,aIRMFProfile,create,ORG_IN_WHERE_OR_DATA,"async createProfile(organizationId: string, aiSystemId: string, data: {",server/src/services/aiRmfService.ts:1262,organizationId in prisma where/data
344,server/src/services/aiRmfService.ts,1330,aIRMFRiskActivity,create,ORG_IN_WHERE_OR_DATA,"async createRiskActivity(organizationId: string, aiSystemId: string, data: {",server/src/services/aiRmfService.ts:1321,organizationId in prisma where/data
345,server/src/services/aiRmfService.ts,1404,aIRMFRiskActivity,update,ORG_IN_WHERE_OR_DATA,"async updateRiskActivity(organizationId: string, riskActivityId: string, updates",server/src/services/aiRmfService.ts:1381,organizationId referenced before write in function
346,server/src/services/aiRmfService.ts,1474,aISystem,update,ORG_IN_WHERE_OR_DATA,"async calculateTrustworthinessScore(organizationId: string, aiSystemId: string):",server/src/services/aiRmfService.ts:1489,organizationId in prisma where/data
347,server/src/services/auditorService.ts,377,auditorProfile,create,ORG_IN_WHERE_OR_DATA,"async createAuditorProfile(organizationId: string, data: {",server/src/services/auditorService.ts:380,organizationId in prisma where/data
348,server/src/services/auditorService.ts,464,auditorProfile,update,ORG_IN_WHERE_OR_DATA,async updateAuditorProfile(,server/src/services/auditorService.ts:458,organizationId in prisma where/data
349,server/src/services/auditorService.ts,491,auditorProfile,delete,ORG_IN_WHERE_OR_DATA,"async deleteAuditorProfile(organizationId: string, profileId: string) {",server/src/services/auditorService.ts:483,organizationId in prisma where/data
350,server/src/services/auditorService.ts,580,auditEngagement,create,ORG_IN_WHERE_OR_DATA,"async createEngagement(organizationId: string, data: {",server/src/services/auditorService.ts:572,organizationId in prisma where/data
351,server/src/services/auditorService.ts,666,unknown,unknown,NON_PRISMA_FALSE_POSITIVE,async updateEngagement(,server/src/services/auditorService.ts:666,non-prisma: const updated = await tx.auditEngagement.update({
352,server/src/services/auditorService.ts,676,unknown,unknown,NON_PRISMA_FALSE_POSITIVE,async updateEngagement(,server/src/services/auditorService.ts:676,non-prisma: await tx.auditorProfile.update({
353,server/src/services/auditorService.ts,710,auditEngagement,delete,ORG_IN_WHERE_OR_DATA,"async deleteEngagement(organizationId: string, engagementId: string) {",server/src/services/auditorService.ts:702,organizationId in prisma where/data
354,server/src/services/auditorService.ts,796,auditFinding,create,ORG_IN_WHERE_OR_DATA,"async createFinding(organizationId: string, data: {",server/src/services/auditorService.ts:788,organizationId in prisma where/data
355,server/src/services/auditorService.ts,879,auditFinding,update,ORG_IN_WHERE_OR_DATA,async updateFinding(,server/src/services/auditorService.ts:873,organizationId in prisma where/data
356,server/src/services/auditorService.ts,910,auditFinding,delete,ORG_IN_WHERE_OR_DATA,"async deleteFinding(organizationId: string, findingId: string) {",server/src/services/auditorService.ts:902,organizationId in prisma where/data
357,server/src/services/auditorService.ts,998,auditWorkpaper,create,ORG_IN_WHERE_OR_DATA,"async createWorkpaper(organizationId: string, data: {",server/src/services/auditorService.ts:990,organizationId in prisma where/data
358,server/src/services/auditorService.ts,1081,auditWorkpaper,update,ORG_IN_WHERE_OR_DATA,async updateWorkpaper(,server/src/services/auditorService.ts:1074,organizationId in prisma where/data
359,server/src/services/auditorService.ts,1116,auditWorkpaper,delete,ORG_IN_WHERE_OR_DATA,"async deleteWorkpaper(organizationId: string, workpaperId: string) {",server/src/services/auditorService.ts:1105,organizationId in prisma where/data
360,server/src/services/auditorService.ts,1206,auditRequest,create,ORG_IN_WHERE_OR_DATA,"async createRequest(organizationId: string, data: {",server/src/services/auditorService.ts:1198,organizationId in prisma where/data
361,server/src/services/auditorService.ts,1286,auditRequest,update,ORG_IN_WHERE_OR_DATA,async updateRequest(,server/src/services/auditorService.ts:1279,organizationId in prisma where/data
362,server/src/services/auditorService.ts,1321,auditRequest,delete,ORG_IN_WHERE_OR_DATA,"async deleteRequest(organizationId: string, requestId: string) {",server/src/services/auditorService.ts:1310,organizationId in prisma where/data
363,server/src/services/aws/s3ClientV3.ts,213,fileUpload,create,ORG_IN_WHERE_OR_DATA,async uploadFile(options: UploadOptions): Promise<UploadResult> {,server/src/services/aws/s3ClientV3.ts:202,organizationId in prisma where/data
364,server/src/services/aws/s3ClientV3.ts,318,fileUpload,delete,ORG_IN_WHERE_OR_DATA,"async deleteFileById(fileId: string, organizationId: string): Promise<void> {",server/src/services/aws/s3ClientV3.ts:307,organizationId in prisma where/data
365,server/src/services/aws/secretsManagerService.ts,464,unknown,unknown,NON_PRISMA_FALSE_POSITIVE,async listSecrets(filters?: {,server/src/services/aws/secretsManagerService.ts:464,non-prisma: this.cache.delete(key);
366,server/src/services/cache/redisCacheService.ts,219,unknown,unknown,NON_PRISMA_FALSE_POSITIVE,"async get<T = any>(key: string, options?: { namespace?: string }): Promise<T | n",server/src/services/cache/redisCacheService.ts:219,non-prisma: this.cache.delete(fullKey);
367,server/src/services/cache/redisCacheService.ts,319,unknown,unknown,NON_PRISMA_FALSE_POSITIVE,"async del(key: string, options?: { namespace?: string }): Promise<boolean> {",server/src/services/cache/redisCacheService.ts:319,non-prisma: this.cache.delete(fullKey);
368,server/src/services/cache/redisCacheService.ts,365,unknown,unknown,NON_PRISMA_FALSE_POSITIVE,"async delPattern(pattern: string, options?: { namespace?: string }): Promise<num",server/src/services/cache/redisCacheService.ts:365,non-prisma: this.cache.delete(key);
369,server/src/services/cache/redisCacheService.ts,408,unknown,unknown,NON_PRISMA_FALSE_POSITIVE,async invalidateByTag(tag: string): Promise<number> {,server/src/services/cache/redisCacheService.ts:408,non-prisma: this.cache.delete(key);
370,server/src/services/cache/redisCacheService.ts,413,unknown,unknown,NON_PRISMA_FALSE_POSITIVE,async invalidateByTag(tag: string): Promise<number> {,server/src/services/cache/redisCacheService.ts:413,non-prisma: this.tagIndex.delete(tag);
371,server/src/services/cache/redisCacheService.ts,463,unknown,unknown,NON_PRISMA_FALSE_POSITIVE,"async exists(key: string, options?: { namespace?: string }): Promise<boolean> {",server/src/services/cache/redisCacheService.ts:463,non-prisma: this.cache.delete(fullKey);
372,server/src/services/cache/redisCacheService.ts,588,unknown,unknown,NON_PRISMA_FALSE_POSITIVE,"private removeFromTagIndex(key: string, tags: string[]): void {",server/src/services/cache/redisCacheService.ts:588,non-prisma: tagKeys.delete(key);
373,server/src/services/cache/redisCacheService.ts,590,unknown,unknown,NON_PRISMA_FALSE_POSITIVE,"private removeFromTagIndex(key: string, tags: string[]): void {",server/src/services/cache/redisCacheService.ts:590,non-prisma: this.tagIndex.delete(tag);
374,server/src/services/cache/redisCacheService.ts,622,unknown,unknown,NON_PRISMA_FALSE_POSITIVE,private evictLRU(): void {,server/src/services/cache/redisCacheService.ts:622,non-prisma: this.cache.delete(oldestKey);
375,server/src/services/cache/redisCacheService.ts,633,unknown,unknown,NON_PRISMA_FALSE_POSITIVE,private cleanup(): void {,server/src/services/cache/redisCacheService.ts:633,non-prisma: this.cache.delete(key);
376,server/src/services/dataAnonymizationService.ts,35,unknown,unknown,NON_PRISMA_FALSE_POSITIVE,private pseudonymizationKey: string;,server/src/services/dataAnonymizationService.ts:35,non-prisma: hmac.update(context ? `${context}:${value}` : value);
377,server/src/services/doraService.ts,214,dORAICTRiskAssessment,create,ORG_IN_WHERE_OR_DATA,export async function createICTRiskAssessment(data: {,server/src/services/doraService.ts:201,organizationId in prisma where/data
378,server/src/services/doraService.ts,364,dORAICTRiskAssessment,update,ORG_IN_WHERE_OR_DATA,export async function updateICTRiskAssessment(,server/src/services/doraService.ts:371,organizationId in prisma where/data
379,server/src/services/doraService.ts,394,dORAICTRiskAssessment,delete,ORG_IN_WHERE_OR_DATA,export async function deleteICTRiskAssessment(,server/src/services/doraService.ts:383,organizationId in prisma where/data
380,server/src/services/doraService.ts,476,dORAICTRiskAssessment,update,ORG_IN_WHERE_OR_DATA,export async function scoreICTRiskAssessment(,server/src/services/doraService.ts:486,organizationId in prisma where/data
381,server/src/services/doraService.ts,528,dORAICTIncident,create,ORG_IN_WHERE_OR_DATA,export async function createICTIncident(data: {,server/src/services/doraService.ts:513,organizationId in prisma where/data
382,server/src/services/doraService.ts,717,dORAICTIncident,update,ORG_IN_PRIOR_findFirst,export async function updateICTIncident(,server/src/services/doraService.ts:660,prior findFirst/findUnique with organizationId
383,server/src/services/doraService.ts,759,dORAICTIncident,update,ORG_IN_WHERE_OR_DATA,export async function deleteICTIncident(,server/src/services/doraService.ts:769,organizationId in prisma where/data
384,server/src/services/doraService.ts,820,dORAICTIncident,update,ORG_IN_WHERE_OR_DATA,export async function escalateIncident(,server/src/services/doraService.ts:827,organizationId in prisma where/data
385,server/src/services/doraService.ts,857,dORAThirdPartyProvider,create,ORG_IN_WHERE_OR_DATA,export async function createThirdPartyProvider(data: {,server/src/services/doraService.ts:843,organizationId in prisma where/data
386,server/src/services/doraService.ts,1013,dORAThirdPartyProvider,update,ORG_IN_WHERE_OR_DATA,export async function updateThirdPartyProvider(,server/src/services/doraService.ts:1020,organizationId in prisma where/data
387,server/src/services/doraService.ts,1042,dORAThirdPartyProvider,delete,ORG_IN_WHERE_OR_DATA,export async function deleteThirdPartyProvider(,server/src/services/doraService.ts:1031,organizationId in prisma where/data
388,server/src/services/doraService.ts,1272,dORAResilienceTest,create,ORG_IN_WHERE_OR_DATA,export async function createResilienceTest(data: {,server/src/services/doraService.ts:1257,organizationId in prisma where/data
389,server/src/services/doraService.ts,1414,dORAResilienceTest,update,ORG_IN_WHERE_OR_DATA,export async function updateResilienceTest(,server/src/services/doraService.ts:1421,organizationId in prisma where/data
390,server/src/services/doraService.ts,1443,dORAResilienceTest,delete,ORG_IN_WHERE_OR_DATA,export async function deleteResilienceTest(,server/src/services/doraService.ts:1432,organizationId in prisma where/data
391,server/src/services/doraService.ts,1506,dORAResilienceTest,update,ORG_IN_WHERE_OR_DATA,export async function executeResilienceTest(,server/src/services/doraService.ts:1520,organizationId in prisma where/data
392,server/src/services/doraService.ts,1556,dORAInformationRegister,create,ORG_IN_WHERE_OR_DATA,export async function createInformationRegisterEntry(data: {,server/src/services/doraService.ts:1558,organizationId in prisma where/data
393,server/src/services/doraService.ts,1729,dORAInformationRegister,update,ORG_IN_WHERE_OR_DATA,export async function updateInformationRegisterEntry(,server/src/services/doraService.ts:1736,organizationId in prisma where/data
394,server/src/services/doraService.ts,1758,dORAInformationRegister,delete,ORG_IN_WHERE_OR_DATA,export async function deleteInformationRegisterEntry(,server/src/services/doraService.ts:1747,organizationId in prisma where/data
395,server/src/services/euRegulations/dmaService.ts,163,dMAGatekeeper,create,ORG_IN_WHERE_OR_DATA,async registerGatekeeper(,server/src/services/euRegulations/dmaService.ts:153,organizationId in prisma where/data
396,server/src/services/euRegulations/dmaService.ts,182,dMAObligationTracking,create,ORG_IN_WHERE_OR_DATA,async registerGatekeeper(,server/src/services/euRegulations/dmaService.ts:185,organizationId in prisma where/data
397,server/src/services/euRegulations/dmaService.ts,301,dMAObligationTracking,update,ORG_IN_WHERE_OR_DATA,async updateObligationCompliance(,server/src/services/euRegulations/dmaService.ts:315,organizationId in prisma where/data
398,server/src/services/euRegulations/dmaService.ts,312,dMAObligationTracking,create,ORG_IN_WHERE_OR_DATA,async updateObligationCompliance(,server/src/services/euRegulations/dmaService.ts:315,organizationId in prisma where/data
399,server/src/services/euRegulations/dmaService.ts,366,dMAComplianceReport,create,ORG_IN_WHERE_OR_DATA,async generateComplianceReport(,server/src/services/euRegulations/dmaService.ts:369,organizationId in prisma where/data
400,server/src/services/euRegulations/dmaService.ts,428,dMAGatekeeper,update,ORG_IN_WHERE_OR_DATA,async updateGatekeeper(,server/src/services/euRegulations/dmaService.ts:421,organizationId in prisma where/data
401,server/src/services/euRegulations/dmaService.ts,505,dMAGatekeeper,delete,ORG_IN_WHERE_OR_DATA,"async deleteGatekeeper(organizationId: string, gatekeeperId: string): Promise<vo",server/src/services/euRegulations/dmaService.ts:496,organizationId in prisma where/data
402,server/src/services/euRegulations/dsaService.ts,211,dSAPlatform,create,ORG_IN_WHERE_OR_DATA,async registerPlatform(,server/src/services/euRegulations/dsaService.ts:213,organizationId in prisma where/data
403,server/src/services/euRegulations/dsaService.ts,256,dSAContentModeration,create,ORG_IN_WHERE_OR_DATA,async recordContentModeration(,server/src/services/euRegulations/dsaService.ts:249,organizationId in prisma where/data
404,server/src/services/euRegulations/dsaService.ts,322,dSAIllegalContentReport,create,ORG_IN_WHERE_OR_DATA,async reportIllegalContent(,server/src/services/euRegulations/dsaService.ts:315,organizationId in prisma where/data
405,server/src/services/euRegulations/dsaService.ts,366,dSAIllegalContentReport,update,ORG_IN_WHERE_OR_DATA,async processIllegalContentReport(,server/src/services/euRegulations/dsaService.ts:359,organizationId in prisma where/data
406,server/src/services/euRegulations/dsaService.ts,431,dSAAdRepository,create,ORG_IN_WHERE_OR_DATA,async addAdToRepository(,server/src/services/euRegulations/dsaService.ts:434,organizationId in prisma where/data
407,server/src/services/euRegulations/dsaService.ts,545,dSATransparencyReport,create,ORG_IN_WHERE_OR_DATA,async generateTransparencyReport(,server/src/services/euRegulations/dsaService.ts:548,organizationId in prisma where/data
408,server/src/services/euRegulations/dsaService.ts,659,dSAPlatform,update,ORG_IN_WHERE_OR_DATA,async updatePlatform(,server/src/services/euRegulations/dsaService.ts:670,organizationId in prisma where/data
409,server/src/services/euRegulations/dsaService.ts,679,dSAPlatform,delete,ORG_IN_WHERE_OR_DATA,"async deletePlatform(organizationId: string, platformId: string): Promise<void> ",server/src/services/euRegulations/dsaService.ts:670,organizationId in prisma where/data
410,server/src/services/euRegulations/dsaService.ts,828,dSARiskAssessment,create,ORG_IN_WHERE_OR_DATA,async conductRiskAssessment(,server/src/services/euRegulations/dsaService.ts:831,organizationId in prisma where/data
411,server/src/services/euRegulations/dsaService.ts,920,dSARiskAssessment,update,ORG_IN_WHERE_OR_DATA,async updateRiskAssessment(,server/src/services/euRegulations/dsaService.ts:913,organizationId in prisma where/data
412,server/src/services/euRegulations/dsaService.ts,967,dSANonPersonalizedFeed,upsert,ORG_IN_WHERE_OR_DATA,async configureNonPersonalizedFeed(,server/src/services/euRegulations/dsaService.ts:982,organizationId in prisma where/data
413,server/src/services/euRegulations/dsaService.ts,1042,dSANonPersonalizedFeed,update,ORG_IN_WHERE_OR_DATA,async updateNonPersonalizedFeedStatus(,server/src/services/euRegulations/dsaService.ts:1026,organizationId referenced before write in function
414,server/src/services/euRegulations/euAiActService.ts,251,unknown,unknown,ORG_IN_WHERE_OR_DATA,async registerAISystem(,server/src/services/euRegulations/euAiActService.ts:253,organizationId in prisma where/data
415,server/src/services/euRegulations/euAiActService.ts,274,unknown,unknown,ORG_IN_WHERE_OR_DATA,async registerAISystem(,server/src/services/euRegulations/euAiActService.ts:277,organizationId in prisma where/data
416,server/src/services/euRegulations/euAiActService.ts,322,eUAIActSystem,update,ORG_IN_WHERE_OR_DATA,async registerAISystem(,server/src/services/euRegulations/euAiActService.ts:219,organizationId referenced before write in function
417,server/src/services/euRegulations/euAiActService.ts,380,eUAIActRiskAssessment,create,ORG_IN_WHERE_OR_DATA,async conductRiskAssessment(,server/src/services/euRegulations/euAiActService.ts:383,organizationId in prisma where/data
418,server/src/services/euRegulations/euAiActService.ts,401,eUAIActSystem,update,ORG_IN_WHERE_OR_DATA,async conductRiskAssessment(,server/src/services/euRegulations/euAiActService.ts:411,organizationId in prisma where/data
419,server/src/services/euRegulations/euAiActService.ts,465,eUAIActTransparencyReport,create,ORG_IN_WHERE_OR_DATA,async generateTransparencyReport(,server/src/services/euRegulations/euAiActService.ts:467,organizationId in prisma where/data
420,server/src/services/euRegulations/euAiActService.ts,587,eUAIActSystem,update,ORG_IN_WHERE_OR_DATA,async updateAISystem(,server/src/services/euRegulations/euAiActService.ts:580,organizationId in prisma where/data
421,server/src/services/euRegulations/euAiActService.ts,639,eUAIActSystem,delete,ORG_IN_WHERE_OR_DATA,"async deleteAISystem(organizationId: string, systemId: string): Promise<void> {",server/src/services/euRegulations/euAiActService.ts:630,organizationId in prisma where/data
422,server/src/services/featureService.ts,214,unknown,unknown,ORG_IN_PRIOR_findFirst,async subscribeToFeature(,server/src/services/featureService.ts:144,prior findFirst/findUnique with organizationId
423,server/src/services/featureService.ts,238,unknown,unknown,ORG_IN_PRIOR_findFirst,async subscribeToFeature(,server/src/services/featureService.ts:144,prior findFirst/findUnique with organizationId
424,server/src/services/featureService.ts,249,unknown,unknown,ORG_IN_PRIOR_findFirst,async subscribeToFeature(,server/src/services/featureService.ts:144,prior findFirst/findUnique with organizationId
425,server/src/services/featureService.ts,263,unknown,unknown,ORG_IN_PRIOR_findFirst,async subscribeToFeature(,server/src/services/featureService.ts:144,prior findFirst/findUnique with organizationId
426,server/src/services/featureService.ts,277,unknown,unknown,ORG_IN_PRIOR_findFirst,async subscribeToFeature(,server/src/services/featureService.ts:144,prior findFirst/findUnique with organizationId
427,server/src/services/featureService.ts,337,unknown,unknown,NON_PRISMA_FALSE_POSITIVE,async unsubscribeFromFeature(,server/src/services/featureService.ts:337,"non-prisma: await stripe.subscriptionItems.update(subscription.stripeSubscriptionItemId, {"
428,server/src/services/featureService.ts,348,featureSubscription,update,ORG_IN_WHERE_OR_DATA,async unsubscribeFromFeature(,server/src/services/featureService.ts:360,organizationId in prisma where/data
429,server/src/services/featureService.ts,358,featureSubscription,update,ORG_IN_WHERE_OR_DATA,async unsubscribeFromFeature(,server/src/services/featureService.ts:360,organizationId in prisma where/data
430,server/src/services/frameworkTemplateService.ts,1744,auditLog,create,ORG_IN_PRIOR_findFirst,async applyTemplateToFramework(,server/src/services/frameworkTemplateService.ts:1676,prior findFirst/findUnique with organizationId
431,server/src/services/frameworkTemplateService.ts,1860,controlMapping,create,ORG_IN_WHERE_OR_DATA,async applyControlMappings(,server/src/services/frameworkTemplateService.ts:1791,organizationId referenced before write in function
432,server/src/services/frameworkTemplateService.ts,2138,controlMapping,deleteMany,ORG_IN_WHERE_OR_DATA,async regenerateControlMappings(,server/src/services/frameworkTemplateService.ts:2123,organizationId in prisma where/data
433,server/src/services/hipaaService.ts,120,pHIRecord,create,ORG_IN_WHERE_OR_DATA,async createPHIRecord(data: {,server/src/services/hipaaService.ts:105,organizationId in prisma where/data
434,server/src/services/hipaaService.ts,204,pHIAccessGrant,create,ORG_IN_WHERE_OR_DATA,async grantPHIAccess(data: {,server/src/services/hipaaService.ts:199,organizationId in prisma where/data
435,server/src/services/hipaaService.ts,242,pHIAccessGrant,update,ORG_IN_WHERE_OR_DATA,"async revokePHIAccess(grantId: string, organizationId: string, userId: string, r",server/src/services/hipaaService.ts:235,organizationId in prisma where/data
436,server/src/services/hipaaService.ts,298,businessAssociateAgreement,create,ORG_IN_WHERE_OR_DATA,async createBAA(data: {,server/src/services/hipaaService.ts:300,organizationId in prisma where/data
437,server/src/services/hipaaService.ts,348,businessAssociateAgreement,update,ORG_IN_WHERE_OR_DATA,"async updateBAAStatus(id: string, organizationId: string, userId: string, status",server/src/services/hipaaService.ts:341,organizationId in prisma where/data
438,server/src/services/hipaaService.ts,417,hIPAABreachRiskAssessment,create,ORG_IN_WHERE_OR_DATA,async assessBreachRisk(data: BreachRiskAssessmentInput) {,server/src/services/hipaaService.ts:419,organizationId in prisma where/data
439,server/src/services/hipaaService.ts,512,hIPAABreachRiskAssessment,update,ORG_IN_WHERE_OR_DATA,async markBreachNotificationSent(,server/src/services/hipaaService.ts:502,organizationId in prisma where/data
440,server/src/services/integrations/awsService.ts,88,integration,upsert,ORG_IN_WHERE_OR_DATA,async saveIntegration(,server/src/services/integrations/awsService.ts:82,organizationId in prisma where/data
441,server/src/services/integrations/awsService.ts,524,integration,update,ORG_IN_WHERE_OR_DATA,async disconnect(organizationId: string): Promise<void> {,server/src/services/integrations/awsService.ts:522,organizationId in prisma where/data
442,server/src/services/integrations/azureDevOpsService.ts,167,unknown,unknown,ORG_IN_WHERE_OR_DATA,private async getClient(organizationId: string): Promise<{ client: AxiosInstance,server/src/services/integrations/azureDevOpsService.ts:156,organizationId in prisma where/data
443,server/src/services/integrations/azureDevOpsService.ts,240,integration,update,ORG_IN_WHERE_OR_DATA,private async refreshOAuthToken(,server/src/services/integrations/azureDevOpsService.ts:198,organizationId referenced before write in function
444,server/src/services/integrations/azureDevOpsService.ts,334,integration,upsert,ORG_IN_WHERE_OR_DATA,async saveIntegration(,server/src/services/integrations/azureDevOpsService.ts:329,organizationId in prisma where/data
445,server/src/services/integrations/azureDevOpsService.ts,367,integration,update,ORG_IN_WHERE_OR_DATA,async disconnect(organizationId: string): Promise<void> {,server/src/services/integrations/azureDevOpsService.ts:366,organizationId in prisma where/data
446,server/src/services/integrations/azureDevOpsService.ts,812,auditLog,create,ORG_IN_WHERE_OR_DATA,async createComplianceWorkItem(,server/src/services/integrations/azureDevOpsService.ts:815,organizationId in prisma where/data
447,server/src/services/integrations/azureDevOpsService.ts,877,auditLog,create,ORG_IN_WHERE_OR_DATA,async syncWorkItems(,server/src/services/integrations/azureDevOpsService.ts:862,organizationId in prisma where/data
448,server/src/services/integrations/azureDevOpsService.ts,924,unknown,unknown,NON_PRISMA_FALSE_POSITIVE,async syncWorkItems(,server/src/services/integrations/azureDevOpsService.ts:924,non-prisma: .update({
449,server/src/services/integrations/azureDevOpsService.ts,935,issue,create,ORG_IN_PRIOR_findFirst,async syncWorkItems(,server/src/services/integrations/azureDevOpsService.ts:860,prior findFirst/findUnique with organizationId
450,server/src/services/integrations/azureDevOpsService.ts,951,auditLog,create,ORG_IN_PRIOR_findFirst,async syncWorkItems(,server/src/services/integrations/azureDevOpsService.ts:860,prior findFirst/findUnique with organizationId
451,server/src/services/integrations/azureDevOpsService.ts,1072,unknown,unknown,NON_PRISMA_FALSE_POSITIVE,async processWebhookEvent(,server/src/services/integrations/azureDevOpsService.ts:1072,non-prisma: .update({
452,server/src/services/integrations/azureService.ts,454,integration,update,ORG_IN_WHERE_OR_DATA,private async updateLastSync(organizationId: string): Promise<void> {,server/src/services/integrations/azureService.ts:452,organizationId in prisma where/data
453,server/src/services/integrations/azureService.ts,475,integration,updateMany,ORG_IN_WHERE_OR_DATA,async disconnect(organizationId: string): Promise<void> {,server/src/services/integrations/azureService.ts:473,organizationId in prisma where/data
454,server/src/services/integrations/azureSyncService.ts,45,azureSyncJob,create,ORG_IN_WHERE_OR_DATA,private async createSyncJob(,server/src/services/integrations/azureSyncService.ts:41,organizationId in prisma where/data
455,server/src/services/integrations/azureSyncService.ts,71,azureSyncJob,update,ORG_IN_WHERE_OR_DATA,private async updateSyncJob(,server/src/services/integrations/azureSyncService.ts:81,organizationId in prisma where/data
456,server/src/services/integrations/azureSyncService.ts,213,azureResource,upsert,ORG_IN_WHERE_OR_DATA,async syncResources(organizationId: string): Promise<SyncResult> {,server/src/services/integrations/azureSyncService.ts:198,organizationId in prisma where/data
457,server/src/services/integrations/azureSyncService.ts,279,azureSecurityFinding,upsert,ORG_IN_WHERE_OR_DATA,async syncSecurityFindings(organizationId: string): Promise<SyncResult> {,server/src/services/integrations/azureSyncService.ts:268,organizationId in prisma where/data
458,server/src/services/integrations/azureSyncService.ts,344,azureSecurityAlert,upsert,ORG_IN_WHERE_OR_DATA,async syncSecurityAlerts(organizationId: string): Promise<SyncResult> {,server/src/services/integrations/azureSyncService.ts:333,organizationId in prisma where/data
459,server/src/services/integrations/azureSyncService.ts,417,azurePolicyCompliance,upsert,ORG_IN_WHERE_OR_DATA,async syncPolicyCompliance(organizationId: string): Promise<SyncResult> {,server/src/services/integrations/azureSyncService.ts:404,organizationId in prisma where/data
460,server/src/services/integrations/azureSyncService.ts,477,azureUser,upsert,ORG_IN_WHERE_OR_DATA,async syncUsers(organizationId: string): Promise<SyncResult> {,server/src/services/integrations/azureSyncService.ts:466,organizationId in prisma where/data
461,server/src/services/integrations/azureSyncService.ts,600,azureResource,deleteMany,ORG_IN_WHERE_OR_DATA,async deleteSyncedData(organizationId: string): Promise<void> {,server/src/services/integrations/azureSyncService.ts:598,organizationId in prisma where/data
462,server/src/services/integrations/azureSyncService.ts,601,azureResource,deleteMany,ORG_IN_WHERE_OR_DATA,async deleteSyncedData(organizationId: string): Promise<void> {,server/src/services/integrations/azureSyncService.ts:598,organizationId in prisma where/data
463,server/src/services/integrations/azureSyncService.ts,602,azureResource,deleteMany,ORG_IN_WHERE_OR_DATA,async deleteSyncedData(organizationId: string): Promise<void> {,server/src/services/integrations/azureSyncService.ts:598,organizationId in prisma where/data
464,server/src/services/integrations/azureSyncService.ts,603,azureResource,deleteMany,ORG_IN_WHERE_OR_DATA,async deleteSyncedData(organizationId: string): Promise<void> {,server/src/services/integrations/azureSyncService.ts:598,organizationId in prisma where/data
465,server/src/services/integrations/azureSyncService.ts,604,azureResource,deleteMany,ORG_IN_WHERE_OR_DATA,async deleteSyncedData(organizationId: string): Promise<void> {,server/src/services/integrations/azureSyncService.ts:598,organizationId in prisma where/data
466,server/src/services/integrations/azureSyncService.ts,605,azureResource,deleteMany,ORG_IN_WHERE_OR_DATA,async deleteSyncedData(organizationId: string): Promise<void> {,server/src/services/integrations/azureSyncService.ts:598,organizationId in prisma where/data
467,server/src/services/integrations/githubService.ts,114,integration,upsert,ORG_IN_WHERE_OR_DATA,async saveIntegration(,server/src/services/integrations/githubService.ts:109,organizationId in prisma where/data
468,server/src/services/integrations/githubService.ts,429,integration,update,ORG_IN_WHERE_OR_DATA,async disconnect(organizationId: string): Promise<void> {,server/src/services/integrations/githubService.ts:427,organizationId in prisma where/data
469,server/src/services/integrations/googleService.ts,129,integration,upsert,ORG_IN_WHERE_OR_DATA,async saveIntegration(,server/src/services/integrations/googleService.ts:124,organizationId in prisma where/data
470,server/src/services/integrations/googleService.ts,222,integration,update,ORG_IN_WHERE_OR_DATA,"async ensureValidToken(organizationId: string, retryCount: number = 0): Promise<",server/src/services/integrations/googleService.ts:193,organizationId referenced before write in function
471,server/src/services/integrations/googleService.ts,473,integration,update,ORG_IN_WHERE_OR_DATA,async disconnect(organizationId: string): Promise<void> {,server/src/services/integrations/googleService.ts:459,organizationId in prisma where/data
472,server/src/services/integrations/jiraService.ts,150,integration,upsert,ORG_IN_WHERE_OR_DATA,async saveIntegration(,server/src/services/integrations/jiraService.ts:141,organizationId in prisma where/data
473,server/src/services/integrations/jiraService.ts,243,integration,update,ORG_IN_WHERE_OR_DATA,"async ensureValidToken(organizationId: string, retryCount: number = 0): Promise<",server/src/services/integrations/jiraService.ts:214,organizationId referenced before write in function
474,server/src/services/integrations/jiraService.ts,574,integration,update,ORG_IN_WHERE_OR_DATA,async disconnect(organizationId: string): Promise<void> {,server/src/services/integrations/jiraService.ts:572,organizationId in prisma where/data
475,server/src/services/integrations/jiraService.ts,662,auditLog,create,ORG_IN_WHERE_OR_DATA,async syncComplianceIssues(,server/src/services/integrations/jiraService.ts:651,organizationId in prisma where/data
476,server/src/services/integrations/jiraService.ts,706,issue,update,ORG_IN_PRIOR_findFirst,async syncComplianceIssues(,server/src/services/integrations/jiraService.ts:641,prior findFirst/findUnique with organizationId
477,server/src/services/integrations/jiraService.ts,717,issue,create,ORG_IN_PRIOR_findFirst,async syncComplianceIssues(,server/src/services/integrations/jiraService.ts:641,prior findFirst/findUnique with organizationId
478,server/src/services/integrations/jiraService.ts,730,auditLog,create,ORG_IN_PRIOR_findFirst,async syncComplianceIssues(,server/src/services/integrations/jiraService.ts:641,prior findFirst/findUnique with organizationId
479,server/src/services/integrations/jiraService.ts,943,issue,update,ORG_IN_WHERE_OR_DATA,async processWebhookEvent(,server/src/services/integrations/jiraService.ts:934,organizationId in prisma where/data
480,server/src/services/integrations/providers/baseIntegration.ts,130,unknown,unknown,NON_PRISMA_FALSE_POSITIVE,protected httpClient: AxiosInstance;,server/src/services/integrations/providers/baseIntegration.ts:130,axios.create() in constructor — not a Prisma write op
481,server/src/services/integrations/providers/baseIntegration.ts,182,unknown,unknown,NON_PRISMA_FALSE_POSITIVE,protected createEvidenceItem(,server/src/services/integrations/providers/baseIntegration.ts:182,"non-prisma: dataHash: crypto.createHash('sha256').update(JSON.stringify(data)).digest('hex'),"
482,server/src/services/integrations/servicenowService.ts,181,unknown,unknown,ORG_IN_WHERE_OR_DATA,private async getClient(organizationId: string): Promise<AxiosInstance> {,server/src/services/integrations/servicenowService.ts:171,organizationId in prisma where/data
483,server/src/services/integrations/servicenowService.ts,240,integration,update,ORG_IN_WHERE_OR_DATA,private async refreshOAuthToken(,server/src/services/integrations/servicenowService.ts:210,organizationId referenced before write in function
484,server/src/services/integrations/servicenowService.ts,339,integration,upsert,ORG_IN_WHERE_OR_DATA,async saveIntegration(,server/src/services/integrations/servicenowService.ts:334,organizationId in prisma where/data
485,server/src/services/integrations/servicenowService.ts,372,integration,update,ORG_IN_WHERE_OR_DATA,async disconnect(organizationId: string): Promise<void> {,server/src/services/integrations/servicenowService.ts:371,organizationId in prisma where/data
486,server/src/services/integrations/servicenowService.ts,569,auditLog,create,ORG_IN_WHERE_OR_DATA,async createChange(,server/src/services/integrations/servicenowService.ts:561,organizationId in prisma where/data
487,server/src/services/integrations/servicenowService.ts,759,auditLog,create,ORG_IN_WHERE_OR_DATA,async createComplianceIncident(,server/src/services/integrations/servicenowService.ts:756,organizationId in prisma where/data
488,server/src/services/integrations/servicenowService.ts,824,auditLog,create,ORG_IN_WHERE_OR_DATA,async syncIncidents(,server/src/services/integrations/servicenowService.ts:809,organizationId in prisma where/data
489,server/src/services/integrations/servicenowService.ts,872,unknown,unknown,NON_PRISMA_FALSE_POSITIVE,async syncIncidents(,server/src/services/integrations/servicenowService.ts:872,non-prisma: .update({
490,server/src/services/integrations/servicenowService.ts,883,issue,create,ORG_IN_PRIOR_findFirst,async syncIncidents(,server/src/services/integrations/servicenowService.ts:807,prior findFirst/findUnique with organizationId
491,server/src/services/integrations/servicenowService.ts,900,auditLog,create,ORG_IN_PRIOR_findFirst,async syncIncidents(,server/src/services/integrations/servicenowService.ts:807,prior findFirst/findUnique with organizationId
492,server/src/services/integrations/servicenowService.ts,1017,unknown,unknown,NON_PRISMA_FALSE_POSITIVE,async processWebhookEvent(,server/src/services/integrations/servicenowService.ts:1017,non-prisma: .update({
493,server/src/services/integrations/slackService.ts,139,integration,upsert,ORG_IN_WHERE_OR_DATA,async saveIntegration(,server/src/services/integrations/slackService.ts:135,organizationId in prisma where/data
494,server/src/services/integrations/slackService.ts,516,integration,update,ORG_IN_WHERE_OR_DATA,async disconnect(organizationId: string): Promise<void> {,server/src/services/integrations/slackService.ts:518,organizationId in prisma where/data
495,server/src/services/integrations/slackService.ts,668,integration,update,ORG_IN_WHERE_OR_DATA,async configureAlertChannel(,server/src/services/integrations/slackService.ts:656,organizationId in prisma where/data
496,server/src/services/iso27001Service.ts,155,iSO27001Assessment,create,ORG_IN_WHERE_OR_DATA,async createAssessment(data: {,server/src/services/iso27001Service.ts:144,organizationId in prisma where/data
497,server/src/services/iso27001Service.ts,228,iSO27001Assessment,update,ORG_IN_WHERE_OR_DATA,async updateAssessmentStatus(,server/src/services/iso27001Service.ts:223,organizationId in prisma where/data
498,server/src/services/iso27001Service.ts,268,iSO27001SoA,upsert,ORG_IN_WHERE_OR_DATA,async upsertSoAEntry(data: {,server/src/services/iso27001Service.ts:254,organizationId in prisma where/data
499,server/src/services/iso27001Service.ts,345,iSO27001RiskScenario,create,ORG_IN_WHERE_OR_DATA,async createRiskScenario(data: {,server/src/services/iso27001Service.ts:342,organizationId in prisma where/data
500,server/src/services/iso27001Service.ts,405,iSO27001RiskScenario,update,ORG_IN_WHERE_OR_DATA,async updateRiskScenario(,server/src/services/iso27001Service.ts:400,organizationId in prisma where/data
501,server/src/services/iso27001Service.ts,447,iSO27001CorrectiveAction,create,ORG_IN_WHERE_OR_DATA,async createCorrectiveAction(data: {,server/src/services/iso27001Service.ts:433,organizationId in prisma where/data
502,server/src/services/iso27001Service.ts,489,iSO27001CorrectiveAction,update,ORG_IN_WHERE_OR_DATA,async updateCorrectiveActionStatus(,server/src/services/iso27001Service.ts:477,organizationId in prisma where/data
503,server/src/services/issueManagementService.ts,33,issue,create,ORG_IN_WHERE_OR_DATA,async createIssue(data: {,server/src/services/issueManagementService.ts:35,organizationId in prisma where/data
504,server/src/services/issueManagementService.ts,117,issue,update,ORG_IN_WHERE_OR_DATA,async updateIssueStatus(,server/src/services/issueManagementService.ts:128,organizationId in prisma where/data
505,server/src/services/issueManagementService.ts,157,issue,update,ORG_IN_WHERE_OR_DATA,async assignIssue(,server/src/services/issueManagementService.ts:148,organizationId in prisma where/data
506,server/src/services/issueManagementService.ts,200,issueComment,create,ORG_IN_WHERE_OR_DATA,async addComment(,server/src/services/issueManagementService.ts:198,organizationId in prisma where/data
507,server/src/services/issueManagementService.ts,257,issue,update,ORG_IN_WHERE_OR_DATA,async updateRemediationPlan(,server/src/services/issueManagementService.ts:255,organizationId in prisma where/data
508,server/src/services/issueManagementService.ts,384,issue,update,ORG_IN_WHERE_OR_DATA,async updateSLAStatuses(organizationId: string) {,server/src/services/issueManagementService.ts:370,organizationId in prisma where/data
509,server/src/services/mdmService.ts,136,managedDevice,create,ORG_IN_WHERE_OR_DATA,async enrollDevice(data: {,server/src/services/mdmService.ts:138,organizationId in prisma where/data
510,server/src/services/mdmService.ts,262,managedDevice,update,ORG_IN_WHERE_OR_DATA,async updateDevice(,server/src/services/mdmService.ts:251,organizationId in prisma where/data
511,server/src/services/mdmService.ts,294,managedDevice,update,ORG_IN_WHERE_OR_DATA,async unenrollDevice(,server/src/services/mdmService.ts:287,organizationId in prisma where/data
512,server/src/services/mdmService.ts,325,managedDevice,delete,ORG_IN_WHERE_OR_DATA,"async deleteDevice(id: string, userId: string, organizationId: string): Promise<",server/src/services/mdmService.ts:319,organizationId in prisma where/data
513,server/src/services/mdmService.ts,360,managedDevice,update,ORG_IN_WHERE_OR_DATA,async reassignDevice(,server/src/services/mdmService.ts:345,organizationId in prisma where/data
514,server/src/services/mdmService.ts,425,mDMPolicy,create,ORG_IN_WHERE_OR_DATA,async createPolicy(data: {,server/src/services/mdmService.ts:427,organizationId in prisma where/data
515,server/src/services/mdmService.ts,536,mDMPolicy,update,ORG_IN_WHERE_OR_DATA,async updatePolicy(,server/src/services/mdmService.ts:521,organizationId in prisma where/data
516,server/src/services/mdmService.ts,565,mDMPolicy,delete,ORG_IN_WHERE_OR_DATA,"async deletePolicy(id: string, userId: string, organizationId: string): Promise<",server/src/services/mdmService.ts:559,organizationId in prisma where/data
517,server/src/services/mdmService.ts,606,deviceAction,create,ORG_IN_WHERE_OR_DATA,async executeAction(data: {,server/src/services/mdmService.ts:600,organizationId in prisma where/data
518,server/src/services/mdmService.ts,782,deviceComplianceCheck,create,ORG_IN_PRIOR_findFirst,async runComplianceCheck(,server/src/services/mdmService.ts:729,prior findFirst/findUnique with organizationId
519,server/src/services/mdmService.ts,797,managedDevice,update,ORG_IN_PRIOR_findFirst,async runComplianceCheck(,server/src/services/mdmService.ts:729,prior findFirst/findUnique with organizationId
520,server/src/services/mdmService.ts,1139,deviceAction,update,PARENT_ORG_VERIFIED,private async executeDeviceAction(,server/src/services/mdmService.ts:1081,executeDeviceAction receives action+device from org-scoped caller
521,server/src/services/mdmService.ts,1150,managedDevice,update,PARENT_ORG_VERIFIED,private async executeDeviceAction(,server/src/services/mdmService.ts:1081,managedDevice.update uses device.id from org-scoped load
522,server/src/services/monitoringService.ts,29,continuousMonitor,create,ORG_IN_WHERE_OR_DATA,async createMonitor(data: {,server/src/services/monitoringService.ts:20,organizationId in prisma where/data
523,server/src/services/monitoringService.ts,75,monitorResult,create,ORG_IN_WHERE_OR_DATA,async executeMonitor(,server/src/services/monitoringService.ts:61,organizationId in prisma where/data
524,server/src/services/monitoringService.ts,89,continuousMonitor,update,ORG_IN_WHERE_OR_DATA,async executeMonitor(,server/src/services/monitoringService.ts:90,organizationId in prisma where/data
525,server/src/services/monitoringService.ts,262,issue,create,ORG_IN_WHERE_OR_DATA,private async createIssueFromFailure(,server/src/services/monitoringService.ts:256,organizationId in prisma where/data
526,server/src/services/monitoringService.ts,399,continuousMonitor,update,ORG_IN_WHERE_OR_DATA,async toggleMonitorActive(,server/src/services/monitoringService.ts:389,organizationId in prisma where/data
527,server/src/services/monitoringService.ts,461,continuousMonitor,update,ORG_IN_WHERE_OR_DATA,async updateMonitor(,server/src/services/monitoringService.ts:451,organizationId in prisma where/data
528,server/src/services/monitoringService.ts,493,monitorResult,deleteMany,ORG_IN_WHERE_OR_DATA,"async deleteMonitor(monitorId: string, userId: string, organizationId: string) {",server/src/services/monitoringService.ts:484,organizationId in prisma where/data
529,server/src/services/monitoringService.ts,494,monitorResult,deleteMany,ORG_IN_WHERE_OR_DATA,"async deleteMonitor(monitorId: string, userId: string, organizationId: string) {",server/src/services/monitoringService.ts:484,organizationId in prisma where/data
530,server/src/services/multiWorkspaceService.ts,33,organization,update,ORG_IN_WHERE_OR_DATA,async createChildOrganization(,server/src/services/multiWorkspaceService.ts:51,organizationId present in function (3 refs)
531,server/src/services/multiWorkspaceService.ts,40,organization,update,ORG_IN_WHERE_OR_DATA,async createChildOrganization(,server/src/services/multiWorkspaceService.ts:51,organizationId in prisma where/data
532,server/src/services/multiWorkspaceService.ts,269,user,update,ORG_IN_WHERE_OR_DATA,async moveUserToOrganization(,server/src/services/multiWorkspaceService.ts:258,organizationId in prisma where/data
533,server/src/services/multiWorkspaceService.ts,314,complianceFramework,create,ORG_IN_WHERE_OR_DATA,async cloneFrameworkToChildren(,server/src/services/multiWorkspaceService.ts:301,organizationId in prisma where/data
534,server/src/services/multiWorkspaceService.ts,326,frameworkControl,create,ORG_IN_WHERE_OR_DATA,async cloneFrameworkToChildren(,server/src/services/multiWorkspaceService.ts:318,organizationId in prisma where/data
535,server/src/services/nistCsfService.ts,445,nistCsfProfile,create,ORG_IN_WHERE_OR_DATA,async createProfile(input: CreateProfileInput) {,server/src/services/nistCsfService.ts:447,organizationId in prisma where/data
536,server/src/services/nistCsfService.ts,492,nistCsfProfile,update,ORG_IN_WHERE_OR_DATA,async updateProfile(,server/src/services/nistCsfService.ts:479,organizationId in prisma where/data
537,server/src/services/nistCsfService.ts,558,nistCsfProfile,update,ORG_IN_WHERE_OR_DATA,"async archiveProfile(id: string, organizationId: string, userId: string) {",server/src/services/nistCsfService.ts:548,organizationId in prisma where/data
538,server/src/services/nistCsfService.ts,599,nistCsfSubcategoryAssessment,upsert,ORG_IN_WHERE_OR_DATA,async upsertSubcategoryAssessment(input: UpsertAssessmentInput) {,server/src/services/nistCsfService.ts:591,organizationId in prisma where/data
539,server/src/services/nistCsfService.ts,683,nistCsfSubcategoryAssessment,create,ORG_IN_WHERE_OR_DATA,"async bulkSeedSubcategories(profileId: string, organizationId: string, userId: s",server/src/services/nistCsfService.ts:670,organizationId in prisma where/data
540,server/src/services/nistCsfService.ts,906,nistCsfGapAnalysis,create,ORG_IN_PRIOR_findFirst,async generateGapAnalysis(,server/src/services/nistCsfService.ts:792,prior findFirst/findUnique with organizationId
541,server/src/services/nistCsfService.ts,926,nistCsfGapAnalysis,create,ORG_IN_PRIOR_findFirst,async generateGapAnalysis(,server/src/services/nistCsfService.ts:792,prior findFirst/findUnique with organizationId
542,server/src/services/nistCsfService.ts,1045,nistCsfActionItem,create,ORG_IN_WHERE_OR_DATA,async createActionItem(input: CreateActionItemInput) {,server/src/services/nistCsfService.ts:1037,organizationId in prisma where/data
543,server/src/services/nistCsfService.ts,1090,nistCsfActionItem,update,ORG_IN_WHERE_OR_DATA,async updateActionItem(,server/src/services/nistCsfService.ts:1080,organizationId in prisma where/data
544,server/src/services/nistCsfService.ts,1144,nistCsfActionItem,update,ORG_IN_WHERE_OR_DATA,"async completeActionItem(id: string, organizationId: string, userId: string) {",server/src/services/nistCsfService.ts:1134,organizationId in prisma where/data
545,server/src/services/notificationService.ts,197,notification,create,ORG_IN_WHERE_OR_DATA,async sendNotification(,server/src/services/notificationService.ts:201,organizationId in prisma where/data
546,server/src/services/notificationService.ts,231,notification,update,ORG_IN_WHERE_OR_DATA,async sendNotification(,server/src/services/notificationService.ts:218,organizationId in prisma where/data
547,server/src/services/notificationService.ts,528,notification,create,ORG_IN_WHERE_OR_DATA,private async sendSMS(,server/src/services/notificationService.ts:541,organizationId in prisma where/data
548,server/src/services/notificationService.ts,537,notification,create,ORG_IN_WHERE_OR_DATA,private async sendSMS(,server/src/services/notificationService.ts:541,organizationId in prisma where/data
549,server/src/services/notificationService.ts,704,notification,update,ORG_IN_WHERE_OR_DATA,"async markAsRead(notificationId: string, userId: string): Promise<void> {",server/src/services/notificationService.ts:740,organizationId present in function (1 refs)
550,server/src/services/npsService.ts,92,unknown,unknown,NON_PRISMA_FALSE_POSITIVE,(unknown),server/src/services/npsService.ts:92,"non-prisma: return createHash('sha256').update(ip).digest('hex').slice(0, 32);"
551,server/src/services/npsService.ts,134,nPSInvitation,create,ORG_IN_WHERE_OR_DATA,async scheduleInvitation(input: {,server/src/services/npsService.ts:120,organizationId in prisma where/data
552,server/src/services/npsService.ts,177,nPSInvitation,update,ORG_IN_WHERE_OR_DATA,"async sendInvitation(invitationId: string, organizationId: string) {",server/src/services/npsService.ts:167,organizationId in prisma where/data
553,server/src/services/npsService.ts,211,nPSInvitation,update,ORG_IN_WHERE_OR_DATA,"async sendInvitation(invitationId: string, organizationId: string) {",server/src/services/npsService.ts:221,organizationId in prisma where/data
554,server/src/services/npsService.ts,256,unknown,unknown,ORG_IN_WHERE_OR_DATA,async createResponse(input: CreateNPSResponseInput) {,server/src/services/npsService.ts:246,organizationId in prisma where/data
555,server/src/services/npsService.ts,270,unknown,unknown,NON_PRISMA_FALSE_POSITIVE,async createResponse(input: CreateNPSResponseInput) {,server/src/services/npsService.ts:270,non-prisma: await tx.nPSInvitation.update({
556,server/src/services/npsService.ts,294,nPSInvitation,updateMany,ORG_IN_WHERE_OR_DATA,"async dismissInvitation(invitationId: string, organizationId: string, userId: st",server/src/services/npsService.ts:293,organizationId in prisma where/data
557,server/src/services/npsService.ts,317,nPSInvitation,updateMany,ORG_IN_WHERE_OR_DATA,"async snoozeInvitation(invitationId: string, organizationId: string, userId: str",server/src/services/npsService.ts:312,organizationId in prisma where/data
558,server/src/services/pciDssService.ts,241,unknown,unknown,ORG_IN_WHERE_OR_DATA,async createScope(data: {,server/src/services/pciDssService.ts:243,organizationId in prisma where/data
559,server/src/services/pciDssService.ts,305,unknown,unknown,NON_PRISMA_FALSE_POSITIVE,async updateScope(,server/src/services/pciDssService.ts:305,non-prisma: const updated = await (prisma as any).pCIScope.update({
560,server/src/services/pciDssService.ts,413,unknown,unknown,NON_PRISMA_FALSE_POSITIVE,async upsertRequirement(data: {,server/src/services/pciDssService.ts:413,"non-prisma: ? await (prisma as any).pCIRequirement.update({ where: { id: existing.id }, data: payload })"
561,server/src/services/pciDssService.ts,414,unknown,unknown,ORG_IN_WHERE_OR_DATA,async upsertRequirement(data: {,server/src/services/pciDssService.ts:418,organizationId in prisma where/data
562,server/src/services/pciDssService.ts,492,unknown,unknown,ORG_IN_WHERE_OR_DATA,"async bulkSeedRequirements(scopeId: string, organizationId: string, userId: stri",server/src/services/pciDssService.ts:480,organizationId in prisma where/data
563,server/src/services/pciDssService.ts,551,unknown,unknown,ORG_IN_WHERE_OR_DATA,async createEvidence(data: {,server/src/services/pciDssService.ts:542,organizationId in prisma where/data
564,server/src/services/pciDssService.ts,616,unknown,unknown,NON_PRISMA_FALSE_POSITIVE,"async approveEvidence(id: string, organizationId: string, reviewerId: string) {",server/src/services/pciDssService.ts:616,non-prisma: const updated = await (prisma as any).pCIEvidence.update({
565,server/src/services/pciDssService.ts,649,unknown,unknown,NON_PRISMA_FALSE_POSITIVE,"async rejectEvidence(id: string, organizationId: string, reviewerId: string, rea",server/src/services/pciDssService.ts:649,non-prisma: const updated = await (prisma as any).pCIEvidence.update({
566,server/src/services/pciDssService.ts,707,unknown,unknown,ORG_IN_WHERE_OR_DATA,async createQSAFinding(data: {,server/src/services/pciDssService.ts:699,organizationId in prisma where/data
567,server/src/services/pciDssService.ts,784,unknown,unknown,NON_PRISMA_FALSE_POSITIVE,async updateQSAFindingStatus(,server/src/services/pciDssService.ts:784,non-prisma: const updated = await (prisma as any).qSAFinding.update({
568,server/src/services/pciDssService.ts,856,unknown,unknown,ORG_IN_WHERE_OR_DATA,async createCCW(data: {,server/src/services/pciDssService.ts:846,organizationId in prisma where/data
569,server/src/services/pciDssService.ts,892,unknown,unknown,NON_PRISMA_FALSE_POSITIVE,"async approveCCW(id: string, organizationId: string, approverId: string) {",server/src/services/pciDssService.ts:892,non-prisma: (prisma as any).compensatingControlWorksheet.update({
570,server/src/services/pciDssService.ts,896,unknown,unknown,NON_PRISMA_FALSE_POSITIVE,"async approveCCW(id: string, organizationId: string, approverId: string) {",server/src/services/pciDssService.ts:896,non-prisma: (prisma as any).pCIRequirement.update({
571,server/src/services/pciDssService.ts,946,unknown,unknown,ORG_IN_WHERE_OR_DATA,async createROC(data: {,server/src/services/pciDssService.ts:937,organizationId in prisma where/data
572,server/src/services/pciDssService.ts,1001,unknown,unknown,NON_PRISMA_FALSE_POSITIVE,"async finalizeROC(id: string, organizationId: string, userId: string) {",server/src/services/pciDssService.ts:1001,non-prisma: const updated = await (prisma as any).pCIROC.update({
573,server/src/services/pciDssService.ts,1051,unknown,unknown,ORG_IN_WHERE_OR_DATA,async generateAOC(,server/src/services/pciDssService.ts:1040,organizationId in prisma where/data
574,server/src/services/personnelService.ts,26,personnel,create,ORG_IN_WHERE_OR_DATA,async createPersonnel(data: {,server/src/services/personnelService.ts:17,organizationId in prisma where/data
575,server/src/services/personnelService.ts,73,personnel,update,ORG_IN_WHERE_OR_DATA,async completeOnboarding(,server/src/services/personnelService.ts:64,organizationId in prisma where/data
576,server/src/services/personnelService.ts,85,user,update,ORG_IN_WHERE_OR_DATA,async completeOnboarding(,server/src/services/personnelService.ts:92,organizationId in prisma where/data
577,server/src/services/personnelService.ts,118,personnel,update,ORG_IN_WHERE_OR_DATA,async startOffboarding(,server/src/services/personnelService.ts:109,organizationId in prisma where/data
578,server/src/services/personnelService.ts,131,user,update,ORG_IN_WHERE_OR_DATA,async startOffboarding(,server/src/services/personnelService.ts:144,organizationId in prisma where/data
579,server/src/services/personnelService.ts,170,accessReview,create,ORG_IN_WHERE_OR_DATA,async createAccessReview(data: {,server/src/services/personnelService.ts:167,organizationId in prisma where/data
580,server/src/services/personnelService.ts,221,accessReview,update,ORG_IN_WHERE_OR_DATA,async completeAccessReview(,server/src/services/personnelService.ts:212,organizationId in prisma where/data
581,server/src/services/personnelService.ts,239,personnel,update,ORG_IN_WHERE_OR_DATA,async completeAccessReview(,server/src/services/personnelService.ts:251,organizationId in prisma where/data
582,server/src/services/personnelService.ts,347,personnel,update,ORG_IN_WHERE_OR_DATA,async updatePersonnelAccess(,server/src/services/personnelService.ts:338,organizationId in prisma where/data
583,server/src/services/personnelService.ts,387,personnel,update,ORG_IN_WHERE_OR_DATA,async updateTrainingStatus(,server/src/services/personnelService.ts:378,organizationId in prisma where/data
584,server/src/services/personnelService.ts,496,personnel,update,ORG_IN_WHERE_OR_DATA,async updatePersonnel(,server/src/services/personnelService.ts:485,organizationId in prisma where/data
585,server/src/services/personnelService.ts,544,personnel,update,ORG_IN_WHERE_OR_DATA,async deletePersonnel(,server/src/services/personnelService.ts:531,organizationId in prisma where/data
586,server/src/services/personnelService.ts,553,personnel,update,ORG_IN_WHERE_OR_DATA,async deletePersonnel(,server/src/services/personnelService.ts:563,organizationId in prisma where/data
587,server/src/services/policyLibraryService.ts,30,policy,create,ORG_IN_WHERE_OR_DATA,async createPolicy(data: {,server/src/services/policyLibraryService.ts:16,organizationId in prisma where/data
588,server/src/services/policyLibraryService.ts,256,frameworkControl,update,ORG_IN_WHERE_OR_DATA,async createControlMapping(,server/src/services/policyLibraryService.ts:244,organizationId in prisma where/data
589,server/src/services/policyLibraryService.ts,305,policy,update,ORG_IN_WHERE_OR_DATA,"async archivePolicy(policyId: string, userId: string, organizationId: string) {",server/src/services/policyLibraryService.ts:299,organizationId in prisma where/data
590,server/src/services/policyLibraryService.ts,331,policy,update,ORG_IN_WHERE_OR_DATA,"async submitForReview(policyId: string, userId: string, organizationId: string) ",server/src/services/policyLibraryService.ts:325,organizationId in prisma where/data
591,server/src/services/policyLibraryService.ts,357,policy,create,ORG_IN_WHERE_OR_DATA,"async duplicatePolicy(policyId: string, userId: string, organizationId: string) ",server/src/services/policyLibraryService.ts:351,organizationId in prisma where/data
592,server/src/services/policyLibraryService.ts,449,policy,update,ORG_IN_WHERE_OR_DATA,async updatePolicy(,server/src/services/policyLibraryService.ts:440,organizationId in prisma where/data
593,server/src/services/policyLibraryService.ts,484,policy,update,ORG_IN_WHERE_OR_DATA,async approvePolicy(,server/src/services/policyLibraryService.ts:475,organizationId in prisma where/data
594,server/src/services/questionnaireService.ts,48,questionnaire,create,ORG_IN_WHERE_OR_DATA,async createQuestionnaire(data: {,server/src/services/questionnaireService.ts:39,organizationId in prisma where/data
595,server/src/services/questionnaireService.ts,97,questionnaireQuestion,create,ORG_IN_WHERE_OR_DATA,async addQuestions(,server/src/services/questionnaireService.ts:86,organizationId in prisma where/data
596,server/src/services/questionnaireService.ts,175,questionnaireResponse,create,ORG_IN_PRIOR_findFirst,async generateAIResponses(,server/src/services/questionnaireService.ts:132,prior findFirst/findUnique with organizationId
597,server/src/services/questionnaireService.ts,195,questionnaire,update,ORG_IN_WHERE_OR_DATA,async generateAIResponses(,server/src/services/questionnaireService.ts:206,organizationId in prisma where/data
598,server/src/services/questionnaireService.ts,377,questionnaireResponse,update,ORG_IN_PRIOR_findFirst,async submitResponse(,server/src/services/questionnaireService.ts:358,prior findFirst/findUnique with organizationId
599,server/src/services/questionnaireService.ts,388,questionnaireResponse,create,ORG_IN_WHERE_OR_DATA,async submitResponse(,server/src/services/questionnaireService.ts:402,organizationId in prisma where/data
600,server/src/services/questionnaireService.ts,451,questionnaire,update,ORG_IN_WHERE_OR_DATA,async completeQuestionnaire(,server/src/services/questionnaireService.ts:465,organizationId in prisma where/data
601,server/src/services/queue/jobQueue.ts,607,unknown,unknown,NON_PRISMA_FALSE_POSITIVE,private setupRepeatableJob(,server/src/services/queue/jobQueue.ts:607,non-prisma: this.scheduledJobs.delete(repeatKey);
602,server/src/services/queue/jobQueue.ts,791,unknown,unknown,NON_PRISMA_FALSE_POSITIVE,async shutdown(timeoutMs = 30000): Promise<void> {,server/src/services/queue/jobQueue.ts:791,non-prisma: this.scheduledJobs.delete(key);
603,server/src/services/realTimeComplianceService.ts,418,unknown,unknown,NON_PRISMA_FALSE_POSITIVE,async executeMonitorAndBroadcast(,server/src/services/realTimeComplianceService.ts:418,non-prisma: this.monitorMutexes.delete(monitorId);
604,server/src/services/realTimeComplianceService.ts,514,metricsHistory,create,ORG_IN_WHERE_OR_DATA,async recomputeAndBroadcastScore(,server/src/services/realTimeComplianceService.ts:506,organizationId in prisma where/data
605,server/src/services/realTimeComplianceService.ts,653,unknown,unknown,NON_PRISMA_FALSE_POSITIVE,"private scheduleScoreRecompute(organizationId: string, reason: string): void {",server/src/services/realTimeComplianceService.ts:653,non-prisma: this.scoreDebounceTimers.delete(organizationId);
606,server/src/services/reportingService.ts,29,customReport,create,ORG_IN_WHERE_OR_DATA,async createReport(data: {,server/src/services/reportingService.ts:20,organizationId in prisma where/data
607,server/src/services/reportingService.ts,358,customReport,update,ORG_IN_WHERE_OR_DATA,async scheduleReport(,server/src/services/reportingService.ts:356,organizationId in prisma where/data
608,server/src/services/riskManagementService.ts,28,unknown,unknown,ORG_IN_WHERE_OR_DATA,async createRiskAssessment(data: {,server/src/services/riskManagementService.ts:19,organizationId in prisma where/data
609,server/src/services/riskManagementService.ts,74,unknown,unknown,ORG_IN_WHERE_OR_DATA,async addRiskToAssessment(,server/src/services/riskManagementService.ts:65,organizationId in prisma where/data
610,server/src/services/riskManagementService.ts,118,unknown,unknown,NON_PRISMA_FALSE_POSITIVE,async completeRiskAssessment(,server/src/services/riskManagementService.ts:118,non-prisma: const assessment = await tx.riskAssessment.update({
611,server/src/services/riskManagementService.ts,161,unknown,unknown,NON_PRISMA_FALSE_POSITIVE,async updateRiskRemediation(,server/src/services/riskManagementService.ts:161,non-prisma: const risk = await tx.riskItem.update({
612,server/src/services/riskManagementService.ts,209,unknown,unknown,NON_PRISMA_FALSE_POSITIVE,async updateRiskScore(,server/src/services/riskManagementService.ts:209,non-prisma: const risk = await tx.riskItem.update({
613,server/src/services/riskManagementService.ts,251,unknown,unknown,NON_PRISMA_FALSE_POSITIVE,async resolveRisk(,server/src/services/riskManagementService.ts:251,non-prisma: const risk = await tx.riskItem.update({
614,server/src/services/s3Service.ts,34,unknown,unknown,NON_PRISMA_FALSE_POSITIVE,(unknown),server/src/services/s3Service.ts:34,non-prisma: AWS.config.update({
615,server/src/services/s3Service.ts,122,fileUpload,create,ORG_IN_WHERE_OR_DATA,async uploadFile(options: UploadOptions): Promise<UploadResult> {,server/src/services/s3Service.ts:114,organizationId in prisma where/data
616,server/src/services/s3Service.ts,209,fileUpload,delete,ORG_IN_WHERE_OR_DATA,"async deleteFile(fileId: string, organizationId: string): Promise<void> {",server/src/services/s3Service.ts:194,organizationId in prisma where/data
617,server/src/services/secureChatService.ts,1752,chatConversation,create,ORG_IN_WHERE_OR_DATA,"private async getConversation(userId: string, organizationId: string): Promise<a",server/src/services/secureChatService.ts:1742,organizationId in prisma where/data
618,server/src/services/secureChatService.ts,1813,chatConversation,update,ORG_IN_WHERE_OR_DATA,async chatWithUser(,server/src/services/secureChatService.ts:1772,organizationId referenced before write in function
619,server/src/services/secureChatService.ts,1824,auditLog,create,ORG_IN_WHERE_OR_DATA,async chatWithUser(,server/src/services/secureChatService.ts:1829,organizationId in prisma where/data
620,server/src/services/sessionManagementService.ts,351,auditLog,create,ORG_IN_WHERE_OR_DATA,private async sendTimeoutWarning(session: UserSession): Promise<void> {,server/src/services/sessionManagementService.ts:360,organizationId in prisma where/data
621,server/src/services/sessionManagementService.ts,386,auditLog,create,ORG_IN_WHERE_OR_DATA,private async storeSessionInDatabase(session: UserSession): Promise<void> {,server/src/services/sessionManagementService.ts:398,organizationId in prisma where/data
622,server/src/services/sessionManagementService.ts,412,auditLog,create,ORG_IN_WHERE_OR_DATA,"private async markSessionTerminated(sessionId: string, reason: string): Promise<",server/src/services/sessionManagementService.ts:421,organizationId in prisma where/data
623,server/src/services/soc2Service.ts,265,sOC2Engagement,create,ORG_IN_WHERE_OR_DATA,async createEngagement(data: {,server/src/services/soc2Service.ts:267,organizationId in prisma where/data
624,server/src/services/soc2Service.ts,339,sOC2Engagement,update,ORG_IN_WHERE_OR_DATA,async updateEngagement(,server/src/services/soc2Service.ts:330,organizationId in prisma where/data
625,server/src/services/soc2Service.ts,448,sOC2Control,upsert,ORG_IN_WHERE_OR_DATA,async upsertControl(data: {,server/src/services/soc2Service.ts:435,organizationId in prisma where/data
626,server/src/services/soc2Service.ts,538,unknown,unknown,ORG_IN_WHERE_OR_DATA,"async bulkSeedControls(engagementId: string, organizationId: string, userId: str",server/src/services/soc2Service.ts:540,organizationId in prisma where/data
627,server/src/services/soc2Service.ts,618,sOC2Control,update,ORG_IN_WHERE_OR_DATA,async testControl(,server/src/services/soc2Service.ts:609,organizationId in prisma where/data
628,server/src/services/soc2Service.ts,738,sOC2EvidenceSample,create,ORG_IN_WHERE_OR_DATA,async createEvidenceSample(data: {,server/src/services/soc2Service.ts:728,organizationId in prisma where/data
629,server/src/services/soc2Service.ts,804,sOC2EvidenceSample,update,ORG_IN_WHERE_OR_DATA,"async approveEvidenceSample(id: string, organizationId: string, reviewerId: stri",server/src/services/soc2Service.ts:794,organizationId in prisma where/data
630,server/src/services/soc2Service.ts,865,sOC2Exception,create,ORG_IN_WHERE_OR_DATA,async createException(data: {,server/src/services/soc2Service.ts:852,organizationId in prisma where/data
631,server/src/services/soc2Service.ts,949,sOC2Exception,update,ORG_IN_WHERE_OR_DATA,async updateExceptionStatus(,server/src/services/soc2Service.ts:944,organizationId in prisma where/data
632,server/src/services/soc2Service.ts,1018,sOC2CUEC,create,ORG_IN_WHERE_OR_DATA,async createCUEC(data: {,server/src/services/soc2Service.ts:1005,organizationId in prisma where/data
633,server/src/services/soc2Service.ts,1078,sOC2ManagementAssertion,create,ORG_IN_WHERE_OR_DATA,async createManagementAssertion(data: {,server/src/services/soc2Service.ts:1073,organizationId in prisma where/data
634,server/src/services/sodService.ts,112,soDRule,create,ORG_IN_WHERE_OR_DATA,async createSoDRule(data: SoDRuleInput): Promise<SoDRuleRecord> {,server/src/services/sodService.ts:115,organizationId in prisma where/data
635,server/src/services/sodService.ts,230,soDRule,update,ORG_IN_WHERE_OR_DATA,async updateSoDRule(,server/src/services/sodService.ts:215,organizationId in prisma where/data
636,server/src/services/sodService.ts,254,soDRule,delete,ORG_IN_WHERE_OR_DATA,"async deleteSoDRule(id: string, userId: string, organizationId: string): Promise",server/src/services/sodService.ts:250,organizationId in prisma where/data
637,server/src/services/sodService.ts,279,soDViolation,create,ORG_IN_WHERE_OR_DATA,async createSoDViolation(data: SoDViolationInput): Promise<SoDViolationRecord> {,server/src/services/sodService.ts:282,organizationId in prisma where/data
638,server/src/services/sodService.ts,511,soDViolation,update,ORG_IN_WHERE_OR_DATA,async mitigateViolation(,server/src/services/sodService.ts:505,organizationId in prisma where/data
639,server/src/services/sodService.ts,548,soDViolation,update,ORG_IN_WHERE_OR_DATA,async acceptViolation(,server/src/services/sodService.ts:542,organizationId in prisma where/data
640,server/src/services/sodService.ts,585,soDViolation,update,ORG_IN_WHERE_OR_DATA,async remediateViolation(,server/src/services/sodService.ts:579,organizationId in prisma where/data
641,server/src/services/sodService.ts,1057,soDViolation,update,ORG_IN_WHERE_OR_DATA,async addCompensatingControl(,server/src/services/sodService.ts:1069,organizationId in prisma where/data
642,server/src/services/sodService.ts,1119,soDViolation,update,ORG_IN_WHERE_OR_DATA,async updateCompensatingControl(,server/src/services/sodService.ts:1131,organizationId in prisma where/data
643,server/src/services/sodService.ts,1168,soDViolation,update,ORG_IN_WHERE_OR_DATA,async deleteCompensatingControl(,server/src/services/sodService.ts:1180,organizationId in prisma where/data
644,server/src/services/soxService.ts,128,sOXControl,create,ORG_IN_WHERE_OR_DATA,async createSOXControl(data: {,server/src/services/soxService.ts:131,organizationId in prisma where/data
645,server/src/services/soxService.ts,238,sOXControl,update,ORG_IN_WHERE_OR_DATA,async updateSOXControl(,server/src/services/soxService.ts:245,organizationId in prisma where/data
646,server/src/services/soxService.ts,260,sOXControl,deleteMany,ORG_IN_WHERE_OR_DATA,"async deleteSOXControl(id: string, userId: string, organizationId: string): Prom",server/src/services/soxService.ts:256,organizationId in prisma where/data
647,server/src/services/soxService.ts,335,sOXTestResult,create,ORG_IN_WHERE_OR_DATA,async createSOXTestResult(data: {,server/src/services/soxService.ts:329,organizationId in prisma where/data
648,server/src/services/soxService.ts,369,sOXControl,update,ORG_IN_PRIOR_findFirst,async createSOXTestResult(data: {,server/src/services/soxService.ts:328,prior findFirst/findUnique with organizationId
649,server/src/services/soxService.ts,470,sOXTestResult,update,ORG_IN_WHERE_OR_DATA,async updateSOXTestResult(,server/src/services/soxService.ts:471,organizationId in prisma where/data
650,server/src/services/soxService.ts,492,sOXTestResult,delete,ORG_IN_WHERE_OR_DATA,"async deleteSOXTestResult(id: string, userId: string, organizationId: string): P",server/src/services/soxService.ts:488,organizationId in prisma where/data
651,server/src/services/soxService.ts,545,sOXAssessment,create,ORG_IN_WHERE_OR_DATA,async createSOXAssessment(data: {,server/src/services/soxService.ts:548,organizationId in prisma where/data
652,server/src/services/soxService.ts,634,sOXAssessment,update,ORG_IN_WHERE_OR_DATA,async updateSOXAssessment(,server/src/services/soxService.ts:641,organizationId in prisma where/data
653,server/src/services/soxService.ts,656,sOXAssessment,deleteMany,ORG_IN_WHERE_OR_DATA,"async deleteSOXAssessment(id: string, userId: string, organizationId: string): P",server/src/services/soxService.ts:652,organizationId in prisma where/data
654,server/src/services/soxService.ts,1118,sOXControl,update,ORG_IN_WHERE_OR_DATA,async scoreWalkthrough(,server/src/services/soxService.ts:999,organizationId referenced before write in function
655,server/src/services/stripeService.ts,158,unknown,unknown,ORG_IN_WHERE_OR_DATA,async function ensureStripePricesExist(): Promise<void> {,server/src/services/stripeService.ts:208,organizationId present in function (1 refs)
656,server/src/services/stripeService.ts,167,unknown,unknown,ORG_IN_WHERE_OR_DATA,async function ensureStripePricesExist(): Promise<void> {,server/src/services/stripeService.ts:208,organizationId present in function (1 refs)
657,server/src/services/stripeService.ts,180,unknown,unknown,ORG_IN_WHERE_OR_DATA,async function ensureStripePricesExist(): Promise<void> {,server/src/services/stripeService.ts:208,organizationId present in function (1 refs)
658,server/src/services/stripeService.ts,212,organization,update,ORG_IN_WHERE_OR_DATA,async createCustomer(,server/src/services/stripeService.ts:208,organizationId in prisma where/data
659,server/src/services/stripeService.ts,222,organization,update,ORG_IN_WHERE_OR_DATA,async createCustomer(,server/src/services/stripeService.ts:208,organizationId in prisma where/data
660,server/src/services/stripeService.ts,328,unknown,unknown,ORG_IN_WHERE_OR_DATA,async createCheckoutSession(options: CreateCheckoutSessionOptions): Promise<stri,server/src/services/stripeService.ts:245,organizationId present in function (3 refs)
661,server/src/services/stripeService.ts,343,unknown,unknown,ORG_IN_WHERE_OR_DATA,"async createPortalSession(customerId: string, returnUrl: string): Promise<string",server/src/services/stripeService.ts:358,organizationId in prisma where/data
662,server/src/services/stripeService.ts,494,unknown,unknown,NON_PRISMA_FALSE_POSITIVE,async changeTier(,server/src/services/stripeService.ts:494,"non-prisma: await stripe.subscriptions.update(org.stripeSubscriptionId, {"
663,server/src/services/stripeService.ts,511,unknown,unknown,NON_PRISMA_FALSE_POSITIVE,async changeTier(,server/src/services/stripeService.ts:511,non-prisma: await tx.organization.update({
664,server/src/services/stripeService.ts,519,unknown,unknown,ORG_IN_WHERE_OR_DATA,async changeTier(,server/src/services/stripeService.ts:512,organizationId in prisma where/data
665,server/src/services/stripeService.ts,560,unknown,unknown,NON_PRISMA_FALSE_POSITIVE,async cancelSubscription(,server/src/services/stripeService.ts:560,"non-prisma: await stripe.subscriptions.update(org.stripeSubscriptionId, {"
666,server/src/services/stripeService.ts,566,unknown,unknown,NON_PRISMA_FALSE_POSITIVE,async cancelSubscription(,server/src/services/stripeService.ts:566,non-prisma: await tx.organization.update({
667,server/src/services/stripeService.ts,571,unknown,unknown,ORG_IN_WHERE_OR_DATA,async cancelSubscription(,server/src/services/stripeService.ts:567,organizationId in prisma where/data
668,server/src/services/stripeService.ts,589,unknown,unknown,NON_PRISMA_FALSE_POSITIVE,async cancelSubscription(,server/src/services/stripeService.ts:589,non-prisma: await tx.organization.update({
669,server/src/services/stripeService.ts,599,unknown,unknown,ORG_IN_WHERE_OR_DATA,async cancelSubscription(,server/src/services/stripeService.ts:590,organizationId in prisma where/data
670,server/src/services/stripeService.ts,635,organization,update,NON_PRISMA_FALSE_POSITIVE,async reactivateSubscription(organizationId: string): Promise<boolean> {,server/src/services/stripeService.ts:635,"non-prisma: await stripe.subscriptions.update(org.stripeSubscriptionId, {"
671,server/src/services/stripeService.ts,639,organization,update,ORG_IN_WHERE_OR_DATA,async reactivateSubscription(organizationId: string): Promise<boolean> {,server/src/services/stripeService.ts:625,organizationId in prisma where/data
672,server/src/services/stripeService.ts,645,organization,update,ORG_IN_WHERE_OR_DATA,async reactivateSubscription(organizationId: string): Promise<boolean> {,server/src/services/stripeService.ts:640,organizationId in prisma where/data
673,server/src/services/stripeService.ts,684,organization,update,ORG_IN_WHERE_OR_DATA,"async addAddOn(organizationId: string, addOnId: string): Promise<boolean> {",server/src/services/stripeService.ts:671,organizationId in prisma where/data
674,server/src/services/stripeService.ts,693,organization,update,ORG_IN_WHERE_OR_DATA,"async addAddOn(organizationId: string, addOnId: string): Promise<boolean> {",server/src/services/stripeService.ts:694,organizationId in prisma where/data
675,server/src/services/stripeService.ts,702,organization,update,ORG_IN_WHERE_OR_DATA,"async addAddOn(organizationId: string, addOnId: string): Promise<boolean> {",server/src/services/stripeService.ts:694,organizationId in prisma where/data
676,server/src/services/stripeService.ts,747,organization,update,ORG_IN_WHERE_OR_DATA,"async removeAddOn(organizationId: string, addOnId: string): Promise<boolean> {",server/src/services/stripeService.ts:748,organizationId in prisma where/data
677,server/src/services/stripeService.ts,755,organization,update,ORG_IN_WHERE_OR_DATA,"async removeAddOn(organizationId: string, addOnId: string): Promise<boolean> {",server/src/services/stripeService.ts:748,organizationId in prisma where/data
678,server/src/services/stripeService.ts,797,stripeEvent,create,SYSTEM_LEVEL_NO_ORG_REQUIRED,"async handleWebhook(payload: Buffer, signature: string): Promise<{",server/src/services/stripeService.ts:797,system-level operation (audit/webhook/auth)
679,server/src/services/stripeService.ts,842,stripeEvent,update,SYSTEM_LEVEL_NO_ORG_REQUIRED,"async handleWebhook(payload: Buffer, signature: string): Promise<{",server/src/services/stripeService.ts:842,system-level operation (audit/webhook/auth)
680,server/src/services/stripeService.ts,895,unknown,unknown,NON_PRISMA_FALSE_POSITIVE,private async handleCheckoutCompleted(session: Stripe.Checkout.Session): Promise,server/src/services/stripeService.ts:895,non-prisma: await tx.organization.update({
681,server/src/services/stripeService.ts,910,unknown,unknown,ORG_IN_WHERE_OR_DATA,private async handleCheckoutCompleted(session: Stripe.Checkout.Session): Promise,server/src/services/stripeService.ts:896,organizationId in prisma where/data
682,server/src/services/stripeService.ts,954,organization,update,ORG_IN_WHERE_OR_DATA,private async handleSubscriptionCreated(subscription: Stripe.Subscription): Prom,server/src/services/stripeService.ts:949,organizationId in prisma where/data
683,server/src/services/stripeService.ts,999,organization,update,ORG_IN_WHERE_OR_DATA,private async handleSubscriptionUpdated(subscription: Stripe.Subscription): Prom,server/src/services/stripeService.ts:1013,organizationId in prisma where/data
684,server/src/services/stripeService.ts,1011,subscriptionHistory,create,ORG_IN_WHERE_OR_DATA,private async handleSubscriptionUpdated(subscription: Stripe.Subscription): Prom,server/src/services/stripeService.ts:1013,organizationId in prisma where/data
685,server/src/services/stripeService.ts,1041,organization,update,ORG_IN_WHERE_OR_DATA,private async handleSubscriptionDeleted(subscription: Stripe.Subscription): Prom,server/src/services/stripeService.ts:1055,organizationId in prisma where/data
686,server/src/services/stripeService.ts,1053,subscriptionHistory,create,ORG_IN_WHERE_OR_DATA,private async handleSubscriptionDeleted(subscription: Stripe.Subscription): Prom,server/src/services/stripeService.ts:1055,organizationId in prisma where/data
687,server/src/services/stripeService.ts,1086,organization,update,ORG_IN_WHERE_OR_DATA,private async handlePaymentSucceeded(invoice: Stripe.Invoice): Promise<void> {,server/src/services/stripeService.ts:1093,organizationId in prisma where/data
688,server/src/services/stripeService.ts,1091,organization,update,ORG_IN_WHERE_OR_DATA,private async handlePaymentSucceeded(invoice: Stripe.Invoice): Promise<void> {,server/src/services/stripeService.ts:1093,organizationId in prisma where/data
689,server/src/services/stripeService.ts,1123,organization,update,ORG_IN_WHERE_OR_DATA,private async handlePaymentFailed(invoice: Stripe.Invoice): Promise<void> {,server/src/services/stripeService.ts:1130,organizationId in prisma where/data
690,server/src/services/stripeService.ts,1128,organization,update,ORG_IN_WHERE_OR_DATA,private async handlePaymentFailed(invoice: Stripe.Invoice): Promise<void> {,server/src/services/stripeService.ts:1130,organizationId in prisma where/data
691,server/src/services/stripeService.ts,1257,featureSubscription,create,ORG_IN_WHERE_OR_DATA,private async handleSubscriptionItemCreated(subscriptionItem: Stripe.Subscriptio,server/src/services/stripeService.ts:1259,organizationId in prisma where/data
692,server/src/services/stripeService.ts,1277,featureSubscription,update,ORG_IN_WHERE_OR_DATA,private async handleSubscriptionItemCreated(subscriptionItem: Stripe.Subscriptio,server/src/services/stripeService.ts:1259,organizationId present in function (2 refs)
693,server/src/services/stripeService.ts,1308,featureSubscription,update,ORG_IN_WHERE_OR_DATA,private async handleSubscriptionItemUpdated(subscriptionItem: Stripe.Subscriptio,server/src/services/stripeService.ts:1317,organizationId present in function (3 refs)
694,server/src/services/stripeService.ts,1344,featureSubscription,update,ORG_IN_WHERE_OR_DATA,private async handleSubscriptionItemDeleted(subscriptionItem: Stripe.Subscriptio,server/src/services/stripeService.ts:1365,organizationId present in function (5 refs)
695,server/src/services/stripeService.ts,1353,featureSubscription,update,ORG_IN_WHERE_OR_DATA,private async handleSubscriptionItemDeleted(subscriptionItem: Stripe.Subscriptio,server/src/services/stripeService.ts:1365,organizationId in prisma where/data
696,server/src/services/stripeService.ts,1370,subscriptionHistory,create,ORG_IN_WHERE_OR_DATA,private async handleSubscriptionItemDeleted(subscriptionItem: Stripe.Subscriptio,server/src/services/stripeService.ts:1365,organizationId in prisma where/data
697,server/src/services/stripeService.ts,1431,subscriptionHistory,create,ORG_IN_WHERE_OR_DATA,async processRefund(data: {,server/src/services/stripeService.ts:1436,organizationId in prisma where/data
698,server/src/services/stripeService.ts,1434,subscriptionHistory,create,ORG_IN_WHERE_OR_DATA,async processRefund(data: {,server/src/services/stripeService.ts:1436,organizationId in prisma where/data
699,server/src/services/stripeService.ts,1504,unknown,unknown,ORG_IN_WHERE_OR_DATA,async createQuote(,server/src/services/stripeService.ts:1508,organizationId in prisma where/data
700,server/src/services/stripeService.ts,1514,unknown,unknown,ORG_IN_WHERE_OR_DATA,async createQuote(,server/src/services/stripeService.ts:1508,organizationId in prisma where/data
701,server/src/services/stripeService.ts,1524,unknown,unknown,ORG_IN_WHERE_OR_DATA,async createQuote(,server/src/services/stripeService.ts:1533,organizationId in prisma where/data
702,server/src/services/tierService.ts,517,usageTracking,upsert,ORG_IN_WHERE_OR_DATA,async incrementUsage(,server/src/services/tierService.ts:519,organizationId in prisma where/data
703,server/src/services/tokenBlacklistService.ts,25,unknown,unknown,NON_PRISMA_FALSE_POSITIVE,(unknown),server/src/services/tokenBlacklistService.ts:25,non-prisma: return crypto.createHash('sha256').update(token).digest('hex');
704,server/src/services/trustCenterService.ts,36,trustCertificate,create,ORG_IN_WHERE_OR_DATA,async createCertificate(data: {,server/src/services/trustCenterService.ts:26,organizationId in prisma where/data
705,server/src/services/trustCenterService.ts,216,trustCertificate,update,ORG_IN_WHERE_OR_DATA,async updateCertificateStatus(,server/src/services/trustCenterService.ts:207,organizationId in prisma where/data
706,server/src/services/twoFactorService.ts,51,user,update,SYSTEM_LEVEL_NO_ORG_REQUIRED,"async setupTwoFactor(userId: string, userEmail: string): Promise<TwoFactorSetup>",server/src/services/twoFactorService.ts:51,system-level operation (audit/webhook/auth)
707,server/src/services/twoFactorService.ts,109,user,update,SYSTEM_LEVEL_NO_ORG_REQUIRED,"async verifyAndEnableTwoFactor(userId: string, token: string): Promise<boolean> ",server/src/services/twoFactorService.ts:109,system-level operation (audit/webhook/auth)
708,server/src/services/twoFactorService.ts,189,twoFactorBackupCode,update,SYSTEM_LEVEL_NO_ORG_REQUIRED,"async verifyBackupCode(userId: string, code: string): Promise<boolean> {",server/src/services/twoFactorService.ts:189,system-level operation (audit/webhook/auth)
709,server/src/services/twoFactorService.ts,225,user,update,SYSTEM_LEVEL_NO_ORG_REQUIRED,"async disableTwoFactor(userId: string, token: string): Promise<boolean> {",server/src/services/twoFactorService.ts:225,system-level operation (audit/webhook/auth)
710,server/src/services/twoFactorService.ts,235,user,update,SYSTEM_LEVEL_NO_ORG_REQUIRED,"async disableTwoFactor(userId: string, token: string): Promise<boolean> {",server/src/services/twoFactorService.ts:235,system-level operation (audit/webhook/auth)
711,server/src/services/twoFactorService.ts,260,twoFactorBackupCode,deleteMany,SYSTEM_LEVEL_NO_ORG_REQUIRED,"async regenerateBackupCodes(userId: string, token: string): Promise<string[] | n",server/src/services/twoFactorService.ts:260,system-level operation (audit/webhook/auth)
712,server/src/services/twoFactorService.ts,371,unknown,unknown,NON_PRISMA_FALSE_POSITIVE,private deriveEncryptionKey(): Buffer {,server/src/services/twoFactorService.ts:371,"non-prisma: const salt = crypto.createHash('sha256').update(process.env.ENCRYPTION_KEY).digest().subarray(0, 16)"
713,server/src/services/twoFactorService.ts,386,unknown,unknown,NON_PRISMA_FALSE_POSITIVE,private encryptSecret(secret: string): string {,server/src/services/twoFactorService.ts:386,"non-prisma: let encrypted = cipher.update(secret, 'utf8', 'hex');"
714,server/src/services/twoFactorService.ts,413,unknown,unknown,NON_PRISMA_FALSE_POSITIVE,private decryptSecret(encryptedSecret: string): string {,server/src/services/twoFactorService.ts:413,"non-prisma: let decrypted = decipher.update(ciphertext, 'hex', 'utf8');"
715,server/src/services/twoFactorService.ts,421,unknown,unknown,NON_PRISMA_FALSE_POSITIVE,private decryptSecret(encryptedSecret: string): string {,server/src/services/twoFactorService.ts:421,"non-prisma: let decrypted = decipher.update(encrypted, 'hex', 'utf8');"
716,server/src/services/vendorRiskService.ts,38,unknown,unknown,ORG_IN_WHERE_OR_DATA,async createVendor(data: {,server/src/services/vendorRiskService.ts:41,organizationId in prisma where/data
717,server/src/services/vendorRiskService.ts,65,unknown,unknown,ORG_IN_WHERE_OR_DATA,async createVendor(data: {,server/src/services/vendorRiskService.ts:76,organizationId in prisma where/data
718,server/src/services/vendorRiskService.ts,104,vendorAssessment,create,ORG_IN_WHERE_OR_DATA,async createVendorAssessment(data: {,server/src/services/vendorRiskService.ts:93,organizationId in prisma where/data
719,server/src/services/vendorRiskService.ts,152,unknown,unknown,NON_PRISMA_FALSE_POSITIVE,async completeVendorAssessment(,server/src/services/vendorRiskService.ts:152,non-prisma: const assessment = await tx.vendorAssessment.update({
720,server/src/services/vendorRiskService.ts,168,unknown,unknown,NON_PRISMA_FALSE_POSITIVE,async completeVendorAssessment(,server/src/services/vendorRiskService.ts:168,non-prisma: await tx.vendor.update({
721,server/src/services/vendorRiskService.ts,203,vendorReview,create,ORG_IN_WHERE_OR_DATA,async createVendorReview(data: {,server/src/services/vendorRiskService.ts:200,organizationId in prisma where/data
722,server/src/services/vendorRiskService.ts,243,unknown,unknown,NON_PRISMA_FALSE_POSITIVE,async completeVendorReview(,server/src/services/vendorRiskService.ts:243,non-prisma: const review = await tx.vendorReview.update({
723,server/src/services/vendorRiskService.ts,256,unknown,unknown,NON_PRISMA_FALSE_POSITIVE,async completeVendorReview(,server/src/services/vendorRiskService.ts:256,non-prisma: await tx.vendor.update({
724,server/src/services/vendorRiskService.ts,289,vendorMonitor,create,ORG_IN_WHERE_OR_DATA,async createVendorMonitor(data: {,server/src/services/vendorRiskService.ts:286,organizationId in prisma where/data
725,server/src/services/vendorRiskService.ts,326,vendorMonitor,update,ORG_IN_WHERE_OR_DATA,async updateVendorMonitorResults(,server/src/services/vendorRiskService.ts:324,organizationId in prisma where/data
726,server/src/services/vendorRiskService.ts,585,vendor,update,ORG_IN_WHERE_OR_DATA,async updateVendor(,server/src/services/vendorRiskService.ts:577,organizationId in prisma where/data
727,server/src/services/vendorRiskService.ts,615,vendor,update,ORG_IN_WHERE_OR_DATA,"async archiveVendor(vendorId: string, userId: string, organizationId: string) {",server/src/services/vendorRiskService.ts:609,organizationId in prisma where/data
728,server/src/services/visionaryAIService.ts,294,policy,create,ORG_IN_PRIOR_findFirst,async generatePolicyFromNaturalLanguage(,server/src/services/visionaryAIService.ts:226,prior findFirst/findUnique with organizationId
729,server/src/services/visionaryAIService.ts,766,frameworkControl,update,ORG_IN_WHERE_OR_DATA,private async executeRemediationAction(,server/src/services/visionaryAIService.ts:762,organizationId in prisma where/data
730,server/src/services/webhookService.ts,152,webhook,create,ORG_IN_WHERE_OR_DATA,async createWebhook(options: CreateWebhookOptions): Promise<any> {,server/src/services/webhookService.ts:154,organizationId in prisma where/data
731,server/src/services/webhookService.ts,192,webhook,update,ORG_IN_WHERE_OR_DATA,async updateWebhook(,server/src/services/webhookService.ts:184,organizationId in prisma where/data
732,server/src/services/webhookService.ts,219,webhook,delete,ORG_IN_WHERE_OR_DATA,"async deleteWebhook(webhookId: string, organizationId: string): Promise<boolean>",server/src/services/webhookService.ts:217,organizationId in prisma where/data
733,server/src/services/webhookService.ts,291,webhook,update,ORG_IN_WHERE_OR_DATA,"async regenerateSecret(webhookId: string, organizationId: string): Promise<strin",server/src/services/webhookService.ts:288,organizationId in prisma where/data
734,server/src/services/webhookService.ts,365,unknown,unknown,ORG_IN_WHERE_OR_DATA,async dispatchEvent(,server/src/services/webhookService.ts:350,organizationId in prisma where/data
735,server/src/services/webhookService.ts,411,webhookEvent,update,SYSTEM_LEVEL_NO_ORG_REQUIRED,async processWebhookEvent(eventId: string): Promise<void> {,server/src/services/webhookService.ts:411,system-level operation (audit/webhook/auth)
736,server/src/services/webhookService.ts,423,webhookEvent,update,SYSTEM_LEVEL_NO_ORG_REQUIRED,async processWebhookEvent(eventId: string): Promise<void> {,server/src/services/webhookService.ts:423,system-level operation (audit/webhook/auth)
737,server/src/services/webhookService.ts,436,webhook,update,SYSTEM_LEVEL_NO_ORG_REQUIRED,async processWebhookEvent(eventId: string): Promise<void> {,server/src/services/webhookService.ts:436,system-level operation (audit/webhook/auth)
738,server/src/services/webhookService.ts,448,webhookEvent,update,SYSTEM_LEVEL_NO_ORG_REQUIRED,async processWebhookEvent(eventId: string): Promise<void> {,server/src/services/webhookService.ts:448,system-level operation (audit/webhook/auth)
739,server/src/services/webhookService.ts,459,webhook,update,SYSTEM_LEVEL_NO_ORG_REQUIRED,async processWebhookEvent(eventId: string): Promise<void> {,server/src/services/webhookService.ts:459,system-level operation (audit/webhook/auth)
740,server/src/services/webhookService.ts,470,webhookEvent,update,SYSTEM_LEVEL_NO_ORG_REQUIRED,async processWebhookEvent(eventId: string): Promise<void> {,server/src/services/webhookService.ts:470,system-level operation (audit/webhook/auth)
741,server/src/services/webhookService.ts,565,unknown,unknown,NON_PRISMA_FALSE_POSITIVE,private async deliverWebhook(,server/src/services/webhookService.ts:565,non-prisma: hmac.update(signaturePayload);
742,server/src/services/webhookService.ts,599,unknown,unknown,NON_PRISMA_FALSE_POSITIVE,private async deliverWebhook(,server/src/services/webhookService.ts:599,non-prisma: hmac.update(signaturePayload);
743,server/src/services/webhookService.ts,665,webhookEvent,update,ORG_IN_WHERE_OR_DATA,"async retryEvent(eventId: string, organizationId: string): Promise<boolean> {",server/src/services/webhookService.ts:651,organizationId in prisma where/data
744,server/src/services/webhookService.ts,716,webhookEvent,deleteMany,SYSTEM_LEVEL_NO_ORG_REQUIRED,async cleanupOldEvents(olderThanDays: number = 30): Promise<number> {,server/src/services/webhookService.ts:716,system-level operation (audit/webhook/auth)
745,server/src/services/websocketService.ts,164,unknown,unknown,NON_PRISMA_FALSE_POSITIVE,private handleDisconnection(socket: AuthenticatedSocket): void {,server/src/services/websocketService.ts:164,non-prisma: orgSockets.delete(socket.id);
746,server/src/services/websocketService.ts,166,unknown,unknown,NON_PRISMA_FALSE_POSITIVE,private handleDisconnection(socket: AuthenticatedSocket): void {,server/src/services/websocketService.ts:166,non-prisma: this.connectedUsers.delete(organizationId);
747,server/src/services/workflowEngine.ts,336,notification,create,ORG_IN_WHERE_OR_DATA,private async executeAction(,server/src/services/workflowEngine.ts:322,organizationId in prisma where/data
748,server/src/services/workflowEngine.ts,409,issue,create,ORG_IN_WHERE_OR_DATA,private async executeAction(,server/src/services/workflowEngine.ts:322,organizationId referenced before write in function
749,server/src/services/workflowEngine.ts,426,notification,create,ORG_IN_WHERE_OR_DATA,private async executeAction(,server/src/services/workflowEngine.ts:322,organizationId referenced before write in function
750,server/src/services/workflowEngine.ts,481,grcIncident,create,ORG_IN_WHERE_OR_DATA,private async executeAction(,server/src/services/workflowEngine.ts:322,organizationId referenced before write in function
751,server/src/services/workflowEngine.ts,593,notification,create,ORG_IN_WHERE_OR_DATA,private async executeAction(,server/src/services/workflowEngine.ts:322,organizationId referenced before write in function
752,server/src/services/workflowEngine.ts,625,issue,create,ORG_IN_WHERE_OR_DATA,private async executeAction(,server/src/services/workflowEngine.ts:322,organizationId referenced before write in function
753,server/src/services/workflowEngine.ts,641,notification,create,ORG_IN_WHERE_OR_DATA,private async executeAction(,server/src/services/workflowEngine.ts:322,organizationId referenced before write in function
754,server/src/services/workflowEngine.ts,923,gRCWorkflow,update,ORG_IN_WHERE_OR_DATA,async executeWorkflow(,server/src/services/workflowEngine.ts:850,organizationId present in function (4 refs)
755,server/src/services/workflowEngine.ts,977,workflowExecution,create,ORG_IN_WHERE_OR_DATA,async logExecution(,server/src/services/workflowEngine.ts:970,organizationId present in function (1 refs)
