file_path,verdict,evidence_lines,classified_by_audit_pass,notes
./Dockerfile,CLEAN,./Dockerfile:1,3.5,infra file read
./docker-compose.elk.yml,CLEAN,./docker-compose.elk.yml:1,3.5,infra file read
./docker-compose.prod.yml,CLEAN,./docker-compose.prod.yml:1,3.5,infra file read
./docker-compose.security.yml,CLEAN,./docker-compose.security.yml:1,3.5,infra file read
./docker-compose.yml,CLEAN,./docker-compose.yml:1,3.5,infra file read
./infrastructure/security/falco/complyeasy_rules.yaml,CLEAN,./infrastructure/security/falco/complyeasy_rules.yaml:1,3.3,303 lines read
./infrastructure/security/falco/docker-compose.falco.yml,CLEAN,./infrastructure/security/falco/docker-compose.falco.yml:1,3.5,infra file read
./infrastructure/security/falco/falco.yaml,CLEAN,./infrastructure/security/falco/falco.yaml:1,3.3,135 lines read
./logstash/pipeline/logstash.conf,CLEAN,./logstash/pipeline/logstash.conf:1,3.3,61 lines read
./nginx/default.conf,CLEAN,./nginx/default.conf:1,3.3,146 lines read
./nginx/nginx.conf,CLEAN,./nginx/nginx.conf:1,3.3,50 lines read
./server/docker/opa/Dockerfile,CLEAN,./server/docker/opa/Dockerfile:1,3.5,infra file read
./server/docker/opa/docker-compose.yml,CLEAN,./server/docker/opa/docker-compose.yml:1,3.5,infra file read
.github/workflows/ci.yml,CLEAN,.github/workflows/ci.yml:1,3.3,770 lines read
.github/workflows/codeql.yml,CLEAN,.github/workflows/codeql.yml:1,3.3,101 lines read
.github/workflows/dependency-scan.yml,CLEAN,.github/workflows/dependency-scan.yml:1,3.3,84 lines read
.github/workflows/mobile.yml,CLEAN,.github/workflows/mobile.yml:1,3.3,161 lines read
.github/workflows/scheduled-backup.yml,CLEAN,.github/workflows/scheduled-backup.yml:1,3.3,119 lines read
components/ACOSDashboard.tsx,GAP_FOUND,components/ACOSDashboard.tsx:1,3.3,console@137; console@164; console@176; console@559; console@772
components/AIComplianceCopilot.tsx,CLEAN,components/AIComplianceCopilot.tsx:1,3.4,component 1187 lines
components/AIFeatures/AgenticVendorRisk.tsx,GAP_FOUND,components/AIFeatures/AgenticVendorRisk.tsx:1,3.3,console@465
components/AIFeatures/AuditSimulator.tsx,GAP_FOUND,components/AIFeatures/AuditSimulator.tsx:1,3.3,console@485; console@544; console@595
components/AIFeatures/BCPGenerator.tsx,GAP_FOUND,components/AIFeatures/BCPGenerator.tsx:1,3.3,console@115; console@131
components/AIFeatures/ContractAnalyzer.tsx,GAP_FOUND,components/AIFeatures/ContractAnalyzer.tsx:1,3.3,console@84
components/AIFeatures/CrossFrameworkMapper.tsx,GAP_FOUND,components/AIFeatures/CrossFrameworkMapper.tsx:1,3.3,console@461
components/AIFeatures/DataMapper.tsx,GAP_FOUND,components/AIFeatures/DataMapper.tsx:1,3.3,console@38
components/AIFeatures/EvidenceCompletenessChecker.tsx,GAP_FOUND,components/AIFeatures/EvidenceCompletenessChecker.tsx:1,3.3,console@688
components/AIFeatures/EvidenceDetailPanel.tsx,CLEAN,components/AIFeatures/EvidenceDetailPanel.tsx:1,3.4,component 520 lines
components/AIFeatures/GapAnalysis.tsx,GAP_FOUND,components/AIFeatures/GapAnalysis.tsx:1,3.3,console@26
components/AIFeatures/HomomorphicAI.tsx,GAP_FOUND,components/AIFeatures/HomomorphicAI.tsx:1,3.3,throw new Error@88; throw new Error@145; throw new Error@186; throw new Error@228; throw new Error@231
components/AIFeatures/NaturalLanguageQuery.tsx,GAP_FOUND,components/AIFeatures/NaturalLanguageQuery.tsx:1,3.3,console@292
components/AIFeatures/PhishingGenerator.tsx,CLEAN,components/AIFeatures/PhishingGenerator.tsx:1,3.4,component 255 lines
components/AIFeatures/PolicyGenerator.tsx,CLEAN,components/AIFeatures/PolicyGenerator.tsx:1,3.4,component 91 lines
components/AIFeatures/RFPResponder.tsx,CLEAN,components/AIFeatures/RFPResponder.tsx:1,3.4,component 374 lines
components/AIFeatures/RegulatoryAutoRemediation.tsx,GAP_FOUND,components/AIFeatures/RegulatoryAutoRemediation.tsx:1,3.3,console@647
components/AIFeatures/VendorScorer.tsx,CLEAN,components/AIFeatures/VendorScorer.tsx:1,3.4,component 66 lines
components/AIRMFAssessments.tsx,GAP_FOUND,components/AIRMFAssessments.tsx:1,3.3,console@54; console@71; console@602; console@657
components/AIRMFDashboard.tsx,CLEAN,components/AIRMFDashboard.tsx:1,3.4,component 300 lines
components/AIReportGenerator.tsx,GAP_FOUND,components/AIReportGenerator.tsx:1,3.3,console@29
components/AISystemCreate.tsx,GAP_FOUND,components/AISystemCreate.tsx:1,3.3,console@48
components/AISystemDetails.tsx,GAP_FOUND,components/AISystemDetails.tsx:1,3.3,console@50; console@63; console@73; console@87; console@97
components/AISystemDetails_Modals.tsx,GAP_FOUND,components/AISystemDetails_Modals.tsx:1,3.3,console@45; console@204; console@356
components/AISystemList.tsx,GAP_FOUND,components/AISystemList.tsx:1,3.3,console@50; console@66
components/AccessibilitySettings.tsx,CLEAN,components/AccessibilitySettings.tsx:1,3.4,component 551 lines
components/AccountDeletionWorkflow.tsx,GAP_FOUND,components/AccountDeletionWorkflow.tsx:1,3.3,console@144
components/AssetManagement.tsx,GAP_FOUND,components/AssetManagement.tsx:1,3.3,throw new Error@207; throw new Error@270; throw new Error@287; throw new Error@311
components/AuditPrepAssistant.tsx,CLEAN,components/AuditPrepAssistant.tsx:1,3.4,component 859 lines
components/AuditTrail.tsx,GAP_FOUND,components/AuditTrail.tsx:1,3.3,console@75
components/AuditorHub.tsx,CLEAN,components/AuditorHub.tsx:1,3.4,component 1292 lines
components/BrandingSettings.tsx,GAP_FOUND,components/BrandingSettings.tsx:1,3.3,throw new Error@80
components/BreachNotificationWizard.tsx,CLEAN,components/BreachNotificationWizard.tsx:1,3.4,component 1510 lines
components/Breadcrumbs.tsx,CLEAN,components/Breadcrumbs.tsx:1,3.4,component 49 lines
components/BusinessImpactAnalysis.tsx,GAP_FOUND,components/BusinessImpactAnalysis.tsx:1,3.3,throw new Error@163; throw new Error@187; throw new Error@203
components/CEMarkingWorkflow.tsx,CLEAN,components/CEMarkingWorkflow.tsx:1,3.4,component 1425 lines
components/CICDGateSettings.tsx,CLEAN,components/CICDGateSettings.tsx:1,3.4,component 971 lines
components/CSRDDashboard.tsx,CLEAN,components/CSRDDashboard.tsx:1,3.4,component 966 lines
components/CertificationTracker.tsx,GAP_FOUND,components/CertificationTracker.tsx:1,3.3,throw new Error@95; console@195; console@266
components/CommandPalette.tsx,CLEAN,components/CommandPalette.tsx:1,3.4,component 229 lines
components/CommunityPage.tsx,CLEAN,components/CommunityPage.tsx:1,3.4,component 766 lines
components/ComplianceCalendar.tsx,GAP_FOUND,components/ComplianceCalendar.tsx:1,3.3,throw new Error@220; throw new Error@237; throw new Error@253; throw new Error@264
components/ComplianceChat.tsx,GAP_FOUND,components/ComplianceChat.tsx:1,3.3,console@132
components/ComplianceCostDashboard.tsx,GAP_FOUND,components/ComplianceCostDashboard.tsx:1,3.3,throw new Error@81; console@182; console@253; console@263
components/ComplianceGauge.tsx,CLEAN,components/ComplianceGauge.tsx:1,3.4,component 90 lines
components/ComplianceScoreForecasting.tsx,GAP_FOUND,components/ComplianceScoreForecasting.tsx:1,3.3,console@340; console@349; console@430
components/ControlTestResults.tsx,CLEAN,components/ControlTestResults.tsx:1,3.4,component 773 lines
components/CookieConsentBanner.tsx,GAP_FOUND,components/CookieConsentBanner.tsx:1,3.3,console@101
components/DMAGatekeeperManagement.tsx,CLEAN,components/DMAGatekeeperManagement.tsx:1,3.4,component 758 lines
components/DORADashboard.tsx,CLEAN,components/DORADashboard.tsx:1,3.4,component 1010 lines
components/DPIAWorkflow.tsx,GAP_FOUND,components/DPIAWorkflow.tsx:1,3.3,throw new Error@153; console@233; console@302; console@344
components/DSAPlatformManagement.tsx,GAP_FOUND,components/DSAPlatformManagement.tsx:1,3.3,console@206; console@215; console@224; console@255; console@285
components/DarkModeToggle.tsx,CLEAN,components/DarkModeToggle.tsx:1,3.4,component 82 lines
components/Dashboard.tsx,GAP_FOUND,components/Dashboard.tsx:1,3.3,console@205
components/DemoBookingForm.tsx,CLEAN,components/DemoBookingForm.tsx:1,3.4,component 544 lines
components/DigitalProductPassport.tsx,CLEAN,components/DigitalProductPassport.tsx:1,3.4,component 1490 lines
components/DocsPage.tsx,GAP_FOUND,components/DocsPage.tsx:1,3.3,console@195
components/ESGReportingModule.tsx,CLEAN,components/ESGReportingModule.tsx:1,3.4,component 1219 lines
components/EUAIActDashboard.tsx,CLEAN,components/EUAIActDashboard.tsx:1,3.4,component 1149 lines
components/EUCRADashboard.tsx,CLEAN,components/EUCRADashboard.tsx:1,3.4,component 1406 lines
components/EcodesignDashboard.tsx,CLEAN,components/EcodesignDashboard.tsx:1,3.4,component 1036 lines
components/EnvironmentalLifecycle.tsx,CLEAN,components/EnvironmentalLifecycle.tsx:1,3.4,component 1115 lines
components/EvidenceCollectionRules.tsx,CLEAN,components/EvidenceCollectionRules.tsx:1,3.4,component 834 lines
components/ExceptionManagement.tsx,GAP_FOUND,components/ExceptionManagement.tsx:1,3.3,throw new Error@110; console@185; console@263; console@294
components/ExecutiveDashboard.tsx,GAP_FOUND,components/ExecutiveDashboard.tsx:1,3.3,throw new Error@165
components/FeatureLibrary.tsx,INTENTIONAL_STATIC,components/FeatureLibrary.tsx:1,3.4,audit-exclusions.json intentional static
components/FeatureMarketplace.tsx,GAP_FOUND,components/FeatureMarketplace.tsx:1,3.3,console@107
components/FrameworkDetails.tsx,GAP_FOUND,components/FrameworkDetails.tsx:1,3.3,console@99; console@175; console@222; console@250; console@269
components/Frameworks.tsx,GAP_FOUND,components/Frameworks.tsx:1,3.3,console@141; console@263; console@291; console@323; console@381
components/GlobalSearch.tsx,GAP_FOUND,components/GlobalSearch.tsx:1,3.3,console@247
components/GoalModal.tsx,GAP_FOUND,components/GoalModal.tsx:1,3.3,console@82; console@149
components/GovernanceManager.tsx,CLEAN,components/GovernanceManager.tsx:1,3.4,component 1289 lines
components/HomeOS.tsx,CLEAN,components/HomeOS.tsx:1,3.4,component 235 lines
components/IncidentManagement.tsx,GAP_FOUND,components/IncidentManagement.tsx:1,3.3,throw new Error@252; throw new Error@329; throw new Error@356; throw new Error@394
components/IntegrationModal.tsx,GAP_FOUND,components/IntegrationModal.tsx:1,3.3,throw new Error@263; throw new Error@560
components/Integrations.tsx,GAP_FOUND,components/Integrations.tsx:1,3.3,console@580; console@631; console@642; console@649; console@683
components/IssueManagement.tsx,CLEAN,components/IssueManagement.tsx:1,3.4,component 1544 lines
components/LandingPage.tsx,GAP_FOUND,components/LandingPage.tsx:1,3.3,console@131; console@168; console@197; console@216; console@795
components/LanguageSwitcher.tsx,CLEAN,components/LanguageSwitcher.tsx:1,3.4,component 238 lines
components/Layout.tsx,CLEAN,components/Layout.tsx:1,3.4,component 473 lines
components/LearnPage.tsx,CLEAN,components/LearnPage.tsx:1,3.4,component 777 lines
components/MDMDashboard.tsx,GAP_FOUND,components/MDMDashboard.tsx:1,3.3,console@159
components/MaturityAssessment.tsx,GAP_FOUND,components/MaturityAssessment.tsx:1,3.3,throw new Error@269
components/MonitoringDashboard.tsx,CLEAN,components/MonitoringDashboard.tsx:1,3.4,component 1224 lines
components/MyTasks.tsx,GAP_FOUND,components/MyTasks.tsx:1,3.3,console@72; console@151
components/NIS2Dashboard.tsx,CLEAN,components/NIS2Dashboard.tsx:1,3.4,component 936 lines
components/NPSSurvey.tsx,CLEAN,components/NPSSurvey.tsx:1,3.4,component 284 lines
components/NotificationCenter.tsx,GAP_FOUND,components/NotificationCenter.tsx:1,3.3,console@77; console@99; console@112; console@122; console@131
components/OfflineBanner.tsx,CLEAN,components/OfflineBanner.tsx:1,3.4,component 143 lines
components/Onboarding/OnboardingCelebration.tsx,CLEAN,components/Onboarding/OnboardingCelebration.tsx:1,3.4,component 168 lines
components/Onboarding/OnboardingChecklist.tsx,CLEAN,components/Onboarding/OnboardingChecklist.tsx:1,3.4,component 211 lines
components/Onboarding/OnboardingHint.tsx,CLEAN,components/Onboarding/OnboardingHint.tsx:1,3.4,component 80 lines
components/Onboarding/OnboardingModal.tsx,CLEAN,components/Onboarding/OnboardingModal.tsx:1,3.4,component 105 lines
components/Onboarding/OnboardingOverlay.tsx,CLEAN,components/Onboarding/OnboardingOverlay.tsx:1,3.4,component 216 lines
components/Onboarding/OnboardingProgress.tsx,CLEAN,components/Onboarding/OnboardingProgress.tsx:1,3.4,component 36 lines
components/Onboarding/OnboardingTierBadge.tsx,CLEAN,components/Onboarding/OnboardingTierBadge.tsx:1,3.4,component 67 lines
components/Onboarding/OnboardingTooltip.tsx,CLEAN,components/Onboarding/OnboardingTooltip.tsx:1,3.4,component 206 lines
components/Onboarding/OnboardingWelcome.tsx,CLEAN,components/Onboarding/OnboardingWelcome.tsx:1,3.4,component 130 lines
components/Pagination.tsx,CLEAN,components/Pagination.tsx:1,3.4,component 216 lines
components/PaymentModal.tsx,GAP_FOUND,components/PaymentModal.tsx:1,3.3,throw new Error@37; console@40
components/PolicyManagement.tsx,CLEAN,components/PolicyManagement.tsx:1,3.4,component 1226 lines
components/PostMarketSurveillance.tsx,CLEAN,components/PostMarketSurveillance.tsx:1,3.4,component 1508 lines
components/PricingSection.tsx,CLEAN,components/PricingSection.tsx:1,3.4,component 668 lines
components/PrivacyManagementPlatform.tsx,GAP_FOUND,components/PrivacyManagementPlatform.tsx:1,3.3,console@234
components/PrivacyNoticeServing.tsx,CLEAN,components/PrivacyNoticeServing.tsx:1,3.4,component 1496 lines
components/ProcessMapper.tsx,GAP_FOUND,components/ProcessMapper.tsx:1,3.3,console@485
components/ProductDecommissioning.tsx,CLEAN,components/ProductDecommissioning.tsx:1,3.4,component 941 lines
components/ProductLifecycleTracker.tsx,CLEAN,components/ProductLifecycleTracker.tsx:1,3.4,component 1375 lines
components/QuestionnaireManagement.tsx,CLEAN,components/QuestionnaireManagement.tsx:1,3.4,component 1098 lines
components/RealTimeAnalytics.tsx,GAP_FOUND,components/RealTimeAnalytics.tsx:1,3.3,console@138; console@146; console@176; console@188; console@250
components/RegulatoryChangeTracker.tsx,CLEAN,components/RegulatoryChangeTracker.tsx:1,3.4,component 750 lines
components/ReportBuilder.tsx,GAP_FOUND,components/ReportBuilder.tsx:1,3.3,console@248
components/Reports.tsx,GAP_FOUND,components/Reports.tsx:1,3.3,console@127
components/RisingSignals.tsx,CLEAN,components/RisingSignals.tsx:1,3.4,component 195 lines
components/RiskCanvas.tsx,CLEAN,components/RiskCanvas.tsx:1,3.4,component 589 lines
components/RiskHeatMap.tsx,CLEAN,components/RiskHeatMap.tsx:1,3.4,component 422 lines
components/RiskManagement.tsx,GAP_FOUND,components/RiskManagement.tsx:1,3.3,console@73; console@85; console@176; console@221; console@264
components/RoPAManagement.tsx,GAP_FOUND,components/RoPAManagement.tsx:1,3.3,throw new Error@162; console@198; console@344
components/RoleManager.tsx,GAP_FOUND,components/RoleManager.tsx:1,3.3,throw new Error@95
components/SBOMManager.tsx,CLEAN,components/SBOMManager.tsx:1,3.4,component 1217 lines
components/SCIMSettings.tsx,GAP_FOUND,components/SCIMSettings.tsx:1,3.3,throw new Error@99
components/SOXComplianceDashboard.tsx,GAP_FOUND,components/SOXComplianceDashboard.tsx:1,3.3,console@108
components/SSOSettings.tsx,GAP_FOUND,components/SSOSettings.tsx:1,3.3,throw new Error@102
components/SecurityFeatures.tsx,GAP_FOUND,components/SecurityFeatures.tsx:1,3.3,console@181; console@503; console@900; console@1196
components/SecurityTrainingDashboard.tsx,GAP_FOUND,components/SecurityTrainingDashboard.tsx:1,3.3,throw new Error@196; console@278; console@361; console@383
components/Settings.tsx,GAP_FOUND,components/Settings.tsx:1,3.3,console@165; console@190; console@210; console@240; console@267
components/SignupPage.tsx,CLEAN,components/SignupPage.tsx:1,3.4,component 743 lines
components/SkipNavLink.tsx,CLEAN,components/SkipNavLink.tsx:1,3.4,component 31 lines
components/SlimSidebar.tsx,CLEAN,components/SlimSidebar.tsx:1,3.4,component 137 lines
components/SoDAnalysisDashboard.tsx,GAP_FOUND,components/SoDAnalysisDashboard.tsx:1,3.3,console@133; console@403; console@404; console@405; console@573
components/StatusPage.tsx,CLEAN,components/StatusPage.tsx:1,3.4,component 719 lines
components/TabbedContainer.tsx,CLEAN,components/TabbedContainer.tsx:1,3.4,component 56 lines
components/ThemeToggle.tsx,CLEAN,components/ThemeToggle.tsx:1,3.4,component 119 lines
components/TicketingIntegrations.tsx,GAP_FOUND,components/TicketingIntegrations.tsx:1,3.3,console@221; console@236
components/TierCard.tsx,CLEAN,components/TierCard.tsx:1,3.4,component 248 lines
components/TierLimitBanner.tsx,CLEAN,components/TierLimitBanner.tsx:1,3.4,component 23 lines
components/USPrivacyTracker.tsx,CLEAN,components/USPrivacyTracker.tsx:1,3.4,component 857 lines
components/UpdateAvailableBanner.tsx,CLEAN,components/UpdateAvailableBanner.tsx:1,3.4,component 125 lines
components/VendorManagement.tsx,CLEAN,components/VendorManagement.tsx:1,3.4,component 1241 lines
components/VendorMonitoringDashboard.tsx,CLEAN,components/VendorMonitoringDashboard.tsx:1,3.4,component 545 lines
components/WorkflowAutomationRules.tsx,CLEAN,components/WorkflowAutomationRules.tsx:1,3.4,component 1559 lines
components/WorkflowBuilder.tsx,CLEAN,components/WorkflowBuilder.tsx:1,3.4,component 1125 lines
components/WorkspaceManagement.tsx,CLEAN,components/WorkspaceManagement.tsx:1,3.4,component 963 lines
components/hubs/AIComplianceTools.tsx,CLEAN,components/hubs/AIComplianceTools.tsx:1,3.4,component 53 lines
components/hubs/AIDocumentTools.tsx,CLEAN,components/hubs/AIDocumentTools.tsx:1,3.4,component 39 lines
components/hubs/AnalyticsHub.tsx,CLEAN,components/hubs/AnalyticsHub.tsx:1,3.4,component 46 lines
components/hubs/AuditCenter.tsx,CLEAN,components/hubs/AuditCenter.tsx:1,3.4,component 53 lines
components/hubs/EnterpriseOpsHub.tsx,CLEAN,components/hubs/EnterpriseOpsHub.tsx:1,3.4,component 60 lines
components/hubs/EvidenceHub.tsx,CLEAN,components/hubs/EvidenceHub.tsx:1,3.4,component 110 lines
components/hubs/GovernanceHub.tsx,CLEAN,components/hubs/GovernanceHub.tsx:1,3.4,component 53 lines
components/hubs/IncidentHub.tsx,CLEAN,components/hubs/IncidentHub.tsx:1,3.4,component 39 lines
components/hubs/PolicyHub.tsx,CLEAN,components/hubs/PolicyHub.tsx:1,3.4,component 32 lines
components/hubs/ProductHub.tsx,CLEAN,components/hubs/ProductHub.tsx:1,3.4,component 67 lines
components/hubs/ReportingCenter.tsx,CLEAN,components/hubs/ReportingCenter.tsx:1,3.4,component 46 lines
components/hubs/RiskHub.tsx,CLEAN,components/hubs/RiskHub.tsx:1,3.4,component 46 lines
components/hubs/VendorHub.tsx,CLEAN,components/hubs/VendorHub.tsx:1,3.4,component 53 lines
server/prisma/migrations/20241219_add_zero_trust_models/migration.sql,CLEAN,server/prisma/migrations/20241219_add_zero_trust_models/migration.sql:1,3.3,84 lines read
server/prisma/migrations/20251204_add_2fa_support/migration.sql,CLEAN,server/prisma/migrations/20251204_add_2fa_support/migration.sql:1,3.3,23 lines read
server/prisma/migrations/20260129_add_onboarding_tables/migration.sql,CLEAN,server/prisma/migrations/20260129_add_onboarding_tables/migration.sql:1,3.3,99 lines read
server/prisma/migrations/20260315_add_checklist_grc_columns/migration.sql,CLEAN,server/prisma/migrations/20260315_add_checklist_grc_columns/migration.sql:1,3.3,9 lines read
server/prisma/migrations/20260516_evidence_attestation_user_signing_keys/migration.sql,CLEAN,server/prisma/migrations/20260516_evidence_attestation_user_signing_keys/migration.sql:1,3.3,64 lines read
server/prisma/migrations/acos_v3_tables.sql,CLEAN,server/prisma/migrations/acos_v3_tables.sql:1,3.3,344 lines read
server/prisma/migrations/add_control_loop_features.sql,CLEAN,server/prisma/migrations/add_control_loop_features.sql:1,3.3,47 lines read
server/prisma/migrations/add_debt_impact_fields.sql,CLEAN,server/prisma/migrations/add_debt_impact_fields.sql:1,3.3,34 lines read
server/prisma/migrations/add_goal_name_deadline.sql,CLEAN,server/prisma/migrations/add_goal_name_deadline.sql:1,3.3,10 lines read
server/prisma/migrations/add_missing_tables.sql,CLEAN,server/prisma/migrations/add_missing_tables.sql:1,3.3,1649 lines read
server/prisma/migrations/add_uuid_defaults.sql,CLEAN,server/prisma/migrations/add_uuid_defaults.sql:1,3.3,88 lines read
server/prisma/migrations/add_vr_collaborative_sessions.sql,CLEAN,server/prisma/migrations/add_vr_collaborative_sessions.sql:1,3.3,46 lines read
server/prisma/migrations/enhancement_modules.sql,CLEAN,server/prisma/migrations/enhancement_modules.sql:1,3.3,602 lines read
server/prisma/migrations/iso27001_hipaa_workflow.sql,CLEAN,server/prisma/migrations/iso27001_hipaa_workflow.sql:1,3.3,243 lines read
server/prisma/migrations/nist_ai_rmf_tables.sql,CLEAN,server/prisma/migrations/nist_ai_rmf_tables.sql:1,3.3,278 lines read
server/prisma/migrations/nist_csf_workflow.sql,CLEAN,server/prisma/migrations/nist_csf_workflow.sql:1,3.3,132 lines read
server/prisma/migrations/nps_survey.sql,CLEAN,server/prisma/migrations/nps_survey.sql:1,3.3,64 lines read
server/prisma/migrations/pcidss_workflow.sql,CLEAN,server/prisma/migrations/pcidss_workflow.sql:1,3.3,227 lines read
server/prisma/migrations/rls_policies_all_tables.sql,CLEAN,server/prisma/migrations/rls_policies_all_tables.sql:1,3.3,1359 lines read
server/prisma/migrations/soc2_workflow.sql,CLEAN,server/prisma/migrations/soc2_workflow.sql:1,3.3,193 lines read
server/prisma/schema.prisma,CLEAN,server/prisma/schema.prisma:1,3.6,schema 7469 lines
server/src/blockchain/artifacts/artifacts.d.ts,CLEAN,server/src/blockchain/artifacts/artifacts.d.ts:1,3.3,0 lines read
server/src/blockchain/artifacts/contracts/ComplianceAuditLog.sol/artifacts.d.ts,CLEAN,server/src/blockchain/artifacts/contracts/ComplianceAuditLog.sol/artifacts.d.ts:1,3.3,27 lines read
server/src/blockchain/node_modules/@noble/curves/_shortw_utils.d.ts,CLEAN,server/src/blockchain/node_modules/@noble/curves/_shortw_utils.d.ts:1,3.3,62 lines read
server/src/blockchain/node_modules/@noble/curves/abstract/bls.d.ts,CLEAN,server/src/blockchain/node_modules/@noble/curves/abstract/bls.d.ts:1,3.3,122 lines read
server/src/blockchain/node_modules/@noble/curves/abstract/curve.d.ts,CLEAN,server/src/blockchain/node_modules/@noble/curves/abstract/curve.d.ts:1,3.3,70 lines read
server/src/blockchain/node_modules/@noble/curves/abstract/edwards.d.ts,CLEAN,server/src/blockchain/node_modules/@noble/curves/abstract/edwards.d.ts:1,3.3,89 lines read
server/src/blockchain/node_modules/@noble/curves/abstract/hash-to-curve.d.ts,CLEAN,server/src/blockchain/node_modules/@noble/curves/abstract/hash-to-curve.d.ts:1,3.3,58 lines read
server/src/blockchain/node_modules/@noble/curves/abstract/modular.d.ts,CLEAN,server/src/blockchain/node_modules/@noble/curves/abstract/modular.d.ts:1,3.3,123 lines read
server/src/blockchain/node_modules/@noble/curves/abstract/montgomery.d.ts,CLEAN,server/src/blockchain/node_modules/@noble/curves/abstract/montgomery.d.ts:1,3.3,26 lines read
server/src/blockchain/node_modules/@noble/curves/abstract/poseidon.d.ts,CLEAN,server/src/blockchain/node_modules/@noble/curves/abstract/poseidon.d.ts:1,3.3,30 lines read
server/src/blockchain/node_modules/@noble/curves/abstract/utils.d.ts,CLEAN,server/src/blockchain/node_modules/@noble/curves/abstract/utils.d.ts:1,3.3,94 lines read
server/src/blockchain/node_modules/@noble/curves/abstract/weierstrass.d.ts,CLEAN,server/src/blockchain/node_modules/@noble/curves/abstract/weierstrass.d.ts:1,3.3,236 lines read
server/src/blockchain/node_modules/@noble/curves/bls12-381.d.ts,CLEAN,server/src/blockchain/node_modules/@noble/curves/bls12-381.d.ts:1,3.3,67 lines read
server/src/blockchain/node_modules/@noble/curves/bn254.d.ts,CLEAN,server/src/blockchain/node_modules/@noble/curves/bn254.d.ts:1,3.3,9 lines read
server/src/blockchain/node_modules/@noble/curves/ed25519.d.ts,CLEAN,server/src/blockchain/node_modules/@noble/curves/ed25519.d.ts:1,3.3,78 lines read
server/src/blockchain/node_modules/@noble/curves/ed448.d.ts,CLEAN,server/src/blockchain/node_modules/@noble/curves/ed448.d.ts:1,3.3,67 lines read
server/src/blockchain/node_modules/@noble/curves/esm/_shortw_utils.d.ts,CLEAN,server/src/blockchain/node_modules/@noble/curves/esm/_shortw_utils.d.ts:1,3.3,62 lines read
server/src/blockchain/node_modules/@noble/curves/esm/abstract/bls.d.ts,CLEAN,server/src/blockchain/node_modules/@noble/curves/esm/abstract/bls.d.ts:1,3.3,122 lines read
server/src/blockchain/node_modules/@noble/curves/esm/abstract/curve.d.ts,CLEAN,server/src/blockchain/node_modules/@noble/curves/esm/abstract/curve.d.ts:1,3.3,70 lines read
server/src/blockchain/node_modules/@noble/curves/esm/abstract/edwards.d.ts,CLEAN,server/src/blockchain/node_modules/@noble/curves/esm/abstract/edwards.d.ts:1,3.3,89 lines read
server/src/blockchain/node_modules/@noble/curves/esm/abstract/hash-to-curve.d.ts,CLEAN,server/src/blockchain/node_modules/@noble/curves/esm/abstract/hash-to-curve.d.ts:1,3.3,58 lines read
server/src/blockchain/node_modules/@noble/curves/esm/abstract/modular.d.ts,CLEAN,server/src/blockchain/node_modules/@noble/curves/esm/abstract/modular.d.ts:1,3.3,123 lines read
server/src/blockchain/node_modules/@noble/curves/esm/abstract/montgomery.d.ts,CLEAN,server/src/blockchain/node_modules/@noble/curves/esm/abstract/montgomery.d.ts:1,3.3,26 lines read
server/src/blockchain/node_modules/@noble/curves/esm/abstract/poseidon.d.ts,CLEAN,server/src/blockchain/node_modules/@noble/curves/esm/abstract/poseidon.d.ts:1,3.3,30 lines read
server/src/blockchain/node_modules/@noble/curves/esm/abstract/utils.d.ts,CLEAN,server/src/blockchain/node_modules/@noble/curves/esm/abstract/utils.d.ts:1,3.3,94 lines read
server/src/blockchain/node_modules/@noble/curves/esm/abstract/weierstrass.d.ts,CLEAN,server/src/blockchain/node_modules/@noble/curves/esm/abstract/weierstrass.d.ts:1,3.3,236 lines read
server/src/blockchain/node_modules/@noble/curves/esm/bls12-381.d.ts,CLEAN,server/src/blockchain/node_modules/@noble/curves/esm/bls12-381.d.ts:1,3.3,67 lines read
server/src/blockchain/node_modules/@noble/curves/esm/bn254.d.ts,CLEAN,server/src/blockchain/node_modules/@noble/curves/esm/bn254.d.ts:1,3.3,9 lines read
server/src/blockchain/node_modules/@noble/curves/esm/ed25519.d.ts,CLEAN,server/src/blockchain/node_modules/@noble/curves/esm/ed25519.d.ts:1,3.3,78 lines read
server/src/blockchain/node_modules/@noble/curves/esm/ed448.d.ts,CLEAN,server/src/blockchain/node_modules/@noble/curves/esm/ed448.d.ts:1,3.3,67 lines read
server/src/blockchain/node_modules/@noble/curves/esm/index.d.ts,CLEAN,server/src/blockchain/node_modules/@noble/curves/esm/index.d.ts:1,3.3,2 lines read
server/src/blockchain/node_modules/@noble/curves/esm/jubjub.d.ts,CLEAN,server/src/blockchain/node_modules/@noble/curves/esm/jubjub.d.ts:1,3.3,9 lines read
server/src/blockchain/node_modules/@noble/curves/esm/p256.d.ts,CLEAN,server/src/blockchain/node_modules/@noble/curves/esm/p256.d.ts:1,3.3,105 lines read
server/src/blockchain/node_modules/@noble/curves/esm/p384.d.ts,CLEAN,server/src/blockchain/node_modules/@noble/curves/esm/p384.d.ts:1,3.3,105 lines read
server/src/blockchain/node_modules/@noble/curves/esm/p521.d.ts,CLEAN,server/src/blockchain/node_modules/@noble/curves/esm/p521.d.ts:1,3.3,105 lines read
server/src/blockchain/node_modules/@noble/curves/esm/pasta.d.ts,CLEAN,server/src/blockchain/node_modules/@noble/curves/esm/pasta.d.ts:1,3.3,5 lines read
server/src/blockchain/node_modules/@noble/curves/esm/secp256k1.d.ts,CLEAN,server/src/blockchain/node_modules/@noble/curves/esm/secp256k1.d.ts:1,3.3,93 lines read
server/src/blockchain/node_modules/@noble/curves/index.d.ts,CLEAN,server/src/blockchain/node_modules/@noble/curves/index.d.ts:1,3.3,1 lines read
server/src/blockchain/node_modules/@noble/curves/jubjub.d.ts,CLEAN,server/src/blockchain/node_modules/@noble/curves/jubjub.d.ts:1,3.3,9 lines read
server/src/blockchain/node_modules/@noble/curves/p256.d.ts,CLEAN,server/src/blockchain/node_modules/@noble/curves/p256.d.ts:1,3.3,105 lines read
server/src/blockchain/node_modules/@noble/curves/p384.d.ts,CLEAN,server/src/blockchain/node_modules/@noble/curves/p384.d.ts:1,3.3,105 lines read
server/src/blockchain/node_modules/@noble/curves/p521.d.ts,CLEAN,server/src/blockchain/node_modules/@noble/curves/p521.d.ts:1,3.3,105 lines read
server/src/blockchain/node_modules/@noble/curves/pasta.d.ts,CLEAN,server/src/blockchain/node_modules/@noble/curves/pasta.d.ts:1,3.3,5 lines read
server/src/blockchain/node_modules/@noble/curves/secp256k1.d.ts,CLEAN,server/src/blockchain/node_modules/@noble/curves/secp256k1.d.ts:1,3.3,93 lines read
server/src/blockchain/node_modules/@noble/curves/src/_shortw_utils.ts,CLEAN,server/src/blockchain/node_modules/@noble/curves/src/_shortw_utils.ts:1,3.3,20 lines read
server/src/blockchain/node_modules/@noble/curves/src/abstract/bls.ts,GAP_FOUND,server/src/blockchain/node_modules/@noble/curves/src/abstract/bls.ts:1,3.3,throw new Error@274; throw new Error@391; throw new Error@406; throw new Error@420; console@439
server/src/blockchain/node_modules/@noble/curves/src/abstract/curve.ts,CLEAN,server/src/blockchain/node_modules/@noble/curves/src/abstract/curve.ts:1,3.3,203 lines read
server/src/blockchain/node_modules/@noble/curves/src/abstract/edwards.ts,GAP_FOUND,server/src/blockchain/node_modules/@noble/curves/src/abstract/edwards.ts:1,3.3,throw new Error@127; throw new Error@136; throw new Error@144; throw new Error@158; throw new Error@159
server/src/blockchain/node_modules/@noble/curves/src/abstract/hash-to-curve.ts,GAP_FOUND,server/src/blockchain/node_modules/@noble/curves/src/abstract/hash-to-curve.ts:1,3.3,throw new Error@31; throw new Error@50; throw new Error@68; throw new Error@105; throw new Error@149
server/src/blockchain/node_modules/@noble/curves/src/abstract/modular.ts,GAP_FOUND,server/src/blockchain/node_modules/@noble/curves/src/abstract/modular.ts:1,3.3,throw new Error@32; throw new Error@56; throw new Error@74; throw new Error@107; throw new Error@116
server/src/blockchain/node_modules/@noble/curves/src/abstract/montgomery.ts,GAP_FOUND,server/src/blockchain/node_modules/@noble/curves/src/abstract/montgomery.ts:1,3.3,throw new Error@81; throw new Error@161; throw new Error@170
server/src/blockchain/node_modules/@noble/curves/src/abstract/poseidon.ts,GAP_FOUND,server/src/blockchain/node_modules/@noble/curves/src/abstract/poseidon.ts:1,3.3,throw new Error@24; throw new Error@28; throw new Error@31; throw new Error@33; throw new Error@39
server/src/blockchain/node_modules/@noble/curves/src/abstract/utils.ts,GAP_FOUND,server/src/blockchain/node_modules/@noble/curves/src/abstract/utils.ts:1,3.3,throw new Error@27; throw new Error@53; throw new Error@71; throw new Error@74; throw new Error@81
server/src/blockchain/node_modules/@noble/curves/src/abstract/weierstrass.ts,GAP_FOUND,server/src/blockchain/node_modules/@noble/curves/src/abstract/weierstrass.ts:1,3.3,throw new Error@112; throw new Error@119; throw new Error@206; throw new Error@227; throw new Error@234
server/src/blockchain/node_modules/@noble/curves/src/bls12-381.ts,GAP_FOUND,server/src/blockchain/node_modules/@noble/curves/src/bls12-381.ts:1,3.3,throw new Error@173; throw new Error@176; throw new Error@194; throw new Error@216; throw new Error@344
server/src/blockchain/node_modules/@noble/curves/src/bn254.ts,CLEAN,server/src/blockchain/node_modules/@noble/curves/src/bn254.ts:1,3.3,22 lines read
server/src/blockchain/node_modules/@noble/curves/src/ed25519.ts,GAP_FOUND,server/src/blockchain/node_modules/@noble/curves/src/ed25519.ts:1,3.3,throw new Error@132; throw new Error@291; throw new Error@395; throw new Error@409
server/src/blockchain/node_modules/@noble/curves/src/ed448.ts,GAP_FOUND,server/src/blockchain/node_modules/@noble/curves/src/ed448.ts:1,3.3,throw new Error@123; throw new Error@268; throw new Error@374; throw new Error@390
server/src/blockchain/node_modules/@noble/curves/src/index.ts,GAP_FOUND,server/src/blockchain/node_modules/@noble/curves/src/index.ts:1,3.3,throw new Error@1
server/src/blockchain/node_modules/@noble/curves/src/jubjub.ts,GAP_FOUND,server/src/blockchain/node_modules/@noble/curves/src/jubjub.ts:1,3.3,throw new Error@45; empty catch@55; throw new Error@57
server/src/blockchain/node_modules/@noble/curves/src/p256.ts,CLEAN,server/src/blockchain/node_modules/@noble/curves/src/p256.ts:1,3.3,48 lines read
server/src/blockchain/node_modules/@noble/curves/src/p384.ts,CLEAN,server/src/blockchain/node_modules/@noble/curves/src/p384.ts:1,3.3,52 lines read
server/src/blockchain/node_modules/@noble/curves/src/p521.ts,CLEAN,server/src/blockchain/node_modules/@noble/curves/src/p521.ts:1,3.3,68 lines read
server/src/blockchain/node_modules/@noble/curves/src/pasta.ts,CLEAN,server/src/blockchain/node_modules/@noble/curves/src/pasta.ts:1,3.3,31 lines read
server/src/blockchain/node_modules/@noble/curves/src/secp256k1.ts,GAP_FOUND,server/src/blockchain/node_modules/@noble/curves/src/secp256k1.ts:1,3.3,throw new Error@41; throw new Error@83; throw new Error@130; throw new Error@168; throw new Error@175
server/src/blockchain/node_modules/@noble/hashes/_assert.d.ts,CLEAN,server/src/blockchain/node_modules/@noble/hashes/_assert.d.ts:1,3.3,24 lines read
server/src/blockchain/node_modules/@noble/hashes/_blake.d.ts,CLEAN,server/src/blockchain/node_modules/@noble/hashes/_blake.d.ts:1,3.3,28 lines read
server/src/blockchain/node_modules/@noble/hashes/_md.d.ts,CLEAN,server/src/blockchain/node_modules/@noble/hashes/_md.d.ts:1,3.3,30 lines read
server/src/blockchain/node_modules/@noble/hashes/_u64.d.ts,CLEAN,server/src/blockchain/node_modules/@noble/hashes/_u64.d.ts:1,3.3,55 lines read
server/src/blockchain/node_modules/@noble/hashes/argon2.d.ts,CLEAN,server/src/blockchain/node_modules/@noble/hashes/argon2.d.ts:1,3.3,17 lines read
server/src/blockchain/node_modules/@noble/hashes/blake2b.d.ts,CLEAN,server/src/blockchain/node_modules/@noble/hashes/blake2b.d.ts:1,3.3,54 lines read
server/src/blockchain/node_modules/@noble/hashes/blake2s.d.ts,CLEAN,server/src/blockchain/node_modules/@noble/hashes/blake2s.d.ts:1,3.3,48 lines read
server/src/blockchain/node_modules/@noble/hashes/blake3.d.ts,CLEAN,server/src/blockchain/node_modules/@noble/hashes/blake3.d.ts:1,3.3,47 lines read
server/src/blockchain/node_modules/@noble/hashes/crypto.d.ts,CLEAN,server/src/blockchain/node_modules/@noble/hashes/crypto.d.ts:1,3.3,2 lines read
server/src/blockchain/node_modules/@noble/hashes/cryptoNode.d.ts,CLEAN,server/src/blockchain/node_modules/@noble/hashes/cryptoNode.d.ts:1,3.3,2 lines read
server/src/blockchain/node_modules/@noble/hashes/eskdf.d.ts,GAP_FOUND,server/src/blockchain/node_modules/@noble/hashes/eskdf.d.ts:1,3.3,console@42
server/src/blockchain/node_modules/@noble/hashes/hkdf.d.ts,CLEAN,server/src/blockchain/node_modules/@noble/hashes/hkdf.d.ts:1,3.3,27 lines read
server/src/blockchain/node_modules/@noble/hashes/hmac.d.ts,CLEAN,server/src/blockchain/node_modules/@noble/hashes/hmac.d.ts:1,3.3,26 lines read
server/src/blockchain/node_modules/@noble/hashes/index.d.ts,CLEAN,server/src/blockchain/node_modules/@noble/hashes/index.d.ts:1,3.3,1 lines read
server/src/blockchain/node_modules/@noble/hashes/pbkdf2.d.ts,CLEAN,server/src/blockchain/node_modules/@noble/hashes/pbkdf2.d.ts:1,3.3,16 lines read
server/src/blockchain/node_modules/@noble/hashes/ripemd160.d.ts,CLEAN,server/src/blockchain/node_modules/@noble/hashes/ripemd160.d.ts:1,3.3,25 lines read
server/src/blockchain/node_modules/@noble/hashes/scrypt.d.ts,CLEAN,server/src/blockchain/node_modules/@noble/hashes/scrypt.d.ts:1,3.3,30 lines read
server/src/blockchain/node_modules/@noble/hashes/sha1.d.ts,CLEAN,server/src/blockchain/node_modules/@noble/hashes/sha1.d.ts:1,3.3,22 lines read
server/src/blockchain/node_modules/@noble/hashes/sha2.d.ts,CLEAN,server/src/blockchain/node_modules/@noble/hashes/sha2.d.ts:1,3.3,3 lines read
server/src/blockchain/node_modules/@noble/hashes/sha256.d.ts,CLEAN,server/src/blockchain/node_modules/@noble/hashes/sha256.d.ts:1,3.3,35 lines read
server/src/blockchain/node_modules/@noble/hashes/sha3-addons.d.ts,CLEAN,server/src/blockchain/node_modules/@noble/hashes/sha3-addons.d.ts:1,3.3,154 lines read
server/src/blockchain/node_modules/@noble/hashes/sha3.d.ts,CLEAN,server/src/blockchain/node_modules/@noble/hashes/sha3.d.ts:1,3.3,98 lines read
server/src/blockchain/node_modules/@noble/hashes/sha512.d.ts,CLEAN,server/src/blockchain/node_modules/@noble/hashes/sha512.d.ts:1,3.3,67 lines read
server/src/blockchain/node_modules/@noble/hashes/src/_assert.ts,GAP_FOUND,server/src/blockchain/node_modules/@noble/hashes/src/_assert.ts:1,3.3,throw new Error@2; throw new Error@6; throw new Error@18; throw new Error@20; throw new Error@31
server/src/blockchain/node_modules/@noble/hashes/src/_blake.ts,GAP_FOUND,server/src/blockchain/node_modules/@noble/hashes/src/_blake.ts:1,3.3,throw new Error@54; throw new Error@56; throw new Error@58; throw new Error@60
server/src/blockchain/node_modules/@noble/hashes/src/_md.ts,GAP_FOUND,server/src/blockchain/node_modules/@noble/hashes/src/_md.ts:1,3.3,throw new Error@103; throw new Error@106
server/src/blockchain/node_modules/@noble/hashes/src/_u64.ts,CLEAN,server/src/blockchain/node_modules/@noble/hashes/src/_u64.ts:1,3.3,77 lines read
server/src/blockchain/node_modules/@noble/hashes/src/argon2.ts,GAP_FOUND,server/src/blockchain/node_modules/@noble/hashes/src/argon2.ts:1,3.3,throw new Error@192; throw new Error@193; throw new Error@194; throw new Error@195; throw new Error@196
server/src/blockchain/node_modules/@noble/hashes/src/blake2b.ts,CLEAN,server/src/blockchain/node_modules/@noble/hashes/src/blake2b.ts:1,3.3,205 lines read
server/src/blockchain/node_modules/@noble/hashes/src/blake2s.ts,CLEAN,server/src/blockchain/node_modules/@noble/hashes/src/blake2s.ts:1,3.3,138 lines read
server/src/blockchain/node_modules/@noble/hashes/src/blake3.ts,GAP_FOUND,server/src/blockchain/node_modules/@noble/hashes/src/blake3.ts:1,3.3,throw new Error@71; throw new Error@74; throw new Error@241; throw new Error@250
server/src/blockchain/node_modules/@noble/hashes/src/crypto.ts,CLEAN,server/src/blockchain/node_modules/@noble/hashes/src/crypto.ts:1,3.3,5 lines read
server/src/blockchain/node_modules/@noble/hashes/src/cryptoNode.ts,CLEAN,server/src/blockchain/node_modules/@noble/hashes/src/cryptoNode.ts:1,3.3,7 lines read
server/src/blockchain/node_modules/@noble/hashes/src/eskdf.ts,GAP_FOUND,server/src/blockchain/node_modules/@noble/hashes/src/eskdf.ts:1,3.3,throw new Error@44; throw new Error@45; throw new Error@63; throw new Error@70; throw new Error@71
server/src/blockchain/node_modules/@noble/hashes/src/hkdf.ts,GAP_FOUND,server/src/blockchain/node_modules/@noble/hashes/src/hkdf.ts:1,3.3,throw new Error@38
server/src/blockchain/node_modules/@noble/hashes/src/hmac.ts,GAP_FOUND,server/src/blockchain/node_modules/@noble/hashes/src/hmac.ts:1,3.3,throw new Error@18
server/src/blockchain/node_modules/@noble/hashes/src/index.ts,GAP_FOUND,server/src/blockchain/node_modules/@noble/hashes/src/index.ts:1,3.3,throw new Error@1
server/src/blockchain/node_modules/@noble/hashes/src/pbkdf2.ts,GAP_FOUND,server/src/blockchain/node_modules/@noble/hashes/src/pbkdf2.ts:1,3.3,throw new Error@19
server/src/blockchain/node_modules/@noble/hashes/src/ripemd160.ts,CLEAN,server/src/blockchain/node_modules/@noble/hashes/src/ripemd160.ts:1,3.3,108 lines read
server/src/blockchain/node_modules/@noble/hashes/src/scrypt.ts,GAP_FOUND,server/src/blockchain/node_modules/@noble/hashes/src/scrypt.ts:1,3.3,throw new Error@106; throw new Error@112; throw new Error@117; throw new Error@122; throw new Error@128
server/src/blockchain/node_modules/@noble/hashes/src/sha1.ts,CLEAN,server/src/blockchain/node_modules/@noble/hashes/src/sha1.ts:1,3.3,80 lines read
server/src/blockchain/node_modules/@noble/hashes/src/sha2.ts,CLEAN,server/src/blockchain/node_modules/@noble/hashes/src/sha2.ts:1,3.3,3 lines read
server/src/blockchain/node_modules/@noble/hashes/src/sha256.ts,CLEAN,server/src/blockchain/node_modules/@noble/hashes/src/sha256.ts:1,3.3,129 lines read
server/src/blockchain/node_modules/@noble/hashes/src/sha3-addons.ts,GAP_FOUND,server/src/blockchain/node_modules/@noble/hashes/src/sha3-addons.ts:1,3.3,throw new Error@262; throw new Error@373; throw new Error@397; throw new Error@404
server/src/blockchain/node_modules/@noble/hashes/src/sha3.ts,GAP_FOUND,server/src/blockchain/node_modules/@noble/hashes/src/sha3.ts:1,3.3,throw new Error@112; throw new Error@162; throw new Error@171
server/src/blockchain/node_modules/@noble/hashes/src/sha512.ts,CLEAN,server/src/blockchain/node_modules/@noble/hashes/src/sha512.ts:1,3.3,246 lines read
server/src/blockchain/node_modules/@noble/hashes/src/utils.ts,GAP_FOUND,server/src/blockchain/node_modules/@noble/hashes/src/utils.ts:1,3.3,throw new Error@86; throw new Error@89; throw new Error@96; throw new Error@129; throw new Error@210
server/src/blockchain/node_modules/@noble/hashes/utils.d.ts,CLEAN,server/src/blockchain/node_modules/@noble/hashes/utils.d.ts:1,3.3,96 lines read
server/src/blockchain/node_modules/@nomicfoundation/edr/index.d.ts,CLEAN,server/src/blockchain/node_modules/@nomicfoundation/edr/index.d.ts:1,3.3,1669 lines read
server/src/blockchain/node_modules/@nomicfoundation/edr/src/ts/solidity_tests.ts,CLEAN,server/src/blockchain/node_modules/@nomicfoundation/edr/src/ts/solidity_tests.ts:1,3.3,46 lines read
server/src/blockchain/node_modules/@nomicfoundation/hardhat-errors/dist/src/descriptors.d.ts,CLEAN,server/src/blockchain/node_modules/@nomicfoundation/hardhat-errors/dist/src/descriptors.d.ts:1,3.3,2074 lines read
server/src/blockchain/node_modules/@nomicfoundation/hardhat-errors/dist/src/errors.d.ts,CLEAN,server/src/blockchain/node_modules/@nomicfoundation/hardhat-errors/dist/src/errors.d.ts:1,3.3,66 lines read
server/src/blockchain/node_modules/@nomicfoundation/hardhat-errors/dist/src/index.d.ts,CLEAN,server/src/blockchain/node_modules/@nomicfoundation/hardhat-errors/dist/src/index.d.ts:1,3.3,3 lines read
server/src/blockchain/node_modules/@nomicfoundation/hardhat-errors/src/descriptors.ts,CLEAN,server/src/blockchain/node_modules/@nomicfoundation/hardhat-errors/src/descriptors.ts:1,3.3,2897 lines read
server/src/blockchain/node_modules/@nomicfoundation/hardhat-errors/src/errors.ts,CLEAN,server/src/blockchain/node_modules/@nomicfoundation/hardhat-errors/src/errors.ts:1,3.3,285 lines read
server/src/blockchain/node_modules/@nomicfoundation/hardhat-errors/src/index.ts,CLEAN,server/src/blockchain/node_modules/@nomicfoundation/hardhat-errors/src/index.ts:1,3.3,6 lines read
server/src/blockchain/node_modules/@nomicfoundation/hardhat-toolbox/index.d.ts,CLEAN,server/src/blockchain/node_modules/@nomicfoundation/hardhat-toolbox/index.d.ts:1,3.3,8 lines read
server/src/blockchain/node_modules/@nomicfoundation/hardhat-toolbox/network-helpers.d.ts,CLEAN,server/src/blockchain/node_modules/@nomicfoundation/hardhat-toolbox/network-helpers.d.ts:1,3.3,2 lines read
server/src/blockchain/node_modules/@nomicfoundation/hardhat-toolbox/src/index.ts,CLEAN,server/src/blockchain/node_modules/@nomicfoundation/hardhat-toolbox/src/index.ts:1,3.3,47 lines read
server/src/blockchain/node_modules/@nomicfoundation/hardhat-toolbox/src/network-helpers.ts,CLEAN,server/src/blockchain/node_modules/@nomicfoundation/hardhat-toolbox/src/network-helpers.ts:1,3.3,1 lines read
server/src/blockchain/node_modules/@nomicfoundation/hardhat-utils/dist/src/bigint.d.ts,CLEAN,server/src/blockchain/node_modules/@nomicfoundation/hardhat-utils/dist/src/bigint.d.ts:1,3.3,32 lines read
server/src/blockchain/node_modules/@nomicfoundation/hardhat-utils/dist/src/bytecode.d.ts,CLEAN,server/src/blockchain/node_modules/@nomicfoundation/hardhat-utils/dist/src/bytecode.d.ts:1,3.3,27 lines read
server/src/blockchain/node_modules/@nomicfoundation/hardhat-utils/dist/src/bytes.d.ts,CLEAN,server/src/blockchain/node_modules/@nomicfoundation/hardhat-utils/dist/src/bytes.d.ts:1,3.3,34 lines read
server/src/blockchain/node_modules/@nomicfoundation/hardhat-utils/dist/src/ci.d.ts,CLEAN,server/src/blockchain/node_modules/@nomicfoundation/hardhat-utils/dist/src/ci.d.ts:1,3.3,11 lines read
server/src/blockchain/node_modules/@nomicfoundation/hardhat-utils/dist/src/common-errors.d.ts,CLEAN,server/src/blockchain/node_modules/@nomicfoundation/hardhat-utils/dist/src/common-errors.d.ts:1,3.3,5 lines read
server/src/blockchain/node_modules/@nomicfoundation/hardhat-utils/dist/src/crypto.d.ts,CLEAN,server/src/blockchain/node_modules/@nomicfoundation/hardhat-utils/dist/src/crypto.d.ts:1,3.3,32 lines read
server/src/blockchain/node_modules/@nomicfoundation/hardhat-utils/dist/src/date.d.ts,CLEAN,server/src/blockchain/node_modules/@nomicfoundation/hardhat-utils/dist/src/date.d.ts:1,3.3,21 lines read
server/src/blockchain/node_modules/@nomicfoundation/hardhat-utils/dist/src/debug.d.ts,CLEAN,server/src/blockchain/node_modules/@nomicfoundation/hardhat-utils/dist/src/debug.d.ts:1,3.3,16 lines read
server/src/blockchain/node_modules/@nomicfoundation/hardhat-utils/dist/src/env.d.ts,CLEAN,server/src/blockchain/node_modules/@nomicfoundation/hardhat-utils/dist/src/env.d.ts:1,3.3,19 lines read
server/src/blockchain/node_modules/@nomicfoundation/hardhat-utils/dist/src/error.d.ts,GAP_FOUND,server/src/blockchain/node_modules/@nomicfoundation/hardhat-utils/dist/src/error.d.ts:1,3.3,console@67
server/src/blockchain/node_modules/@nomicfoundation/hardhat-utils/dist/src/errors/bytecode.d.ts,CLEAN,server/src/blockchain/node_modules/@nomicfoundation/hardhat-utils/dist/src/errors/bytecode.d.ts:1,3.3,18 lines read
server/src/blockchain/node_modules/@nomicfoundation/hardhat-utils/dist/src/errors/fs.d.ts,CLEAN,server/src/blockchain/node_modules/@nomicfoundation/hardhat-utils/dist/src/errors/fs.d.ts:1,3.3,25 lines read
server/src/blockchain/node_modules/@nomicfoundation/hardhat-utils/dist/src/errors/package.d.ts,CLEAN,server/src/blockchain/node_modules/@nomicfoundation/hardhat-utils/dist/src/errors/package.d.ts:1,3.3,8 lines read
server/src/blockchain/node_modules/@nomicfoundation/hardhat-utils/dist/src/errors/request.d.ts,CLEAN,server/src/blockchain/node_modules/@nomicfoundation/hardhat-utils/dist/src/errors/request.d.ts:1,3.3,25 lines read
server/src/blockchain/node_modules/@nomicfoundation/hardhat-utils/dist/src/errors/subprocess.d.ts,CLEAN,server/src/blockchain/node_modules/@nomicfoundation/hardhat-utils/dist/src/errors/subprocess.d.ts:1,3.3,8 lines read
server/src/blockchain/node_modules/@nomicfoundation/hardhat-utils/dist/src/eth.d.ts,CLEAN,server/src/blockchain/node_modules/@nomicfoundation/hardhat-utils/dist/src/eth.d.ts:1,3.3,56 lines read
server/src/blockchain/node_modules/@nomicfoundation/hardhat-utils/dist/src/format.d.ts,CLEAN,server/src/blockchain/node_modules/@nomicfoundation/hardhat-utils/dist/src/format.d.ts:1,3.3,103 lines read
server/src/blockchain/node_modules/@nomicfoundation/hardhat-utils/dist/src/fs.d.ts,CLEAN,server/src/blockchain/node_modules/@nomicfoundation/hardhat-utils/dist/src/fs.d.ts:1,3.3,277 lines read
server/src/blockchain/node_modules/@nomicfoundation/hardhat-utils/dist/src/global-dir.d.ts,CLEAN,server/src/blockchain/node_modules/@nomicfoundation/hardhat-utils/dist/src/global-dir.d.ts:1,3.3,28 lines read
server/src/blockchain/node_modules/@nomicfoundation/hardhat-utils/dist/src/hex.d.ts,CLEAN,server/src/blockchain/node_modules/@nomicfoundation/hardhat-utils/dist/src/hex.d.ts:1,3.3,117 lines read
server/src/blockchain/node_modules/@nomicfoundation/hardhat-utils/dist/src/internal/bytecode.d.ts,CLEAN,server/src/blockchain/node_modules/@nomicfoundation/hardhat-utils/dist/src/internal/bytecode.d.ts:1,3.3,45 lines read
server/src/blockchain/node_modules/@nomicfoundation/hardhat-utils/dist/src/internal/eth.d.ts,CLEAN,server/src/blockchain/node_modules/@nomicfoundation/hardhat-utils/dist/src/internal/eth.d.ts:1,3.3,21 lines read
server/src/blockchain/node_modules/@nomicfoundation/hardhat-utils/dist/src/internal/format.d.ts,CLEAN,server/src/blockchain/node_modules/@nomicfoundation/hardhat-utils/dist/src/internal/format.d.ts:1,3.3,89 lines read
server/src/blockchain/node_modules/@nomicfoundation/hardhat-utils/dist/src/internal/global-dir.d.ts,CLEAN,server/src/blockchain/node_modules/@nomicfoundation/hardhat-utils/dist/src/internal/global-dir.d.ts:1,3.3,4 lines read
server/src/blockchain/node_modules/@nomicfoundation/hardhat-utils/dist/src/internal/hex.d.ts,CLEAN,server/src/blockchain/node_modules/@nomicfoundation/hardhat-utils/dist/src/internal/hex.d.ts:1,3.3,2 lines read
server/src/blockchain/node_modules/@nomicfoundation/hardhat-utils/dist/src/internal/lang.d.ts,CLEAN,server/src/blockchain/node_modules/@nomicfoundation/hardhat-utils/dist/src/internal/lang.d.ts:1,3.3,3 lines read
server/src/blockchain/node_modules/@nomicfoundation/hardhat-utils/dist/src/internal/package.d.ts,CLEAN,server/src/blockchain/node_modules/@nomicfoundation/hardhat-utils/dist/src/internal/package.d.ts:1,3.3,2 lines read
server/src/blockchain/node_modules/@nomicfoundation/hardhat-utils/dist/src/internal/panic-errors.d.ts,CLEAN,server/src/blockchain/node_modules/@nomicfoundation/hardhat-utils/dist/src/internal/panic-errors.d.ts:1,3.3,2 lines read
server/src/blockchain/node_modules/@nomicfoundation/hardhat-utils/dist/src/internal/request.d.ts,CLEAN,server/src/blockchain/node_modules/@nomicfoundation/hardhat-utils/dist/src/internal/request.d.ts:1,3.3,20 lines read
server/src/blockchain/node_modules/@nomicfoundation/hardhat-utils/dist/src/lang.d.ts,CLEAN,server/src/blockchain/node_modules/@nomicfoundation/hardhat-utils/dist/src/lang.d.ts:1,3.3,64 lines read
server/src/blockchain/node_modules/@nomicfoundation/hardhat-utils/dist/src/number.d.ts,CLEAN,server/src/blockchain/node_modules/@nomicfoundation/hardhat-utils/dist/src/number.d.ts:1,3.3,23 lines read
server/src/blockchain/node_modules/@nomicfoundation/hardhat-utils/dist/src/package.d.ts,CLEAN,server/src/blockchain/node_modules/@nomicfoundation/hardhat-utils/dist/src/package.d.ts:1,3.3,87 lines read
server/src/blockchain/node_modules/@nomicfoundation/hardhat-utils/dist/src/panic-errors.d.ts,CLEAN,server/src/blockchain/node_modules/@nomicfoundation/hardhat-utils/dist/src/panic-errors.d.ts:1,3.3,15 lines read
server/src/blockchain/node_modules/@nomicfoundation/hardhat-utils/dist/src/path.d.ts,CLEAN,server/src/blockchain/node_modules/@nomicfoundation/hardhat-utils/dist/src/path.d.ts:1,3.3,26 lines read
server/src/blockchain/node_modules/@nomicfoundation/hardhat-utils/dist/src/request.d.ts,CLEAN,server/src/blockchain/node_modules/@nomicfoundation/hardhat-utils/dist/src/request.d.ts:1,3.3,138 lines read
server/src/blockchain/node_modules/@nomicfoundation/hardhat-utils/dist/src/spinner.d.ts,GAP_FOUND,server/src/blockchain/node_modules/@nomicfoundation/hardhat-utils/dist/src/spinner.d.ts:1,3.3,console@35; console@38
server/src/blockchain/node_modules/@nomicfoundation/hardhat-utils/dist/src/stream.d.ts,CLEAN,server/src/blockchain/node_modules/@nomicfoundation/hardhat-utils/dist/src/stream.d.ts:1,3.3,10 lines read
server/src/blockchain/node_modules/@nomicfoundation/hardhat-utils/dist/src/string.d.ts,CLEAN,server/src/blockchain/node_modules/@nomicfoundation/hardhat-utils/dist/src/string.d.ts:1,3.3,45 lines read
server/src/blockchain/node_modules/@nomicfoundation/hardhat-utils/dist/src/subprocess.d.ts,CLEAN,server/src/blockchain/node_modules/@nomicfoundation/hardhat-utils/dist/src/subprocess.d.ts:1,3.3,13 lines read
server/src/blockchain/node_modules/@nomicfoundation/hardhat-utils/dist/src/synchronization.d.ts,CLEAN,server/src/blockchain/node_modules/@nomicfoundation/hardhat-utils/dist/src/synchronization.d.ts:1,3.3,23 lines read
server/src/blockchain/node_modules/@nomicfoundation/hardhat-utils/src/bigint.ts,CLEAN,server/src/blockchain/node_modules/@nomicfoundation/hardhat-utils/src/bigint.ts:1,3.3,62 lines read
server/src/blockchain/node_modules/@nomicfoundation/hardhat-utils/src/bytecode.ts,CLEAN,server/src/blockchain/node_modules/@nomicfoundation/hardhat-utils/src/bytecode.ts:1,3.3,90 lines read
server/src/blockchain/node_modules/@nomicfoundation/hardhat-utils/src/bytes.ts,CLEAN,server/src/blockchain/node_modules/@nomicfoundation/hardhat-utils/src/bytes.ts:1,3.3,51 lines read
server/src/blockchain/node_modules/@nomicfoundation/hardhat-utils/src/ci.ts,CLEAN,server/src/blockchain/node_modules/@nomicfoundation/hardhat-utils/src/ci.ts:1,3.3,24 lines read
server/src/blockchain/node_modules/@nomicfoundation/hardhat-utils/src/common-errors.ts,CLEAN,server/src/blockchain/node_modules/@nomicfoundation/hardhat-utils/src/common-errors.ts:1,3.3,7 lines read
server/src/blockchain/node_modules/@nomicfoundation/hardhat-utils/src/crypto.ts,CLEAN,server/src/blockchain/node_modules/@nomicfoundation/hardhat-utils/src/crypto.ts:1,3.3,46 lines read
server/src/blockchain/node_modules/@nomicfoundation/hardhat-utils/src/date.ts,CLEAN,server/src/blockchain/node_modules/@nomicfoundation/hardhat-utils/src/date.ts:1,3.3,28 lines read
server/src/blockchain/node_modules/@nomicfoundation/hardhat-utils/src/debug.ts,CLEAN,server/src/blockchain/node_modules/@nomicfoundation/hardhat-utils/src/debug.ts:1,3.3,38 lines read
server/src/blockchain/node_modules/@nomicfoundation/hardhat-utils/src/env.ts,CLEAN,server/src/blockchain/node_modules/@nomicfoundation/hardhat-utils/src/env.ts:1,3.3,33 lines read
server/src/blockchain/node_modules/@nomicfoundation/hardhat-utils/src/error.ts,GAP_FOUND,server/src/blockchain/node_modules/@nomicfoundation/hardhat-utils/src/error.ts:1,3.3,console@91
server/src/blockchain/node_modules/@nomicfoundation/hardhat-utils/src/errors/bytecode.ts,CLEAN,server/src/blockchain/node_modules/@nomicfoundation/hardhat-utils/src/errors/bytecode.ts:1,3.3,75 lines read
server/src/blockchain/node_modules/@nomicfoundation/hardhat-utils/src/errors/fs.ts,CLEAN,server/src/blockchain/node_modules/@nomicfoundation/hardhat-utils/src/errors/fs.ts:1,3.3,47 lines read
server/src/blockchain/node_modules/@nomicfoundation/hardhat-utils/src/errors/package.ts,CLEAN,server/src/blockchain/node_modules/@nomicfoundation/hardhat-utils/src/errors/package.ts:1,3.3,13 lines read
server/src/blockchain/node_modules/@nomicfoundation/hardhat-utils/src/errors/request.ts,CLEAN,server/src/blockchain/node_modules/@nomicfoundation/hardhat-utils/src/errors/request.ts:1,3.3,84 lines read
server/src/blockchain/node_modules/@nomicfoundation/hardhat-utils/src/errors/subprocess.ts,CLEAN,server/src/blockchain/node_modules/@nomicfoundation/hardhat-utils/src/errors/subprocess.ts:1,3.3,17 lines read
server/src/blockchain/node_modules/@nomicfoundation/hardhat-utils/src/eth.ts,CLEAN,server/src/blockchain/node_modules/@nomicfoundation/hardhat-utils/src/eth.ts:1,3.3,91 lines read
server/src/blockchain/node_modules/@nomicfoundation/hardhat-utils/src/format.ts,CLEAN,server/src/blockchain/node_modules/@nomicfoundation/hardhat-utils/src/format.ts:1,3.3,267 lines read
server/src/blockchain/node_modules/@nomicfoundation/hardhat-utils/src/fs.ts,GAP_FOUND,server/src/blockchain/node_modules/@nomicfoundation/hardhat-utils/src/fs.ts:1,3.3,throw new Error@253; empty catch@344; empty catch@424
server/src/blockchain/node_modules/@nomicfoundation/hardhat-utils/src/global-dir.ts,CLEAN,server/src/blockchain/node_modules/@nomicfoundation/hardhat-utils/src/global-dir.ts:1,3.3,50 lines read
server/src/blockchain/node_modules/@nomicfoundation/hardhat-utils/src/hex.ts,CLEAN,server/src/blockchain/node_modules/@nomicfoundation/hardhat-utils/src/hex.ts:1,3.3,232 lines read
server/src/blockchain/node_modules/@nomicfoundation/hardhat-utils/src/internal/bytecode.ts,CLEAN,server/src/blockchain/node_modules/@nomicfoundation/hardhat-utils/src/internal/bytecode.ts:1,3.3,129 lines read
server/src/blockchain/node_modules/@nomicfoundation/hardhat-utils/src/internal/eth.ts,CLEAN,server/src/blockchain/node_modules/@nomicfoundation/hardhat-utils/src/internal/eth.ts:1,3.3,71 lines read
server/src/blockchain/node_modules/@nomicfoundation/hardhat-utils/src/internal/format.ts,CLEAN,server/src/blockchain/node_modules/@nomicfoundation/hardhat-utils/src/internal/format.ts:1,3.3,260 lines read
server/src/blockchain/node_modules/@nomicfoundation/hardhat-utils/src/internal/global-dir.ts,CLEAN,server/src/blockchain/node_modules/@nomicfoundation/hardhat-utils/src/internal/global-dir.ts:1,3.3,10 lines read
server/src/blockchain/node_modules/@nomicfoundation/hardhat-utils/src/internal/hex.ts,CLEAN,server/src/blockchain/node_modules/@nomicfoundation/hardhat-utils/src/internal/hex.ts:1,3.3,21 lines read
server/src/blockchain/node_modules/@nomicfoundation/hardhat-utils/src/internal/lang.ts,CLEAN,server/src/blockchain/node_modules/@nomicfoundation/hardhat-utils/src/internal/lang.ts:1,3.3,55 lines read
server/src/blockchain/node_modules/@nomicfoundation/hardhat-utils/src/internal/package.ts,CLEAN,server/src/blockchain/node_modules/@nomicfoundation/hardhat-utils/src/internal/package.ts:1,3.3,15 lines read
server/src/blockchain/node_modules/@nomicfoundation/hardhat-utils/src/internal/panic-errors.ts,CLEAN,server/src/blockchain/node_modules/@nomicfoundation/hardhat-utils/src/internal/panic-errors.ts:1,3.3,23 lines read
server/src/blockchain/node_modules/@nomicfoundation/hardhat-utils/src/internal/request.ts,CLEAN,server/src/blockchain/node_modules/@nomicfoundation/hardhat-utils/src/internal/request.ts:1,3.3,165 lines read
server/src/blockchain/node_modules/@nomicfoundation/hardhat-utils/src/lang.ts,CLEAN,server/src/blockchain/node_modules/@nomicfoundation/hardhat-utils/src/lang.ts:1,3.3,118 lines read
server/src/blockchain/node_modules/@nomicfoundation/hardhat-utils/src/number.ts,CLEAN,server/src/blockchain/node_modules/@nomicfoundation/hardhat-utils/src/number.ts:1,3.3,38 lines read
server/src/blockchain/node_modules/@nomicfoundation/hardhat-utils/src/package.ts,CLEAN,server/src/blockchain/node_modules/@nomicfoundation/hardhat-utils/src/package.ts:1,3.3,169 lines read
server/src/blockchain/node_modules/@nomicfoundation/hardhat-utils/src/panic-errors.ts,CLEAN,server/src/blockchain/node_modules/@nomicfoundation/hardhat-utils/src/panic-errors.ts:1,3.3,25 lines read
server/src/blockchain/node_modules/@nomicfoundation/hardhat-utils/src/path.ts,CLEAN,server/src/blockchain/node_modules/@nomicfoundation/hardhat-utils/src/path.ts:1,3.3,55 lines read
server/src/blockchain/node_modules/@nomicfoundation/hardhat-utils/src/request.ts,GAP_FOUND,server/src/blockchain/node_modules/@nomicfoundation/hardhat-utils/src/request.ts:1,3.3,throw new Error@236; throw new Error@275
server/src/blockchain/node_modules/@nomicfoundation/hardhat-utils/src/spinner.ts,GAP_FOUND,server/src/blockchain/node_modules/@nomicfoundation/hardhat-utils/src/spinner.ts:1,3.3,console@106; console@109
server/src/blockchain/node_modules/@nomicfoundation/hardhat-utils/src/stream.ts,CLEAN,server/src/blockchain/node_modules/@nomicfoundation/hardhat-utils/src/stream.ts:1,3.3,16 lines read
server/src/blockchain/node_modules/@nomicfoundation/hardhat-utils/src/string.ts,CLEAN,server/src/blockchain/node_modules/@nomicfoundation/hardhat-utils/src/string.ts:1,3.3,69 lines read
server/src/blockchain/node_modules/@nomicfoundation/hardhat-utils/src/subprocess.ts,CLEAN,server/src/blockchain/node_modules/@nomicfoundation/hardhat-utils/src/subprocess.ts:1,3.3,46 lines read
server/src/blockchain/node_modules/@nomicfoundation/hardhat-utils/src/synchronization.ts,CLEAN,server/src/blockchain/node_modules/@nomicfoundation/hardhat-utils/src/synchronization.ts:1,3.3,215 lines read
server/src/blockchain/node_modules/@nomicfoundation/hardhat-vendored/dist/src/copy-assets.d.ts,CLEAN,server/src/blockchain/node_modules/@nomicfoundation/hardhat-vendored/dist/src/copy-assets.d.ts:1,3.3,2 lines read
server/src/blockchain/node_modules/@nomicfoundation/hardhat-vendored/dist/src/coverage-module/index.d.ts,CLEAN,server/src/blockchain/node_modules/@nomicfoundation/hardhat-vendored/dist/src/coverage-module/index.d.ts:1,3.3,5 lines read
server/src/blockchain/node_modules/@nomicfoundation/hardhat-vendored/dist/src/coverage-module/istanbul-reports/lib/html/assets/block-navigation.d.ts,CLEAN,server/src/blockchain/node_modules/@nomicfoundation/hardhat-vendored/dist/src/coverage-module/istanbul-reports/lib/html/assets/block-navigation.d.ts:1,3.3,2 lines read
server/src/blockchain/node_modules/@nomicfoundation/hardhat-vendored/dist/src/coverage-module/istanbul-reports/lib/html/assets/sorter.d.ts,CLEAN,server/src/blockchain/node_modules/@nomicfoundation/hardhat-vendored/dist/src/coverage-module/istanbul-reports/lib/html/assets/sorter.d.ts:1,3.3,2 lines read
server/src/blockchain/node_modules/@nomicfoundation/hardhat-vendored/dist/src/coverage-module/istanbul-reports/lib/html/assets/vendor/prettify.d.ts,CLEAN,server/src/blockchain/node_modules/@nomicfoundation/hardhat-vendored/dist/src/coverage-module/istanbul-reports/lib/html/assets/vendor/prettify.d.ts:1,3.3,2 lines read
server/src/blockchain/node_modules/@nomicfoundation/hardhat-vendored/dist/src/coverage-module/types.d.ts,CLEAN,server/src/blockchain/node_modules/@nomicfoundation/hardhat-vendored/dist/src/coverage-module/types.d.ts:1,3.3,42 lines read
server/src/blockchain/node_modules/@nomicfoundation/hardhat-vendored/src/copy-assets.ts,GAP_FOUND,server/src/blockchain/node_modules/@nomicfoundation/hardhat-vendored/src/copy-assets.ts:1,3.3,console@9
server/src/blockchain/node_modules/@nomicfoundation/hardhat-vendored/src/coverage-module/types.ts,CLEAN,server/src/blockchain/node_modules/@nomicfoundation/hardhat-vendored/src/coverage-module/types.ts:1,3.3,33 lines read
server/src/blockchain/node_modules/@nomicfoundation/hardhat-zod-utils/dist/src/index.d.ts,CLEAN,server/src/blockchain/node_modules/@nomicfoundation/hardhat-zod-utils/dist/src/index.d.ts:1,3.3,151 lines read
server/src/blockchain/node_modules/@nomicfoundation/hardhat-zod-utils/dist/src/rpc/index.d.ts,CLEAN,server/src/blockchain/node_modules/@nomicfoundation/hardhat-zod-utils/dist/src/rpc/index.d.ts:1,3.3,12 lines read
server/src/blockchain/node_modules/@nomicfoundation/hardhat-zod-utils/dist/src/rpc/types/access-list.d.ts,CLEAN,server/src/blockchain/node_modules/@nomicfoundation/hardhat-zod-utils/dist/src/rpc/types/access-list.d.ts:1,3.3,10 lines read
server/src/blockchain/node_modules/@nomicfoundation/hardhat-zod-utils/dist/src/rpc/types/address.d.ts,CLEAN,server/src/blockchain/node_modules/@nomicfoundation/hardhat-zod-utils/dist/src/rpc/types/address.d.ts:1,3.3,4 lines read
server/src/blockchain/node_modules/@nomicfoundation/hardhat-zod-utils/dist/src/rpc/types/any.d.ts,CLEAN,server/src/blockchain/node_modules/@nomicfoundation/hardhat-zod-utils/dist/src/rpc/types/any.d.ts:1,3.3,3 lines read
server/src/blockchain/node_modules/@nomicfoundation/hardhat-zod-utils/dist/src/rpc/types/authorization-list.d.ts,CLEAN,server/src/blockchain/node_modules/@nomicfoundation/hardhat-zod-utils/dist/src/rpc/types/authorization-list.d.ts:1,3.3,14 lines read
server/src/blockchain/node_modules/@nomicfoundation/hardhat-zod-utils/dist/src/rpc/types/data.d.ts,CLEAN,server/src/blockchain/node_modules/@nomicfoundation/hardhat-zod-utils/dist/src/rpc/types/data.d.ts:1,3.3,3 lines read
server/src/blockchain/node_modules/@nomicfoundation/hardhat-zod-utils/dist/src/rpc/types/hash.d.ts,CLEAN,server/src/blockchain/node_modules/@nomicfoundation/hardhat-zod-utils/dist/src/rpc/types/hash.d.ts:1,3.3,3 lines read
server/src/blockchain/node_modules/@nomicfoundation/hardhat-zod-utils/dist/src/rpc/types/quantity.d.ts,CLEAN,server/src/blockchain/node_modules/@nomicfoundation/hardhat-zod-utils/dist/src/rpc/types/quantity.d.ts:1,3.3,3 lines read
server/src/blockchain/node_modules/@nomicfoundation/hardhat-zod-utils/dist/src/rpc/types/rpc-parity.d.ts,CLEAN,server/src/blockchain/node_modules/@nomicfoundation/hardhat-zod-utils/dist/src/rpc/types/rpc-parity.d.ts:1,3.3,3 lines read
server/src/blockchain/node_modules/@nomicfoundation/hardhat-zod-utils/dist/src/rpc/types/tx-request.d.ts,CLEAN,server/src/blockchain/node_modules/@nomicfoundation/hardhat-zod-utils/dist/src/rpc/types/tx-request.d.ts:1,3.3,29 lines read
server/src/blockchain/node_modules/@nomicfoundation/hardhat-zod-utils/dist/src/rpc/utils.d.ts,CLEAN,server/src/blockchain/node_modules/@nomicfoundation/hardhat-zod-utils/dist/src/rpc/utils.d.ts:1,3.3,3 lines read
server/src/blockchain/node_modules/@nomicfoundation/hardhat-zod-utils/dist/src/rpc/validate-params.d.ts,CLEAN,server/src/blockchain/node_modules/@nomicfoundation/hardhat-zod-utils/dist/src/rpc/validate-params.d.ts:1,3.3,5 lines read
server/src/blockchain/node_modules/@nomicfoundation/hardhat-zod-utils/src/index.ts,CLEAN,server/src/blockchain/node_modules/@nomicfoundation/hardhat-zod-utils/src/index.ts:1,3.3,222 lines read
server/src/blockchain/node_modules/@nomicfoundation/hardhat-zod-utils/src/rpc/index.ts,CLEAN,server/src/blockchain/node_modules/@nomicfoundation/hardhat-zod-utils/src/rpc/index.ts:1,3.3,11 lines read
server/src/blockchain/node_modules/@nomicfoundation/hardhat-zod-utils/src/rpc/types/access-list.ts,CLEAN,server/src/blockchain/node_modules/@nomicfoundation/hardhat-zod-utils/src/rpc/types/access-list.ts:1,3.3,20 lines read
server/src/blockchain/node_modules/@nomicfoundation/hardhat-zod-utils/src/rpc/types/address.ts,CLEAN,server/src/blockchain/node_modules/@nomicfoundation/hardhat-zod-utils/src/rpc/types/address.ts:1,3.3,26 lines read
server/src/blockchain/node_modules/@nomicfoundation/hardhat-zod-utils/src/rpc/types/any.ts,CLEAN,server/src/blockchain/node_modules/@nomicfoundation/hardhat-zod-utils/src/rpc/types/any.ts:1,3.3,5 lines read
server/src/blockchain/node_modules/@nomicfoundation/hardhat-zod-utils/src/rpc/types/authorization-list.ts,CLEAN,server/src/blockchain/node_modules/@nomicfoundation/hardhat-zod-utils/src/rpc/types/authorization-list.ts:1,3.3,31 lines read
server/src/blockchain/node_modules/@nomicfoundation/hardhat-zod-utils/src/rpc/types/data.ts,CLEAN,server/src/blockchain/node_modules/@nomicfoundation/hardhat-zod-utils/src/rpc/types/data.ts:1,3.3,16 lines read
server/src/blockchain/node_modules/@nomicfoundation/hardhat-zod-utils/src/rpc/types/hash.ts,CLEAN,server/src/blockchain/node_modules/@nomicfoundation/hardhat-zod-utils/src/rpc/types/hash.ts:1,3.3,22 lines read
server/src/blockchain/node_modules/@nomicfoundation/hardhat-zod-utils/src/rpc/types/quantity.ts,CLEAN,server/src/blockchain/node_modules/@nomicfoundation/hardhat-zod-utils/src/rpc/types/quantity.ts:1,3.3,15 lines read
server/src/blockchain/node_modules/@nomicfoundation/hardhat-zod-utils/src/rpc/types/rpc-parity.ts,CLEAN,server/src/blockchain/node_modules/@nomicfoundation/hardhat-zod-utils/src/rpc/types/rpc-parity.ts:1,3.3,25 lines read
server/src/blockchain/node_modules/@nomicfoundation/hardhat-zod-utils/src/rpc/types/tx-request.ts,CLEAN,server/src/blockchain/node_modules/@nomicfoundation/hardhat-zod-utils/src/rpc/types/tx-request.ts:1,3.3,53 lines read
server/src/blockchain/node_modules/@nomicfoundation/hardhat-zod-utils/src/rpc/utils.ts,CLEAN,server/src/blockchain/node_modules/@nomicfoundation/hardhat-zod-utils/src/rpc/utils.ts:1,3.3,9 lines read
server/src/blockchain/node_modules/@nomicfoundation/hardhat-zod-utils/src/rpc/validate-params.ts,CLEAN,server/src/blockchain/node_modules/@nomicfoundation/hardhat-zod-utils/src/rpc/validate-params.ts:1,3.3,62 lines read
server/src/blockchain/node_modules/@nomicfoundation/solidity-analyzer/index.d.ts,CLEAN,server/src/blockchain/node_modules/@nomicfoundation/solidity-analyzer/index.d.ts:1,3.3,10 lines read
server/src/blockchain/node_modules/@scure/base/index.ts,GAP_FOUND,server/src/blockchain/node_modules/@scure/base/index.ts:1,3.3,throw new Error@8; throw new Error@67; throw new Error@71; throw new Error@77; throw new Error@80
server/src/blockchain/node_modules/@scure/base/lib/esm/index.d.ts,CLEAN,server/src/blockchain/node_modules/@scure/base/lib/esm/index.d.ts:1,3.3,132 lines read
server/src/blockchain/node_modules/@scure/base/lib/index.d.ts,CLEAN,server/src/blockchain/node_modules/@scure/base/lib/index.d.ts:1,3.3,132 lines read
server/src/blockchain/node_modules/@scure/bip32/index.ts,GAP_FOUND,server/src/blockchain/node_modules/@scure/bip32/index.ts:1,3.3,throw new Error@37; throw new Error@57; throw new Error@76; throw new Error@84; throw new Error@92
server/src/blockchain/node_modules/@scure/bip32/lib/index.d.ts,CLEAN,server/src/blockchain/node_modules/@scure/bip32/lib/index.d.ts:1,3.3,50 lines read
server/src/blockchain/node_modules/@scure/bip39/index.d.ts,CLEAN,server/src/blockchain/node_modules/@scure/bip39/index.d.ts:1,3.3,64 lines read
server/src/blockchain/node_modules/@scure/bip39/src/index.ts,GAP_FOUND,server/src/blockchain/node_modules/@scure/bip39/src/index.ts:1,3.3,throw new Error@24; throw new Error@56; throw new Error@58
server/src/blockchain/node_modules/@scure/bip39/wordlists/czech.d.ts,CLEAN,server/src/blockchain/node_modules/@scure/bip39/wordlists/czech.d.ts:1,3.3,2 lines read
server/src/blockchain/node_modules/@scure/bip39/wordlists/english.d.ts,CLEAN,server/src/blockchain/node_modules/@scure/bip39/wordlists/english.d.ts:1,3.3,2 lines read
server/src/blockchain/node_modules/@scure/bip39/wordlists/french.d.ts,CLEAN,server/src/blockchain/node_modules/@scure/bip39/wordlists/french.d.ts:1,3.3,2 lines read
server/src/blockchain/node_modules/@scure/bip39/wordlists/italian.d.ts,CLEAN,server/src/blockchain/node_modules/@scure/bip39/wordlists/italian.d.ts:1,3.3,2 lines read
server/src/blockchain/node_modules/@scure/bip39/wordlists/japanese.d.ts,CLEAN,server/src/blockchain/node_modules/@scure/bip39/wordlists/japanese.d.ts:1,3.3,2 lines read
server/src/blockchain/node_modules/@scure/bip39/wordlists/korean.d.ts,CLEAN,server/src/blockchain/node_modules/@scure/bip39/wordlists/korean.d.ts:1,3.3,2 lines read
server/src/blockchain/node_modules/@scure/bip39/wordlists/portuguese.d.ts,CLEAN,server/src/blockchain/node_modules/@scure/bip39/wordlists/portuguese.d.ts:1,3.3,2 lines read
server/src/blockchain/node_modules/@scure/bip39/wordlists/simplified-chinese.d.ts,CLEAN,server/src/blockchain/node_modules/@scure/bip39/wordlists/simplified-chinese.d.ts:1,3.3,2 lines read
server/src/blockchain/node_modules/@scure/bip39/wordlists/spanish.d.ts,CLEAN,server/src/blockchain/node_modules/@scure/bip39/wordlists/spanish.d.ts:1,3.3,2 lines read
server/src/blockchain/node_modules/@scure/bip39/wordlists/traditional-chinese.d.ts,CLEAN,server/src/blockchain/node_modules/@scure/bip39/wordlists/traditional-chinese.d.ts:1,3.3,2 lines read
server/src/blockchain/node_modules/@sentry/core/build/types-ts3.8/api.d.ts,CLEAN,server/src/blockchain/node_modules/@sentry/core/build/types-ts3.8/api.d.ts:1,3.3,12 lines read
server/src/blockchain/node_modules/@sentry/core/build/types-ts3.8/asyncContext/index.d.ts,CLEAN,server/src/blockchain/node_modules/@sentry/core/build/types-ts3.8/asyncContext/index.d.ts:1,3.3,14 lines read
server/src/blockchain/node_modules/@sentry/core/build/types-ts3.8/asyncContext/stackStrategy.d.ts,CLEAN,server/src/blockchain/node_modules/@sentry/core/build/types-ts3.8/asyncContext/stackStrategy.d.ts:1,3.3,49 lines read
server/src/blockchain/node_modules/@sentry/core/build/types-ts3.8/asyncContext/types.d.ts,CLEAN,server/src/blockchain/node_modules/@sentry/core/build/types-ts3.8/asyncContext/types.d.ts:1,3.3,56 lines read
server/src/blockchain/node_modules/@sentry/core/build/types-ts3.8/breadcrumbs.d.ts,CLEAN,server/src/blockchain/node_modules/@sentry/core/build/types-ts3.8/breadcrumbs.d.ts:1,3.3,9 lines read
server/src/blockchain/node_modules/@sentry/core/build/types-ts3.8/carrier.d.ts,CLEAN,server/src/blockchain/node_modules/@sentry/core/build/types-ts3.8/carrier.d.ts:1,3.3,61 lines read
server/src/blockchain/node_modules/@sentry/core/build/types-ts3.8/checkin.d.ts,CLEAN,server/src/blockchain/node_modules/@sentry/core/build/types-ts3.8/checkin.d.ts:1,3.3,9 lines read
server/src/blockchain/node_modules/@sentry/core/build/types-ts3.8/client.d.ts,CLEAN,server/src/blockchain/node_modules/@sentry/core/build/types-ts3.8/client.d.ts:1,3.3,547 lines read
server/src/blockchain/node_modules/@sentry/core/build/types-ts3.8/constants.d.ts,CLEAN,server/src/blockchain/node_modules/@sentry/core/build/types-ts3.8/constants.d.ts:1,3.3,2 lines read
server/src/blockchain/node_modules/@sentry/core/build/types-ts3.8/currentScopes.d.ts,CLEAN,server/src/blockchain/node_modules/@sentry/core/build/types-ts3.8/currentScopes.d.ts:1,3.3,60 lines read
server/src/blockchain/node_modules/@sentry/core/build/types-ts3.8/debug-build.d.ts,CLEAN,server/src/blockchain/node_modules/@sentry/core/build/types-ts3.8/debug-build.d.ts:1,3.3,7 lines read
server/src/blockchain/node_modules/@sentry/core/build/types-ts3.8/defaultScopes.d.ts,CLEAN,server/src/blockchain/node_modules/@sentry/core/build/types-ts3.8/defaultScopes.d.ts:1,3.3,6 lines read
server/src/blockchain/node_modules/@sentry/core/build/types-ts3.8/envelope.d.ts,CLEAN,server/src/blockchain/node_modules/@sentry/core/build/types-ts3.8/envelope.d.ts:1,3.3,28 lines read
server/src/blockchain/node_modules/@sentry/core/build/types-ts3.8/eventProcessors.d.ts,CLEAN,server/src/blockchain/node_modules/@sentry/core/build/types-ts3.8/eventProcessors.d.ts:1,3.3,7 lines read
server/src/blockchain/node_modules/@sentry/core/build/types-ts3.8/exports.d.ts,CLEAN,server/src/blockchain/node_modules/@sentry/core/build/types-ts3.8/exports.d.ts:1,3.3,154 lines read
server/src/blockchain/node_modules/@sentry/core/build/types-ts3.8/feedback.d.ts,CLEAN,server/src/blockchain/node_modules/@sentry/core/build/types-ts3.8/feedback.d.ts:1,3.3,9 lines read
server/src/blockchain/node_modules/@sentry/core/build/types-ts3.8/fetch.d.ts,CLEAN,server/src/blockchain/node_modules/@sentry/core/build/types-ts3.8/fetch.d.ts:1,3.3,31 lines read
server/src/blockchain/node_modules/@sentry/core/build/types-ts3.8/index.d.ts,CLEAN,server/src/blockchain/node_modules/@sentry/core/build/types-ts3.8/index.d.ts:1,3.3,174 lines read
server/src/blockchain/node_modules/@sentry/core/build/types-ts3.8/instrument/console.d.ts,CLEAN,server/src/blockchain/node_modules/@sentry/core/build/types-ts3.8/instrument/console.d.ts:1,3.3,9 lines read
server/src/blockchain/node_modules/@sentry/core/build/types-ts3.8/instrument/fetch.d.ts,CLEAN,server/src/blockchain/node_modules/@sentry/core/build/types-ts3.8/instrument/fetch.d.ts:1,3.3,28 lines read
server/src/blockchain/node_modules/@sentry/core/build/types-ts3.8/instrument/globalError.d.ts,CLEAN,server/src/blockchain/node_modules/@sentry/core/build/types-ts3.8/instrument/globalError.d.ts:1,3.3,9 lines read
server/src/blockchain/node_modules/@sentry/core/build/types-ts3.8/instrument/globalUnhandledRejection.d.ts,CLEAN,server/src/blockchain/node_modules/@sentry/core/build/types-ts3.8/instrument/globalUnhandledRejection.d.ts:1,3.3,9 lines read
server/src/blockchain/node_modules/@sentry/core/build/types-ts3.8/instrument/handlers.d.ts,CLEAN,server/src/blockchain/node_modules/@sentry/core/build/types-ts3.8/instrument/handlers.d.ts:1,3.3,14 lines read
server/src/blockchain/node_modules/@sentry/core/build/types-ts3.8/integration.d.ts,CLEAN,server/src/blockchain/node_modules/@sentry/core/build/types-ts3.8/integration.d.ts:1,3.3,31 lines read
server/src/blockchain/node_modules/@sentry/core/build/types-ts3.8/integrations/captureconsole.d.ts,CLEAN,server/src/blockchain/node_modules/@sentry/core/build/types-ts3.8/integrations/captureconsole.d.ts:1,3.3,16 lines read
server/src/blockchain/node_modules/@sentry/core/build/types-ts3.8/integrations/console.d.ts,CLEAN,server/src/blockchain/node_modules/@sentry/core/build/types-ts3.8/integrations/console.d.ts:1,3.3,28 lines read
server/src/blockchain/node_modules/@sentry/core/build/types-ts3.8/integrations/dedupe.d.ts,CLEAN,server/src/blockchain/node_modules/@sentry/core/build/types-ts3.8/integrations/dedupe.d.ts:1,3.3,8 lines read
server/src/blockchain/node_modules/@sentry/core/build/types-ts3.8/integrations/eventFilters.d.ts,CLEAN,server/src/blockchain/node_modules/@sentry/core/build/types-ts3.8/integrations/eventFilters.d.ts:1,3.3,41 lines read
server/src/blockchain/node_modules/@sentry/core/build/types-ts3.8/integrations/extraerrordata.d.ts,CLEAN,server/src/blockchain/node_modules/@sentry/core/build/types-ts3.8/integrations/extraerrordata.d.ts:1,3.3,15 lines read
server/src/blockchain/node_modules/@sentry/core/build/types-ts3.8/integrations/featureFlags/featureFlagsIntegration.d.ts,CLEAN,server/src/blockchain/node_modules/@sentry/core/build/types-ts3.8/integrations/featureFlags/featureFlagsIntegration.d.ts:1,3.3,30 lines read
server/src/blockchain/node_modules/@sentry/core/build/types-ts3.8/integrations/featureFlags/index.d.ts,CLEAN,server/src/blockchain/node_modules/@sentry/core/build/types-ts3.8/integrations/featureFlags/index.d.ts:1,3.3,2 lines read
server/src/blockchain/node_modules/@sentry/core/build/types-ts3.8/integrations/functiontostring.d.ts,CLEAN,server/src/blockchain/node_modules/@sentry/core/build/types-ts3.8/integrations/functiontostring.d.ts:1,3.3,13 lines read
server/src/blockchain/node_modules/@sentry/core/build/types-ts3.8/integrations/linkederrors.d.ts,CLEAN,server/src/blockchain/node_modules/@sentry/core/build/types-ts3.8/integrations/linkederrors.d.ts:1,3.3,7 lines read
server/src/blockchain/node_modules/@sentry/core/build/types-ts3.8/integrations/mcp-server/attributeExtraction.d.ts,CLEAN,server/src/blockchain/node_modules/@sentry/core/build/types-ts3.8/integrations/mcp-server/attributeExtraction.d.ts:1,3.3,21 lines read
server/src/blockchain/node_modules/@sentry/core/build/types-ts3.8/integrations/mcp-server/attributes.d.ts,CLEAN,server/src/blockchain/node_modules/@sentry/core/build/types-ts3.8/integrations/mcp-server/attributes.d.ts:1,3.3,89 lines read
server/src/blockchain/node_modules/@sentry/core/build/types-ts3.8/integrations/mcp-server/correlation.d.ts,CLEAN,server/src/blockchain/node_modules/@sentry/core/build/types-ts3.8/integrations/mcp-server/correlation.d.ts:1,3.3,31 lines read
server/src/blockchain/node_modules/@sentry/core/build/types-ts3.8/integrations/mcp-server/errorCapture.d.ts,CLEAN,server/src/blockchain/node_modules/@sentry/core/build/types-ts3.8/integrations/mcp-server/errorCapture.d.ts:1,3.3,17 lines read
server/src/blockchain/node_modules/@sentry/core/build/types-ts3.8/integrations/mcp-server/handlers.d.ts,CLEAN,server/src/blockchain/node_modules/@sentry/core/build/types-ts3.8/integrations/mcp-server/handlers.d.ts:1,3.3,28 lines read
server/src/blockchain/node_modules/@sentry/core/build/types-ts3.8/integrations/mcp-server/index.d.ts,CLEAN,server/src/blockchain/node_modules/@sentry/core/build/types-ts3.8/integrations/mcp-server/index.d.ts:1,3.3,25 lines read
server/src/blockchain/node_modules/@sentry/core/build/types-ts3.8/integrations/mcp-server/methodConfig.d.ts,CLEAN,server/src/blockchain/node_modules/@sentry/core/build/types-ts3.8/integrations/mcp-server/methodConfig.d.ts:1,3.3,21 lines read
server/src/blockchain/node_modules/@sentry/core/build/types-ts3.8/integrations/mcp-server/piiFiltering.d.ts,CLEAN,server/src/blockchain/node_modules/@sentry/core/build/types-ts3.8/integrations/mcp-server/piiFiltering.d.ts:1,3.3,15 lines read
server/src/blockchain/node_modules/@sentry/core/build/types-ts3.8/integrations/mcp-server/resultExtraction.d.ts,CLEAN,server/src/blockchain/node_modules/@sentry/core/build/types-ts3.8/integrations/mcp-server/resultExtraction.d.ts:1,3.3,18 lines read
server/src/blockchain/node_modules/@sentry/core/build/types-ts3.8/integrations/mcp-server/sessionExtraction.d.ts,CLEAN,server/src/blockchain/node_modules/@sentry/core/build/types-ts3.8/integrations/mcp-server/sessionExtraction.d.ts:1,3.3,56 lines read
server/src/blockchain/node_modules/@sentry/core/build/types-ts3.8/integrations/mcp-server/sessionManagement.d.ts,CLEAN,server/src/blockchain/node_modules/@sentry/core/build/types-ts3.8/integrations/mcp-server/sessionManagement.d.ts:1,3.3,40 lines read
server/src/blockchain/node_modules/@sentry/core/build/types-ts3.8/integrations/mcp-server/spans.d.ts,CLEAN,server/src/blockchain/node_modules/@sentry/core/build/types-ts3.8/integrations/mcp-server/spans.d.ts:1,3.3,38 lines read
server/src/blockchain/node_modules/@sentry/core/build/types-ts3.8/integrations/mcp-server/transport.d.ts,CLEAN,server/src/blockchain/node_modules/@sentry/core/build/types-ts3.8/integrations/mcp-server/transport.d.ts:1,3.3,32 lines read
server/src/blockchain/node_modules/@sentry/core/build/types-ts3.8/integrations/mcp-server/types.d.ts,CLEAN,server/src/blockchain/node_modules/@sentry/core/build/types-ts3.8/integrations/mcp-server/types.d.ts:1,3.3,159 lines read
server/src/blockchain/node_modules/@sentry/core/build/types-ts3.8/integrations/mcp-server/validation.d.ts,CLEAN,server/src/blockchain/node_modules/@sentry/core/build/types-ts3.8/integrations/mcp-server/validation.d.ts:1,3.3,37 lines read
server/src/blockchain/node_modules/@sentry/core/build/types-ts3.8/integrations/metadata.d.ts,CLEAN,server/src/blockchain/node_modules/@sentry/core/build/types-ts3.8/integrations/metadata.d.ts:1,3.3,11 lines read
server/src/blockchain/node_modules/@sentry/core/build/types-ts3.8/integrations/requestdata.d.ts,CLEAN,server/src/blockchain/node_modules/@sentry/core/build/types-ts3.8/integrations/requestdata.d.ts:1,3.3,21 lines read
server/src/blockchain/node_modules/@sentry/core/build/types-ts3.8/integrations/rewriteframes.d.ts,CLEAN,server/src/blockchain/node_modules/@sentry/core/build/types-ts3.8/integrations/rewriteframes.d.ts:1,3.3,53 lines read
server/src/blockchain/node_modules/@sentry/core/build/types-ts3.8/integrations/supabase.d.ts,CLEAN,server/src/blockchain/node_modules/@sentry/core/build/types-ts3.8/integrations/supabase.d.ts:1,3.3,100 lines read
server/src/blockchain/node_modules/@sentry/core/build/types-ts3.8/integrations/third-party-errors-filter.d.ts,CLEAN,server/src/blockchain/node_modules/@sentry/core/build/types-ts3.8/integrations/third-party-errors-filter.d.ts:1,3.3,29 lines read
server/src/blockchain/node_modules/@sentry/core/build/types-ts3.8/integrations/zoderrors.d.ts,CLEAN,server/src/blockchain/node_modules/@sentry/core/build/types-ts3.8/integrations/zoderrors.d.ts:1,3.3,76 lines read
server/src/blockchain/node_modules/@sentry/core/build/types-ts3.8/logs/console-integration.d.ts,CLEAN,server/src/blockchain/node_modules/@sentry/core/build/types-ts3.8/logs/console-integration.d.ts:1,3.3,27 lines read
server/src/blockchain/node_modules/@sentry/core/build/types-ts3.8/logs/constants.d.ts,CLEAN,server/src/blockchain/node_modules/@sentry/core/build/types-ts3.8/logs/constants.d.ts:1,3.3,8 lines read
server/src/blockchain/node_modules/@sentry/core/build/types-ts3.8/logs/envelope.d.ts,CLEAN,server/src/blockchain/node_modules/@sentry/core/build/types-ts3.8/logs/envelope.d.ts:1,3.3,24 lines read
server/src/blockchain/node_modules/@sentry/core/build/types-ts3.8/logs/exports.d.ts,CLEAN,server/src/blockchain/node_modules/@sentry/core/build/types-ts3.8/logs/exports.d.ts:1,3.3,53 lines read
server/src/blockchain/node_modules/@sentry/core/build/types-ts3.8/metadata.d.ts,CLEAN,server/src/blockchain/node_modules/@sentry/core/build/types-ts3.8/metadata.d.ts:1,3.3,19 lines read
server/src/blockchain/node_modules/@sentry/core/build/types-ts3.8/profiling.d.ts,CLEAN,server/src/blockchain/node_modules/@sentry/core/build/types-ts3.8/profiling.d.ts:1,3.3,3 lines read
server/src/blockchain/node_modules/@sentry/core/build/types-ts3.8/report-dialog.d.ts,CLEAN,server/src/blockchain/node_modules/@sentry/core/build/types-ts3.8/report-dialog.d.ts:1,3.3,29 lines read
server/src/blockchain/node_modules/@sentry/core/build/types-ts3.8/scope.d.ts,CLEAN,server/src/blockchain/node_modules/@sentry/core/build/types-ts3.8/scope.d.ts:1,3.3,285 lines read
server/src/blockchain/node_modules/@sentry/core/build/types-ts3.8/sdk.d.ts,CLEAN,server/src/blockchain/node_modules/@sentry/core/build/types-ts3.8/sdk.d.ts:1,3.3,17 lines read
server/src/blockchain/node_modules/@sentry/core/build/types-ts3.8/semanticAttributes.d.ts,CLEAN,server/src/blockchain/node_modules/@sentry/core/build/types-ts3.8/semanticAttributes.d.ts:1,3.3,65 lines read
server/src/blockchain/node_modules/@sentry/core/build/types-ts3.8/server-runtime-client.d.ts,CLEAN,server/src/blockchain/node_modules/@sentry/core/build/types-ts3.8/server-runtime-client.d.ts:1,3.3,58 lines read
server/src/blockchain/node_modules/@sentry/core/build/types-ts3.8/session.d.ts,CLEAN,server/src/blockchain/node_modules/@sentry/core/build/types-ts3.8/session.d.ts:1,3.3,35 lines read
server/src/blockchain/node_modules/@sentry/core/build/types-ts3.8/tracing/dynamicSamplingContext.d.ts,CLEAN,server/src/blockchain/node_modules/@sentry/core/build/types-ts3.8/tracing/dynamicSamplingContext.d.ts:1,3.3,31 lines read
server/src/blockchain/node_modules/@sentry/core/build/types-ts3.8/tracing/errors.d.ts,CLEAN,server/src/blockchain/node_modules/@sentry/core/build/types-ts3.8/tracing/errors.d.ts:1,3.3,7 lines read
server/src/blockchain/node_modules/@sentry/core/build/types-ts3.8/tracing/idleSpan.d.ts,CLEAN,server/src/blockchain/node_modules/@sentry/core/build/types-ts3.8/tracing/idleSpan.d.ts:1,3.3,43 lines read
server/src/blockchain/node_modules/@sentry/core/build/types-ts3.8/tracing/index.d.ts,CLEAN,server/src/blockchain/node_modules/@sentry/core/build/types-ts3.8/tracing/index.d.ts:1,3.3,13 lines read
server/src/blockchain/node_modules/@sentry/core/build/types-ts3.8/tracing/logSpans.d.ts,CLEAN,server/src/blockchain/node_modules/@sentry/core/build/types-ts3.8/tracing/logSpans.d.ts:1,3.3,10 lines read
server/src/blockchain/node_modules/@sentry/core/build/types-ts3.8/tracing/measurement.d.ts,CLEAN,server/src/blockchain/node_modules/@sentry/core/build/types-ts3.8/tracing/measurement.d.ts:1,3.3,12 lines read
server/src/blockchain/node_modules/@sentry/core/build/types-ts3.8/tracing/sampling.d.ts,CLEAN,server/src/blockchain/node_modules/@sentry/core/build/types-ts3.8/tracing/sampling.d.ts:1,3.3,14 lines read
server/src/blockchain/node_modules/@sentry/core/build/types-ts3.8/tracing/sentryNonRecordingSpan.d.ts,CLEAN,server/src/blockchain/node_modules/@sentry/core/build/types-ts3.8/tracing/sentryNonRecordingSpan.d.ts:1,3.3,39 lines read
server/src/blockchain/node_modules/@sentry/core/build/types-ts3.8/tracing/sentrySpan.d.ts,CLEAN,server/src/blockchain/node_modules/@sentry/core/build/types-ts3.8/tracing/sentrySpan.d.ts:1,3.3,102 lines read
server/src/blockchain/node_modules/@sentry/core/build/types-ts3.8/tracing/spanstatus.d.ts,CLEAN,server/src/blockchain/node_modules/@sentry/core/build/types-ts3.8/tracing/spanstatus.d.ts:1,3.3,18 lines read
server/src/blockchain/node_modules/@sentry/core/build/types-ts3.8/tracing/trace.d.ts,CLEAN,server/src/blockchain/node_modules/@sentry/core/build/types-ts3.8/tracing/trace.d.ts:1,3.3,78 lines read
server/src/blockchain/node_modules/@sentry/core/build/types-ts3.8/tracing/utils.d.ts,CLEAN,server/src/blockchain/node_modules/@sentry/core/build/types-ts3.8/tracing/utils.d.ts:1,3.3,12 lines read
server/src/blockchain/node_modules/@sentry/core/build/types-ts3.8/transports/base.d.ts,CLEAN,server/src/blockchain/node_modules/@sentry/core/build/types-ts3.8/transports/base.d.ts:1,3.3,11 lines read
server/src/blockchain/node_modules/@sentry/core/build/types-ts3.8/transports/multiplexed.d.ts,CLEAN,server/src/blockchain/node_modules/@sentry/core/build/types-ts3.8/transports/multiplexed.d.ts:1,3.3,32 lines read
server/src/blockchain/node_modules/@sentry/core/build/types-ts3.8/transports/offline.d.ts,CLEAN,server/src/blockchain/node_modules/@sentry/core/build/types-ts3.8/transports/offline.d.ts:1,3.3,49 lines read
server/src/blockchain/node_modules/@sentry/core/build/types-ts3.8/trpc.d.ts,CLEAN,server/src/blockchain/node_modules/@sentry/core/build/types-ts3.8/trpc.d.ts:1,3.3,19 lines read
server/src/blockchain/node_modules/@sentry/core/build/types-ts3.8/types-hoist/attachment.d.ts,CLEAN,server/src/blockchain/node_modules/@sentry/core/build/types-ts3.8/types-hoist/attachment.d.ts:1,3.3,29 lines read
server/src/blockchain/node_modules/@sentry/core/build/types-ts3.8/types-hoist/breadcrumb.d.ts,CLEAN,server/src/blockchain/node_modules/@sentry/core/build/types-ts3.8/types-hoist/breadcrumb.d.ts:1,3.3,96 lines read
server/src/blockchain/node_modules/@sentry/core/build/types-ts3.8/types-hoist/browseroptions.d.ts,CLEAN,server/src/blockchain/node_modules/@sentry/core/build/types-ts3.8/types-hoist/browseroptions.d.ts:1,3.3,25 lines read
server/src/blockchain/node_modules/@sentry/core/build/types-ts3.8/types-hoist/checkin.d.ts,CLEAN,server/src/blockchain/node_modules/@sentry/core/build/types-ts3.8/types-hoist/checkin.d.ts:1,3.3,100 lines read
server/src/blockchain/node_modules/@sentry/core/build/types-ts3.8/types-hoist/clientreport.d.ts,CLEAN,server/src/blockchain/node_modules/@sentry/core/build/types-ts3.8/types-hoist/clientreport.d.ts:1,3.3,12 lines read
server/src/blockchain/node_modules/@sentry/core/build/types-ts3.8/types-hoist/context.d.ts,CLEAN,server/src/blockchain/node_modules/@sentry/core/build/types-ts3.8/types-hoist/context.d.ts:1,3.3,132 lines read
server/src/blockchain/node_modules/@sentry/core/build/types-ts3.8/types-hoist/csp.d.ts,CLEAN,server/src/blockchain/node_modules/@sentry/core/build/types-ts3.8/types-hoist/csp.d.ts:1,3.3,16 lines read
server/src/blockchain/node_modules/@sentry/core/build/types-ts3.8/types-hoist/datacategory.d.ts,CLEAN,server/src/blockchain/node_modules/@sentry/core/build/types-ts3.8/types-hoist/datacategory.d.ts:1,3.3,2 lines read
server/src/blockchain/node_modules/@sentry/core/build/types-ts3.8/types-hoist/debugMeta.d.ts,CLEAN,server/src/blockchain/node_modules/@sentry/core/build/types-ts3.8/types-hoist/debugMeta.d.ts:1,3.3,28 lines read
server/src/blockchain/node_modules/@sentry/core/build/types-ts3.8/types-hoist/dsn.d.ts,CLEAN,server/src/blockchain/node_modules/@sentry/core/build/types-ts3.8/types-hoist/dsn.d.ts:1,3.3,22 lines read
server/src/blockchain/node_modules/@sentry/core/build/types-ts3.8/types-hoist/envelope.d.ts,CLEAN,server/src/blockchain/node_modules/@sentry/core/build/types-ts3.8/types-hoist/envelope.d.ts:1,3.3,154 lines read
server/src/blockchain/node_modules/@sentry/core/build/types-ts3.8/types-hoist/error.d.ts,CLEAN,server/src/blockchain/node_modules/@sentry/core/build/types-ts3.8/types-hoist/error.d.ts:1,3.3,7 lines read
server/src/blockchain/node_modules/@sentry/core/build/types-ts3.8/types-hoist/event.d.ts,CLEAN,server/src/blockchain/node_modules/@sentry/core/build/types-ts3.8/types-hoist/event.d.ts:1,3.3,87 lines read
server/src/blockchain/node_modules/@sentry/core/build/types-ts3.8/types-hoist/eventprocessor.d.ts,CLEAN,server/src/blockchain/node_modules/@sentry/core/build/types-ts3.8/types-hoist/eventprocessor.d.ts:1,3.3,12 lines read
server/src/blockchain/node_modules/@sentry/core/build/types-ts3.8/types-hoist/exception.d.ts,CLEAN,server/src/blockchain/node_modules/@sentry/core/build/types-ts3.8/types-hoist/exception.d.ts:1,3.3,12 lines read
server/src/blockchain/node_modules/@sentry/core/build/types-ts3.8/types-hoist/extra.d.ts,CLEAN,server/src/blockchain/node_modules/@sentry/core/build/types-ts3.8/types-hoist/extra.d.ts:1,3.3,3 lines read
server/src/blockchain/node_modules/@sentry/core/build/types-ts3.8/types-hoist/feedback/config.d.ts,CLEAN,server/src/blockchain/node_modules/@sentry/core/build/types-ts3.8/types-hoist/feedback/config.d.ts:1,3.3,178 lines read
server/src/blockchain/node_modules/@sentry/core/build/types-ts3.8/types-hoist/feedback/form.d.ts,CLEAN,server/src/blockchain/node_modules/@sentry/core/build/types-ts3.8/types-hoist/feedback/form.d.ts:1,3.3,8 lines read
server/src/blockchain/node_modules/@sentry/core/build/types-ts3.8/types-hoist/feedback/index.d.ts,CLEAN,server/src/blockchain/node_modules/@sentry/core/build/types-ts3.8/types-hoist/feedback/index.d.ts:1,3.3,71 lines read
server/src/blockchain/node_modules/@sentry/core/build/types-ts3.8/types-hoist/feedback/sendFeedback.d.ts,CLEAN,server/src/blockchain/node_modules/@sentry/core/build/types-ts3.8/types-hoist/feedback/sendFeedback.d.ts:1,3.3,50 lines read
server/src/blockchain/node_modules/@sentry/core/build/types-ts3.8/types-hoist/feedback/theme.d.ts,CLEAN,server/src/blockchain/node_modules/@sentry/core/build/types-ts3.8/types-hoist/feedback/theme.d.ts:1,3.3,35 lines read
server/src/blockchain/node_modules/@sentry/core/build/types-ts3.8/types-hoist/instrument.d.ts,CLEAN,server/src/blockchain/node_modules/@sentry/core/build/types-ts3.8/types-hoist/instrument.d.ts:1,3.3,76 lines read
server/src/blockchain/node_modules/@sentry/core/build/types-ts3.8/types-hoist/integration.d.ts,CLEAN,server/src/blockchain/node_modules/@sentry/core/build/types-ts3.8/types-hoist/integration.d.ts:1,3.3,44 lines read
server/src/blockchain/node_modules/@sentry/core/build/types-ts3.8/types-hoist/link.d.ts,CLEAN,server/src/blockchain/node_modules/@sentry/core/build/types-ts3.8/types-hoist/link.d.ts:1,3.3,29 lines read
server/src/blockchain/node_modules/@sentry/core/build/types-ts3.8/types-hoist/log.d.ts,CLEAN,server/src/blockchain/node_modules/@sentry/core/build/types-ts3.8/types-hoist/log.d.ts:1,3.3,69 lines read
server/src/blockchain/node_modules/@sentry/core/build/types-ts3.8/types-hoist/measurement.d.ts,CLEAN,server/src/blockchain/node_modules/@sentry/core/build/types-ts3.8/types-hoist/measurement.d.ts:1,3.3,24 lines read
server/src/blockchain/node_modules/@sentry/core/build/types-ts3.8/types-hoist/mechanism.d.ts,CLEAN,server/src/blockchain/node_modules/@sentry/core/build/types-ts3.8/types-hoist/mechanism.d.ts:1,3.3,51 lines read
server/src/blockchain/node_modules/@sentry/core/build/types-ts3.8/types-hoist/misc.d.ts,CLEAN,server/src/blockchain/node_modules/@sentry/core/build/types-ts3.8/types-hoist/misc.d.ts:1,3.3,53 lines read
server/src/blockchain/node_modules/@sentry/core/build/types-ts3.8/types-hoist/opentelemetry.d.ts,CLEAN,server/src/blockchain/node_modules/@sentry/core/build/types-ts3.8/types-hoist/opentelemetry.d.ts:1,3.3,17 lines read
server/src/blockchain/node_modules/@sentry/core/build/types-ts3.8/types-hoist/options.d.ts,CLEAN,server/src/blockchain/node_modules/@sentry/core/build/types-ts3.8/types-hoist/options.d.ts:1,3.3,407 lines read
server/src/blockchain/node_modules/@sentry/core/build/types-ts3.8/types-hoist/package.d.ts,CLEAN,server/src/blockchain/node_modules/@sentry/core/build/types-ts3.8/types-hoist/package.d.ts:1,3.3,8 lines read
server/src/blockchain/node_modules/@sentry/core/build/types-ts3.8/types-hoist/parameterize.d.ts,CLEAN,server/src/blockchain/node_modules/@sentry/core/build/types-ts3.8/types-hoist/parameterize.d.ts:1,3.3,5 lines read
server/src/blockchain/node_modules/@sentry/core/build/types-ts3.8/types-hoist/polymorphics.d.ts,CLEAN,server/src/blockchain/node_modules/@sentry/core/build/types-ts3.8/types-hoist/polymorphics.d.ts:1,3.3,71 lines read
server/src/blockchain/node_modules/@sentry/core/build/types-ts3.8/types-hoist/profiling.d.ts,CLEAN,server/src/blockchain/node_modules/@sentry/core/build/types-ts3.8/types-hoist/profiling.d.ts:1,3.3,149 lines read
server/src/blockchain/node_modules/@sentry/core/build/types-ts3.8/types-hoist/replay.d.ts,CLEAN,server/src/blockchain/node_modules/@sentry/core/build/types-ts3.8/types-hoist/replay.d.ts:1,3.3,25 lines read
server/src/blockchain/node_modules/@sentry/core/build/types-ts3.8/types-hoist/request.d.ts,CLEAN,server/src/blockchain/node_modules/@sentry/core/build/types-ts3.8/types-hoist/request.d.ts:1,3.3,32 lines read
server/src/blockchain/node_modules/@sentry/core/build/types-ts3.8/types-hoist/runtime.d.ts,CLEAN,server/src/blockchain/node_modules/@sentry/core/build/types-ts3.8/types-hoist/runtime.d.ts:1,3.3,6 lines read
server/src/blockchain/node_modules/@sentry/core/build/types-ts3.8/types-hoist/samplingcontext.d.ts,CLEAN,server/src/blockchain/node_modules/@sentry/core/build/types-ts3.8/types-hoist/samplingcontext.d.ts:1,3.3,45 lines read
server/src/blockchain/node_modules/@sentry/core/build/types-ts3.8/types-hoist/sdkinfo.d.ts,CLEAN,server/src/blockchain/node_modules/@sentry/core/build/types-ts3.8/types-hoist/sdkinfo.d.ts:1,3.3,8 lines read
server/src/blockchain/node_modules/@sentry/core/build/types-ts3.8/types-hoist/sdkmetadata.d.ts,CLEAN,server/src/blockchain/node_modules/@sentry/core/build/types-ts3.8/types-hoist/sdkmetadata.d.ts:1,3.3,5 lines read
server/src/blockchain/node_modules/@sentry/core/build/types-ts3.8/types-hoist/session.d.ts,CLEAN,server/src/blockchain/node_modules/@sentry/core/build/types-ts3.8/types-hoist/session.d.ts:1,3.3,65 lines read
server/src/blockchain/node_modules/@sentry/core/build/types-ts3.8/types-hoist/severity.d.ts,CLEAN,server/src/blockchain/node_modules/@sentry/core/build/types-ts3.8/types-hoist/severity.d.ts:1,3.3,2 lines read
server/src/blockchain/node_modules/@sentry/core/build/types-ts3.8/types-hoist/span.d.ts,CLEAN,server/src/blockchain/node_modules/@sentry/core/build/types-ts3.8/types-hoist/span.d.ts:1,3.3,235 lines read
server/src/blockchain/node_modules/@sentry/core/build/types-ts3.8/types-hoist/spanStatus.d.ts,CLEAN,server/src/blockchain/node_modules/@sentry/core/build/types-ts3.8/types-hoist/spanStatus.d.ts:1,3.3,59 lines read
server/src/blockchain/node_modules/@sentry/core/build/types-ts3.8/types-hoist/stackframe.d.ts,CLEAN,server/src/blockchain/node_modules/@sentry/core/build/types-ts3.8/types-hoist/stackframe.d.ts:1,3.3,22 lines read
server/src/blockchain/node_modules/@sentry/core/build/types-ts3.8/types-hoist/stacktrace.d.ts,CLEAN,server/src/blockchain/node_modules/@sentry/core/build/types-ts3.8/types-hoist/stacktrace.d.ts:1,3.3,16 lines read
server/src/blockchain/node_modules/@sentry/core/build/types-ts3.8/types-hoist/startSpanOptions.d.ts,CLEAN,server/src/blockchain/node_modules/@sentry/core/build/types-ts3.8/types-hoist/startSpanOptions.d.ts:1,3.3,62 lines read
server/src/blockchain/node_modules/@sentry/core/build/types-ts3.8/types-hoist/thread.d.ts,CLEAN,server/src/blockchain/node_modules/@sentry/core/build/types-ts3.8/types-hoist/thread.d.ts:1,3.3,11 lines read
server/src/blockchain/node_modules/@sentry/core/build/types-ts3.8/types-hoist/timedEvent.d.ts,CLEAN,server/src/blockchain/node_modules/@sentry/core/build/types-ts3.8/types-hoist/timedEvent.d.ts:1,3.3,7 lines read
server/src/blockchain/node_modules/@sentry/core/build/types-ts3.8/types-hoist/tracing.d.ts,CLEAN,server/src/blockchain/node_modules/@sentry/core/build/types-ts3.8/types-hoist/tracing.d.ts:1,3.3,55 lines read
server/src/blockchain/node_modules/@sentry/core/build/types-ts3.8/types-hoist/transaction.d.ts,CLEAN,server/src/blockchain/node_modules/@sentry/core/build/types-ts3.8/types-hoist/transaction.d.ts:1,3.3,35 lines read
server/src/blockchain/node_modules/@sentry/core/build/types-ts3.8/types-hoist/transport.d.ts,CLEAN,server/src/blockchain/node_modules/@sentry/core/build/types-ts3.8/types-hoist/transport.d.ts:1,3.3,32 lines read
server/src/blockchain/node_modules/@sentry/core/build/types-ts3.8/types-hoist/user.d.ts,CLEAN,server/src/blockchain/node_modules/@sentry/core/build/types-ts3.8/types-hoist/user.d.ts:1,3.3,17 lines read
server/src/blockchain/node_modules/@sentry/core/build/types-ts3.8/types-hoist/view-hierarchy.d.ts,CLEAN,server/src/blockchain/node_modules/@sentry/core/build/types-ts3.8/types-hoist/view-hierarchy.d.ts:1,3.3,18 lines read
server/src/blockchain/node_modules/@sentry/core/build/types-ts3.8/types-hoist/webfetchapi.d.ts,CLEAN,server/src/blockchain/node_modules/@sentry/core/build/types-ts3.8/types-hoist/webfetchapi.d.ts:1,3.3,15 lines read
server/src/blockchain/node_modules/@sentry/core/build/types-ts3.8/types-hoist/wrappedfunction.d.ts,CLEAN,server/src/blockchain/node_modules/@sentry/core/build/types-ts3.8/types-hoist/wrappedfunction.d.ts:1,3.3,8 lines read
server/src/blockchain/node_modules/@sentry/core/build/types-ts3.8/utils/aggregate-errors.d.ts,CLEAN,server/src/blockchain/node_modules/@sentry/core/build/types-ts3.8/utils/aggregate-errors.d.ts:1,3.3,8 lines read
server/src/blockchain/node_modules/@sentry/core/build/types-ts3.8/utils/anr.d.ts,CLEAN,server/src/blockchain/node_modules/@sentry/core/build/types-ts3.8/utils/anr.d.ts:1,3.3,35 lines read
server/src/blockchain/node_modules/@sentry/core/build/types-ts3.8/utils/applyScopeDataToEvent.d.ts,CLEAN,server/src/blockchain/node_modules/@sentry/core/build/types-ts3.8/utils/applyScopeDataToEvent.d.ts:1,3.3,16 lines read
server/src/blockchain/node_modules/@sentry/core/build/types-ts3.8/utils/baggage.d.ts,CLEAN,server/src/blockchain/node_modules/@sentry/core/build/types-ts3.8/utils/baggage.d.ts:1,3.3,40 lines read
server/src/blockchain/node_modules/@sentry/core/build/types-ts3.8/utils/breadcrumb-log-level.d.ts,CLEAN,server/src/blockchain/node_modules/@sentry/core/build/types-ts3.8/utils/breadcrumb-log-level.d.ts:1,3.3,6 lines read
server/src/blockchain/node_modules/@sentry/core/build/types-ts3.8/utils/browser.d.ts,CLEAN,server/src/blockchain/node_modules/@sentry/core/build/types-ts3.8/utils/browser.d.ts:1,3.3,23 lines read
server/src/blockchain/node_modules/@sentry/core/build/types-ts3.8/utils/clientreport.d.ts,CLEAN,server/src/blockchain/node_modules/@sentry/core/build/types-ts3.8/utils/clientreport.d.ts:1,3.3,9 lines read
server/src/blockchain/node_modules/@sentry/core/build/types-ts3.8/utils/cookie.d.ts,CLEAN,server/src/blockchain/node_modules/@sentry/core/build/types-ts3.8/utils/cookie.d.ts:1,3.3,34 lines read
server/src/blockchain/node_modules/@sentry/core/build/types-ts3.8/utils/debounce.d.ts,CLEAN,server/src/blockchain/node_modules/@sentry/core/build/types-ts3.8/utils/debounce.d.ts:1,3.3,33 lines read
server/src/blockchain/node_modules/@sentry/core/build/types-ts3.8/utils/debug-ids.d.ts,CLEAN,server/src/blockchain/node_modules/@sentry/core/build/types-ts3.8/utils/debug-ids.d.ts:1,3.3,11 lines read
server/src/blockchain/node_modules/@sentry/core/build/types-ts3.8/utils/debug-logger.d.ts,CLEAN,server/src/blockchain/node_modules/@sentry/core/build/types-ts3.8/utils/debug-logger.d.ts:1,3.3,101 lines read
server/src/blockchain/node_modules/@sentry/core/build/types-ts3.8/utils/dsn.d.ts,CLEAN,server/src/blockchain/node_modules/@sentry/core/build/types-ts3.8/utils/dsn.d.ts:1,3.3,31 lines read
server/src/blockchain/node_modules/@sentry/core/build/types-ts3.8/utils/env.d.ts,CLEAN,server/src/blockchain/node_modules/@sentry/core/build/types-ts3.8/utils/env.d.ts:1,3.3,12 lines read
server/src/blockchain/node_modules/@sentry/core/build/types-ts3.8/utils/envelope.d.ts,CLEAN,server/src/blockchain/node_modules/@sentry/core/build/types-ts3.8/utils/envelope.d.ts:1,3.3,59 lines read
server/src/blockchain/node_modules/@sentry/core/build/types-ts3.8/utils/error.d.ts,CLEAN,server/src/blockchain/node_modules/@sentry/core/build/types-ts3.8/utils/error.d.ts:1,3.3,11 lines read
server/src/blockchain/node_modules/@sentry/core/build/types-ts3.8/utils/eventUtils.d.ts,CLEAN,server/src/blockchain/node_modules/@sentry/core/build/types-ts3.8/utils/eventUtils.d.ts:1,3.3,6 lines read
server/src/blockchain/node_modules/@sentry/core/build/types-ts3.8/utils/eventbuilder.d.ts,CLEAN,server/src/blockchain/node_modules/@sentry/core/build/types-ts3.8/utils/eventbuilder.d.ts:1,3.3,26 lines read
server/src/blockchain/node_modules/@sentry/core/build/types-ts3.8/utils/featureFlags.d.ts,CLEAN,server/src/blockchain/node_modules/@sentry/core/build/types-ts3.8/utils/featureFlags.d.ts:1,3.3,58 lines read
server/src/blockchain/node_modules/@sentry/core/build/types-ts3.8/utils/flushIfServerless.d.ts,CLEAN,server/src/blockchain/node_modules/@sentry/core/build/types-ts3.8/utils/flushIfServerless.d.ts:1,3.3,28 lines read
server/src/blockchain/node_modules/@sentry/core/build/types-ts3.8/utils/gen-ai-attributes.d.ts,CLEAN,server/src/blockchain/node_modules/@sentry/core/build/types-ts3.8/utils/gen-ai-attributes.d.ts:1,3.3,112 lines read
server/src/blockchain/node_modules/@sentry/core/build/types-ts3.8/utils/handleCallbackErrors.d.ts,CLEAN,server/src/blockchain/node_modules/@sentry/core/build/types-ts3.8/utils/handleCallbackErrors.d.ts:1,3.3,13 lines read
server/src/blockchain/node_modules/@sentry/core/build/types-ts3.8/utils/hasSpansEnabled.d.ts,CLEAN,server/src/blockchain/node_modules/@sentry/core/build/types-ts3.8/utils/hasSpansEnabled.d.ts:1,3.3,25 lines read
server/src/blockchain/node_modules/@sentry/core/build/types-ts3.8/utils/ipAddress.d.ts,CLEAN,server/src/blockchain/node_modules/@sentry/core/build/types-ts3.8/utils/ipAddress.d.ts:1,3.3,13 lines read
server/src/blockchain/node_modules/@sentry/core/build/types-ts3.8/utils/is.d.ts,CLEAN,server/src/blockchain/node_modules/@sentry/core/build/types-ts3.8/utils/is.d.ts:1,3.3,127 lines read
server/src/blockchain/node_modules/@sentry/core/build/types-ts3.8/utils/isBrowser.d.ts,CLEAN,server/src/blockchain/node_modules/@sentry/core/build/types-ts3.8/utils/isBrowser.d.ts:1,3.3,5 lines read
server/src/blockchain/node_modules/@sentry/core/build/types-ts3.8/utils/isSentryRequestUrl.d.ts,CLEAN,server/src/blockchain/node_modules/@sentry/core/build/types-ts3.8/utils/isSentryRequestUrl.d.ts:1,3.3,8 lines read
server/src/blockchain/node_modules/@sentry/core/build/types-ts3.8/utils/lru.d.ts,CLEAN,server/src/blockchain/node_modules/@sentry/core/build/types-ts3.8/utils/lru.d.ts:1,3.3,21 lines read
server/src/blockchain/node_modules/@sentry/core/build/types-ts3.8/utils/merge.d.ts,CLEAN,server/src/blockchain/node_modules/@sentry/core/build/types-ts3.8/utils/merge.d.ts:1,3.3,9 lines read
server/src/blockchain/node_modules/@sentry/core/build/types-ts3.8/utils/meta.d.ts,CLEAN,server/src/blockchain/node_modules/@sentry/core/build/types-ts3.8/utils/meta.d.ts:1,3.3,24 lines read
server/src/blockchain/node_modules/@sentry/core/build/types-ts3.8/utils/misc.d.ts,CLEAN,server/src/blockchain/node_modules/@sentry/core/build/types-ts3.8/utils/misc.d.ts:1,3.3,81 lines read
server/src/blockchain/node_modules/@sentry/core/build/types-ts3.8/utils/node-stack-trace.d.ts,CLEAN,server/src/blockchain/node_modules/@sentry/core/build/types-ts3.8/utils/node-stack-trace.d.ts:1,3.3,16 lines read
server/src/blockchain/node_modules/@sentry/core/build/types-ts3.8/utils/node.d.ts,CLEAN,server/src/blockchain/node_modules/@sentry/core/build/types-ts3.8/utils/node.d.ts:1,3.3,26 lines read
server/src/blockchain/node_modules/@sentry/core/build/types-ts3.8/utils/normalize.d.ts,CLEAN,server/src/blockchain/node_modules/@sentry/core/build/types-ts3.8/utils/normalize.d.ts:1,3.3,34 lines read
server/src/blockchain/node_modules/@sentry/core/build/types-ts3.8/utils/object.d.ts,CLEAN,server/src/blockchain/node_modules/@sentry/core/build/types-ts3.8/utils/object.d.ts:1,3.3,87 lines read
server/src/blockchain/node_modules/@sentry/core/build/types-ts3.8/utils/openai/constants.d.ts,CLEAN,server/src/blockchain/node_modules/@sentry/core/build/types-ts3.8/utils/openai/constants.d.ts:1,3.3,6 lines read
server/src/blockchain/node_modules/@sentry/core/build/types-ts3.8/utils/openai/index.d.ts,CLEAN,server/src/blockchain/node_modules/@sentry/core/build/types-ts3.8/utils/openai/index.d.ts:1,3.3,7 lines read
server/src/blockchain/node_modules/@sentry/core/build/types-ts3.8/utils/openai/types.d.ts,CLEAN,server/src/blockchain/node_modules/@sentry/core/build/types-ts3.8/utils/openai/types.d.ts:1,3.3,130 lines read
server/src/blockchain/node_modules/@sentry/core/build/types-ts3.8/utils/openai/utils.d.ts,CLEAN,server/src/blockchain/node_modules/@sentry/core/build/types-ts3.8/utils/openai/utils.d.ts:1,3.3,27 lines read
server/src/blockchain/node_modules/@sentry/core/build/types-ts3.8/utils/parameterize.d.ts,CLEAN,server/src/blockchain/node_modules/@sentry/core/build/types-ts3.8/utils/parameterize.d.ts:1,3.3,22 lines read
server/src/blockchain/node_modules/@sentry/core/build/types-ts3.8/utils/parseSampleRate.d.ts,CLEAN,server/src/blockchain/node_modules/@sentry/core/build/types-ts3.8/utils/parseSampleRate.d.ts:1,3.3,9 lines read
server/src/blockchain/node_modules/@sentry/core/build/types-ts3.8/utils/path.d.ts,CLEAN,server/src/blockchain/node_modules/@sentry/core/build/types-ts3.8/utils/path.d.ts:1,3.3,15 lines read
server/src/blockchain/node_modules/@sentry/core/build/types-ts3.8/utils/prepareEvent.d.ts,CLEAN,server/src/blockchain/node_modules/@sentry/core/build/types-ts3.8/utils/prepareEvent.d.ts:1,3.3,56 lines read
server/src/blockchain/node_modules/@sentry/core/build/types-ts3.8/utils/promisebuffer.d.ts,CLEAN,server/src/blockchain/node_modules/@sentry/core/build/types-ts3.8/utils/promisebuffer.d.ts:1,3.3,12 lines read
server/src/blockchain/node_modules/@sentry/core/build/types-ts3.8/utils/propagationContext.d.ts,CLEAN,server/src/blockchain/node_modules/@sentry/core/build/types-ts3.8/utils/propagationContext.d.ts:1,3.3,9 lines read
server/src/blockchain/node_modules/@sentry/core/build/types-ts3.8/utils/ratelimit.d.ts,CLEAN,server/src/blockchain/node_modules/@sentry/core/build/types-ts3.8/utils/ratelimit.d.ts:1,3.3,30 lines read
server/src/blockchain/node_modules/@sentry/core/build/types-ts3.8/utils/request.d.ts,CLEAN,server/src/blockchain/node_modules/@sentry/core/build/types-ts3.8/utils/request.d.ts:1,3.3,35 lines read
server/src/blockchain/node_modules/@sentry/core/build/types-ts3.8/utils/sdkMetadata.d.ts,CLEAN,server/src/blockchain/node_modules/@sentry/core/build/types-ts3.8/utils/sdkMetadata.d.ts:1,3.3,16 lines read
server/src/blockchain/node_modules/@sentry/core/build/types-ts3.8/utils/severity.d.ts,CLEAN,server/src/blockchain/node_modules/@sentry/core/build/types-ts3.8/utils/severity.d.ts:1,3.3,9 lines read
server/src/blockchain/node_modules/@sentry/core/build/types-ts3.8/utils/spanOnScope.d.ts,CLEAN,server/src/blockchain/node_modules/@sentry/core/build/types-ts3.8/utils/spanOnScope.d.ts:1,3.3,18 lines read
server/src/blockchain/node_modules/@sentry/core/build/types-ts3.8/utils/spanUtils.d.ts,CLEAN,server/src/blockchain/node_modules/@sentry/core/build/types-ts3.8/utils/spanUtils.d.ts:1,3.3,100 lines read
server/src/blockchain/node_modules/@sentry/core/build/types-ts3.8/utils/stacktrace.d.ts,CLEAN,server/src/blockchain/node_modules/@sentry/core/build/types-ts3.8/utils/stacktrace.d.ts:1,3.3,35 lines read
server/src/blockchain/node_modules/@sentry/core/build/types-ts3.8/utils/string.d.ts,CLEAN,server/src/blockchain/node_modules/@sentry/core/build/types-ts3.8/utils/string.d.ts:1,3.3,46 lines read
server/src/blockchain/node_modules/@sentry/core/build/types-ts3.8/utils/supports.d.ts,CLEAN,server/src/blockchain/node_modules/@sentry/core/build/types-ts3.8/utils/supports.d.ts:1,3.3,65 lines read
server/src/blockchain/node_modules/@sentry/core/build/types-ts3.8/utils/syncpromise.d.ts,CLEAN,server/src/blockchain/node_modules/@sentry/core/build/types-ts3.8/utils/syncpromise.d.ts:1,3.3,32 lines read
server/src/blockchain/node_modules/@sentry/core/build/types-ts3.8/utils/time.d.ts,CLEAN,server/src/blockchain/node_modules/@sentry/core/build/types-ts3.8/utils/time.d.ts:1,3.3,20 lines read
server/src/blockchain/node_modules/@sentry/core/build/types-ts3.8/utils/traceData.d.ts,CLEAN,server/src/blockchain/node_modules/@sentry/core/build/types-ts3.8/utils/traceData.d.ts:1,3.3,21 lines read
server/src/blockchain/node_modules/@sentry/core/build/types-ts3.8/utils/tracing.d.ts,CLEAN,server/src/blockchain/node_modules/@sentry/core/build/types-ts3.8/utils/tracing.d.ts:1,3.3,21 lines read
server/src/blockchain/node_modules/@sentry/core/build/types-ts3.8/utils/transactionEvent.d.ts,CLEAN,server/src/blockchain/node_modules/@sentry/core/build/types-ts3.8/utils/transactionEvent.d.ts:1,3.3,11 lines read
server/src/blockchain/node_modules/@sentry/core/build/types-ts3.8/utils/url.d.ts,CLEAN,server/src/blockchain/node_modules/@sentry/core/build/types-ts3.8/utils/url.d.ts:1,3.3,78 lines read
server/src/blockchain/node_modules/@sentry/core/build/types-ts3.8/utils/vercel-ai-attributes.d.ts,CLEAN,server/src/blockchain/node_modules/@sentry/core/build/types-ts3.8/utils/vercel-ai-attributes.d.ts:1,3.3,882 lines read
server/src/blockchain/node_modules/@sentry/core/build/types-ts3.8/utils/vercel-ai.d.ts,CLEAN,server/src/blockchain/node_modules/@sentry/core/build/types-ts3.8/utils/vercel-ai.d.ts:1,3.3,6 lines read
server/src/blockchain/node_modules/@sentry/core/build/types-ts3.8/utils/vercelWaitUntil.d.ts,CLEAN,server/src/blockchain/node_modules/@sentry/core/build/types-ts3.8/utils/vercelWaitUntil.d.ts:1,3.3,7 lines read
server/src/blockchain/node_modules/@sentry/core/build/types-ts3.8/utils/version.d.ts,CLEAN,server/src/blockchain/node_modules/@sentry/core/build/types-ts3.8/utils/version.d.ts:1,3.3,2 lines read
server/src/blockchain/node_modules/@sentry/core/build/types-ts3.8/utils/worldwide.d.ts,CLEAN,server/src/blockchain/node_modules/@sentry/core/build/types-ts3.8/utils/worldwide.d.ts:1,3.3,53 lines read
server/src/blockchain/node_modules/@sentry/core/build/types-ts3.8/vendor/escapeStringForRegex.d.ts,CLEAN,server/src/blockchain/node_modules/@sentry/core/build/types-ts3.8/vendor/escapeStringForRegex.d.ts:1,3.3,9 lines read
server/src/blockchain/node_modules/@sentry/core/build/types-ts3.8/vendor/getIpAddress.d.ts,CLEAN,server/src/blockchain/node_modules/@sentry/core/build/types-ts3.8/vendor/getIpAddress.d.ts:1,3.3,17 lines read
server/src/blockchain/node_modules/@sentry/core/build/types/api.d.ts,CLEAN,server/src/blockchain/node_modules/@sentry/core/build/types/api.d.ts:1,3.3,12 lines read
server/src/blockchain/node_modules/@sentry/core/build/types/asyncContext/index.d.ts,CLEAN,server/src/blockchain/node_modules/@sentry/core/build/types/asyncContext/index.d.ts:1,3.3,14 lines read
server/src/blockchain/node_modules/@sentry/core/build/types/asyncContext/stackStrategy.d.ts,CLEAN,server/src/blockchain/node_modules/@sentry/core/build/types/asyncContext/stackStrategy.d.ts:1,3.3,49 lines read
server/src/blockchain/node_modules/@sentry/core/build/types/asyncContext/types.d.ts,CLEAN,server/src/blockchain/node_modules/@sentry/core/build/types/asyncContext/types.d.ts:1,3.3,56 lines read
server/src/blockchain/node_modules/@sentry/core/build/types/breadcrumbs.d.ts,CLEAN,server/src/blockchain/node_modules/@sentry/core/build/types/breadcrumbs.d.ts:1,3.3,9 lines read
server/src/blockchain/node_modules/@sentry/core/build/types/carrier.d.ts,CLEAN,server/src/blockchain/node_modules/@sentry/core/build/types/carrier.d.ts:1,3.3,61 lines read
server/src/blockchain/node_modules/@sentry/core/build/types/checkin.d.ts,CLEAN,server/src/blockchain/node_modules/@sentry/core/build/types/checkin.d.ts:1,3.3,9 lines read
server/src/blockchain/node_modules/@sentry/core/build/types/client.d.ts,CLEAN,server/src/blockchain/node_modules/@sentry/core/build/types/client.d.ts:1,3.3,544 lines read
server/src/blockchain/node_modules/@sentry/core/build/types/constants.d.ts,CLEAN,server/src/blockchain/node_modules/@sentry/core/build/types/constants.d.ts:1,3.3,2 lines read
server/src/blockchain/node_modules/@sentry/core/build/types/currentScopes.d.ts,CLEAN,server/src/blockchain/node_modules/@sentry/core/build/types/currentScopes.d.ts:1,3.3,60 lines read
server/src/blockchain/node_modules/@sentry/core/build/types/debug-build.d.ts,CLEAN,server/src/blockchain/node_modules/@sentry/core/build/types/debug-build.d.ts:1,3.3,7 lines read
server/src/blockchain/node_modules/@sentry/core/build/types/defaultScopes.d.ts,CLEAN,server/src/blockchain/node_modules/@sentry/core/build/types/defaultScopes.d.ts:1,3.3,6 lines read
server/src/blockchain/node_modules/@sentry/core/build/types/envelope.d.ts,CLEAN,server/src/blockchain/node_modules/@sentry/core/build/types/envelope.d.ts:1,3.3,25 lines read
server/src/blockchain/node_modules/@sentry/core/build/types/eventProcessors.d.ts,CLEAN,server/src/blockchain/node_modules/@sentry/core/build/types/eventProcessors.d.ts:1,3.3,7 lines read
server/src/blockchain/node_modules/@sentry/core/build/types/exports.d.ts,CLEAN,server/src/blockchain/node_modules/@sentry/core/build/types/exports.d.ts:1,3.3,154 lines read
server/src/blockchain/node_modules/@sentry/core/build/types/feedback.d.ts,CLEAN,server/src/blockchain/node_modules/@sentry/core/build/types/feedback.d.ts:1,3.3,9 lines read
server/src/blockchain/node_modules/@sentry/core/build/types/fetch.d.ts,CLEAN,server/src/blockchain/node_modules/@sentry/core/build/types/fetch.d.ts:1,3.3,28 lines read
server/src/blockchain/node_modules/@sentry/core/build/types/index.d.ts,CLEAN,server/src/blockchain/node_modules/@sentry/core/build/types/index.d.ts:1,3.3,174 lines read
server/src/blockchain/node_modules/@sentry/core/build/types/instrument/console.d.ts,CLEAN,server/src/blockchain/node_modules/@sentry/core/build/types/instrument/console.d.ts:1,3.3,9 lines read
server/src/blockchain/node_modules/@sentry/core/build/types/instrument/fetch.d.ts,CLEAN,server/src/blockchain/node_modules/@sentry/core/build/types/instrument/fetch.d.ts:1,3.3,28 lines read
server/src/blockchain/node_modules/@sentry/core/build/types/instrument/globalError.d.ts,CLEAN,server/src/blockchain/node_modules/@sentry/core/build/types/instrument/globalError.d.ts:1,3.3,9 lines read
server/src/blockchain/node_modules/@sentry/core/build/types/instrument/globalUnhandledRejection.d.ts,CLEAN,server/src/blockchain/node_modules/@sentry/core/build/types/instrument/globalUnhandledRejection.d.ts:1,3.3,9 lines read
server/src/blockchain/node_modules/@sentry/core/build/types/instrument/handlers.d.ts,CLEAN,server/src/blockchain/node_modules/@sentry/core/build/types/instrument/handlers.d.ts:1,3.3,14 lines read
server/src/blockchain/node_modules/@sentry/core/build/types/integration.d.ts,CLEAN,server/src/blockchain/node_modules/@sentry/core/build/types/integration.d.ts:1,3.3,31 lines read
server/src/blockchain/node_modules/@sentry/core/build/types/integrations/captureconsole.d.ts,CLEAN,server/src/blockchain/node_modules/@sentry/core/build/types/integrations/captureconsole.d.ts:1,3.3,16 lines read
server/src/blockchain/node_modules/@sentry/core/build/types/integrations/console.d.ts,CLEAN,server/src/blockchain/node_modules/@sentry/core/build/types/integrations/console.d.ts:1,3.3,28 lines read
server/src/blockchain/node_modules/@sentry/core/build/types/integrations/dedupe.d.ts,CLEAN,server/src/blockchain/node_modules/@sentry/core/build/types/integrations/dedupe.d.ts:1,3.3,8 lines read
server/src/blockchain/node_modules/@sentry/core/build/types/integrations/eventFilters.d.ts,CLEAN,server/src/blockchain/node_modules/@sentry/core/build/types/integrations/eventFilters.d.ts:1,3.3,41 lines read
server/src/blockchain/node_modules/@sentry/core/build/types/integrations/extraerrordata.d.ts,CLEAN,server/src/blockchain/node_modules/@sentry/core/build/types/integrations/extraerrordata.d.ts:1,3.3,15 lines read
server/src/blockchain/node_modules/@sentry/core/build/types/integrations/featureFlags/featureFlagsIntegration.d.ts,CLEAN,server/src/blockchain/node_modules/@sentry/core/build/types/integrations/featureFlags/featureFlagsIntegration.d.ts:1,3.3,30 lines read
server/src/blockchain/node_modules/@sentry/core/build/types/integrations/featureFlags/index.d.ts,CLEAN,server/src/blockchain/node_modules/@sentry/core/build/types/integrations/featureFlags/index.d.ts:1,3.3,2 lines read
server/src/blockchain/node_modules/@sentry/core/build/types/integrations/functiontostring.d.ts,CLEAN,server/src/blockchain/node_modules/@sentry/core/build/types/integrations/functiontostring.d.ts:1,3.3,13 lines read
server/src/blockchain/node_modules/@sentry/core/build/types/integrations/linkederrors.d.ts,CLEAN,server/src/blockchain/node_modules/@sentry/core/build/types/integrations/linkederrors.d.ts:1,3.3,7 lines read
server/src/blockchain/node_modules/@sentry/core/build/types/integrations/mcp-server/attributeExtraction.d.ts,CLEAN,server/src/blockchain/node_modules/@sentry/core/build/types/integrations/mcp-server/attributeExtraction.d.ts:1,3.3,21 lines read
server/src/blockchain/node_modules/@sentry/core/build/types/integrations/mcp-server/attributes.d.ts,CLEAN,server/src/blockchain/node_modules/@sentry/core/build/types/integrations/mcp-server/attributes.d.ts:1,3.3,89 lines read
server/src/blockchain/node_modules/@sentry/core/build/types/integrations/mcp-server/correlation.d.ts,CLEAN,server/src/blockchain/node_modules/@sentry/core/build/types/integrations/mcp-server/correlation.d.ts:1,3.3,31 lines read
server/src/blockchain/node_modules/@sentry/core/build/types/integrations/mcp-server/errorCapture.d.ts,CLEAN,server/src/blockchain/node_modules/@sentry/core/build/types/integrations/mcp-server/errorCapture.d.ts:1,3.3,17 lines read
server/src/blockchain/node_modules/@sentry/core/build/types/integrations/mcp-server/handlers.d.ts,CLEAN,server/src/blockchain/node_modules/@sentry/core/build/types/integrations/mcp-server/handlers.d.ts:1,3.3,28 lines read
server/src/blockchain/node_modules/@sentry/core/build/types/integrations/mcp-server/index.d.ts,CLEAN,server/src/blockchain/node_modules/@sentry/core/build/types/integrations/mcp-server/index.d.ts:1,3.3,25 lines read
server/src/blockchain/node_modules/@sentry/core/build/types/integrations/mcp-server/methodConfig.d.ts,CLEAN,server/src/blockchain/node_modules/@sentry/core/build/types/integrations/mcp-server/methodConfig.d.ts:1,3.3,21 lines read
server/src/blockchain/node_modules/@sentry/core/build/types/integrations/mcp-server/piiFiltering.d.ts,CLEAN,server/src/blockchain/node_modules/@sentry/core/build/types/integrations/mcp-server/piiFiltering.d.ts:1,3.3,15 lines read
server/src/blockchain/node_modules/@sentry/core/build/types/integrations/mcp-server/resultExtraction.d.ts,CLEAN,server/src/blockchain/node_modules/@sentry/core/build/types/integrations/mcp-server/resultExtraction.d.ts:1,3.3,18 lines read
server/src/blockchain/node_modules/@sentry/core/build/types/integrations/mcp-server/sessionExtraction.d.ts,CLEAN,server/src/blockchain/node_modules/@sentry/core/build/types/integrations/mcp-server/sessionExtraction.d.ts:1,3.3,56 lines read
server/src/blockchain/node_modules/@sentry/core/build/types/integrations/mcp-server/sessionManagement.d.ts,CLEAN,server/src/blockchain/node_modules/@sentry/core/build/types/integrations/mcp-server/sessionManagement.d.ts:1,3.3,40 lines read
server/src/blockchain/node_modules/@sentry/core/build/types/integrations/mcp-server/spans.d.ts,CLEAN,server/src/blockchain/node_modules/@sentry/core/build/types/integrations/mcp-server/spans.d.ts:1,3.3,38 lines read
server/src/blockchain/node_modules/@sentry/core/build/types/integrations/mcp-server/transport.d.ts,CLEAN,server/src/blockchain/node_modules/@sentry/core/build/types/integrations/mcp-server/transport.d.ts:1,3.3,32 lines read
server/src/blockchain/node_modules/@sentry/core/build/types/integrations/mcp-server/types.d.ts,CLEAN,server/src/blockchain/node_modules/@sentry/core/build/types/integrations/mcp-server/types.d.ts:1,3.3,159 lines read
server/src/blockchain/node_modules/@sentry/core/build/types/integrations/mcp-server/validation.d.ts,CLEAN,server/src/blockchain/node_modules/@sentry/core/build/types/integrations/mcp-server/validation.d.ts:1,3.3,37 lines read
server/src/blockchain/node_modules/@sentry/core/build/types/integrations/metadata.d.ts,CLEAN,server/src/blockchain/node_modules/@sentry/core/build/types/integrations/metadata.d.ts:1,3.3,11 lines read
server/src/blockchain/node_modules/@sentry/core/build/types/integrations/requestdata.d.ts,CLEAN,server/src/blockchain/node_modules/@sentry/core/build/types/integrations/requestdata.d.ts:1,3.3,21 lines read
server/src/blockchain/node_modules/@sentry/core/build/types/integrations/rewriteframes.d.ts,CLEAN,server/src/blockchain/node_modules/@sentry/core/build/types/integrations/rewriteframes.d.ts:1,3.3,53 lines read
server/src/blockchain/node_modules/@sentry/core/build/types/integrations/supabase.d.ts,CLEAN,server/src/blockchain/node_modules/@sentry/core/build/types/integrations/supabase.d.ts:1,3.3,100 lines read
server/src/blockchain/node_modules/@sentry/core/build/types/integrations/third-party-errors-filter.d.ts,CLEAN,server/src/blockchain/node_modules/@sentry/core/build/types/integrations/third-party-errors-filter.d.ts:1,3.3,29 lines read
server/src/blockchain/node_modules/@sentry/core/build/types/integrations/zoderrors.d.ts,CLEAN,server/src/blockchain/node_modules/@sentry/core/build/types/integrations/zoderrors.d.ts:1,3.3,76 lines read
server/src/blockchain/node_modules/@sentry/core/build/types/logs/console-integration.d.ts,CLEAN,server/src/blockchain/node_modules/@sentry/core/build/types/logs/console-integration.d.ts:1,3.3,27 lines read
server/src/blockchain/node_modules/@sentry/core/build/types/logs/constants.d.ts,CLEAN,server/src/blockchain/node_modules/@sentry/core/build/types/logs/constants.d.ts:1,3.3,8 lines read
server/src/blockchain/node_modules/@sentry/core/build/types/logs/envelope.d.ts,CLEAN,server/src/blockchain/node_modules/@sentry/core/build/types/logs/envelope.d.ts:1,3.3,24 lines read
server/src/blockchain/node_modules/@sentry/core/build/types/logs/exports.d.ts,CLEAN,server/src/blockchain/node_modules/@sentry/core/build/types/logs/exports.d.ts:1,3.3,53 lines read
server/src/blockchain/node_modules/@sentry/core/build/types/metadata.d.ts,CLEAN,server/src/blockchain/node_modules/@sentry/core/build/types/metadata.d.ts:1,3.3,19 lines read
server/src/blockchain/node_modules/@sentry/core/build/types/profiling.d.ts,CLEAN,server/src/blockchain/node_modules/@sentry/core/build/types/profiling.d.ts:1,3.3,3 lines read
server/src/blockchain/node_modules/@sentry/core/build/types/report-dialog.d.ts,CLEAN,server/src/blockchain/node_modules/@sentry/core/build/types/report-dialog.d.ts:1,3.3,29 lines read
server/src/blockchain/node_modules/@sentry/core/build/types/scope.d.ts,CLEAN,server/src/blockchain/node_modules/@sentry/core/build/types/scope.d.ts:1,3.3,285 lines read
server/src/blockchain/node_modules/@sentry/core/build/types/sdk.d.ts,CLEAN,server/src/blockchain/node_modules/@sentry/core/build/types/sdk.d.ts:1,3.3,17 lines read
server/src/blockchain/node_modules/@sentry/core/build/types/semanticAttributes.d.ts,CLEAN,server/src/blockchain/node_modules/@sentry/core/build/types/semanticAttributes.d.ts:1,3.3,65 lines read
server/src/blockchain/node_modules/@sentry/core/build/types/server-runtime-client.d.ts,CLEAN,server/src/blockchain/node_modules/@sentry/core/build/types/server-runtime-client.d.ts:1,3.3,58 lines read
server/src/blockchain/node_modules/@sentry/core/build/types/session.d.ts,CLEAN,server/src/blockchain/node_modules/@sentry/core/build/types/session.d.ts:1,3.3,35 lines read
server/src/blockchain/node_modules/@sentry/core/build/types/tracing/dynamicSamplingContext.d.ts,CLEAN,server/src/blockchain/node_modules/@sentry/core/build/types/tracing/dynamicSamplingContext.d.ts:1,3.3,31 lines read
server/src/blockchain/node_modules/@sentry/core/build/types/tracing/errors.d.ts,CLEAN,server/src/blockchain/node_modules/@sentry/core/build/types/tracing/errors.d.ts:1,3.3,7 lines read
server/src/blockchain/node_modules/@sentry/core/build/types/tracing/idleSpan.d.ts,CLEAN,server/src/blockchain/node_modules/@sentry/core/build/types/tracing/idleSpan.d.ts:1,3.3,43 lines read
server/src/blockchain/node_modules/@sentry/core/build/types/tracing/index.d.ts,CLEAN,server/src/blockchain/node_modules/@sentry/core/build/types/tracing/index.d.ts:1,3.3,13 lines read
server/src/blockchain/node_modules/@sentry/core/build/types/tracing/logSpans.d.ts,CLEAN,server/src/blockchain/node_modules/@sentry/core/build/types/tracing/logSpans.d.ts:1,3.3,10 lines read
server/src/blockchain/node_modules/@sentry/core/build/types/tracing/measurement.d.ts,CLEAN,server/src/blockchain/node_modules/@sentry/core/build/types/tracing/measurement.d.ts:1,3.3,12 lines read
server/src/blockchain/node_modules/@sentry/core/build/types/tracing/sampling.d.ts,CLEAN,server/src/blockchain/node_modules/@sentry/core/build/types/tracing/sampling.d.ts:1,3.3,10 lines read
server/src/blockchain/node_modules/@sentry/core/build/types/tracing/sentryNonRecordingSpan.d.ts,CLEAN,server/src/blockchain/node_modules/@sentry/core/build/types/tracing/sentryNonRecordingSpan.d.ts:1,3.3,39 lines read
server/src/blockchain/node_modules/@sentry/core/build/types/tracing/sentrySpan.d.ts,CLEAN,server/src/blockchain/node_modules/@sentry/core/build/types/tracing/sentrySpan.d.ts:1,3.3,102 lines read
server/src/blockchain/node_modules/@sentry/core/build/types/tracing/spanstatus.d.ts,CLEAN,server/src/blockchain/node_modules/@sentry/core/build/types/tracing/spanstatus.d.ts:1,3.3,18 lines read
server/src/blockchain/node_modules/@sentry/core/build/types/tracing/trace.d.ts,CLEAN,server/src/blockchain/node_modules/@sentry/core/build/types/tracing/trace.d.ts:1,3.3,78 lines read
server/src/blockchain/node_modules/@sentry/core/build/types/tracing/utils.d.ts,CLEAN,server/src/blockchain/node_modules/@sentry/core/build/types/tracing/utils.d.ts:1,3.3,12 lines read
server/src/blockchain/node_modules/@sentry/core/build/types/transports/base.d.ts,CLEAN,server/src/blockchain/node_modules/@sentry/core/build/types/transports/base.d.ts:1,3.3,11 lines read
server/src/blockchain/node_modules/@sentry/core/build/types/transports/multiplexed.d.ts,CLEAN,server/src/blockchain/node_modules/@sentry/core/build/types/transports/multiplexed.d.ts:1,3.3,32 lines read
server/src/blockchain/node_modules/@sentry/core/build/types/transports/offline.d.ts,CLEAN,server/src/blockchain/node_modules/@sentry/core/build/types/transports/offline.d.ts:1,3.3,49 lines read
server/src/blockchain/node_modules/@sentry/core/build/types/trpc.d.ts,CLEAN,server/src/blockchain/node_modules/@sentry/core/build/types/trpc.d.ts:1,3.3,19 lines read
server/src/blockchain/node_modules/@sentry/core/build/types/types-hoist/attachment.d.ts,CLEAN,server/src/blockchain/node_modules/@sentry/core/build/types/types-hoist/attachment.d.ts:1,3.3,29 lines read
server/src/blockchain/node_modules/@sentry/core/build/types/types-hoist/breadcrumb.d.ts,CLEAN,server/src/blockchain/node_modules/@sentry/core/build/types/types-hoist/breadcrumb.d.ts:1,3.3,96 lines read
server/src/blockchain/node_modules/@sentry/core/build/types/types-hoist/browseroptions.d.ts,CLEAN,server/src/blockchain/node_modules/@sentry/core/build/types/types-hoist/browseroptions.d.ts:1,3.3,25 lines read
server/src/blockchain/node_modules/@sentry/core/build/types/types-hoist/checkin.d.ts,CLEAN,server/src/blockchain/node_modules/@sentry/core/build/types/types-hoist/checkin.d.ts:1,3.3,100 lines read
server/src/blockchain/node_modules/@sentry/core/build/types/types-hoist/clientreport.d.ts,CLEAN,server/src/blockchain/node_modules/@sentry/core/build/types/types-hoist/clientreport.d.ts:1,3.3,12 lines read
server/src/blockchain/node_modules/@sentry/core/build/types/types-hoist/context.d.ts,CLEAN,server/src/blockchain/node_modules/@sentry/core/build/types/types-hoist/context.d.ts:1,3.3,132 lines read
server/src/blockchain/node_modules/@sentry/core/build/types/types-hoist/csp.d.ts,CLEAN,server/src/blockchain/node_modules/@sentry/core/build/types/types-hoist/csp.d.ts:1,3.3,16 lines read
server/src/blockchain/node_modules/@sentry/core/build/types/types-hoist/datacategory.d.ts,CLEAN,server/src/blockchain/node_modules/@sentry/core/build/types/types-hoist/datacategory.d.ts:1,3.3,2 lines read
server/src/blockchain/node_modules/@sentry/core/build/types/types-hoist/debugMeta.d.ts,CLEAN,server/src/blockchain/node_modules/@sentry/core/build/types/types-hoist/debugMeta.d.ts:1,3.3,28 lines read
server/src/blockchain/node_modules/@sentry/core/build/types/types-hoist/dsn.d.ts,CLEAN,server/src/blockchain/node_modules/@sentry/core/build/types/types-hoist/dsn.d.ts:1,3.3,22 lines read
server/src/blockchain/node_modules/@sentry/core/build/types/types-hoist/envelope.d.ts,CLEAN,server/src/blockchain/node_modules/@sentry/core/build/types/types-hoist/envelope.d.ts:1,3.3,145 lines read
server/src/blockchain/node_modules/@sentry/core/build/types/types-hoist/error.d.ts,CLEAN,server/src/blockchain/node_modules/@sentry/core/build/types/types-hoist/error.d.ts:1,3.3,7 lines read
server/src/blockchain/node_modules/@sentry/core/build/types/types-hoist/event.d.ts,CLEAN,server/src/blockchain/node_modules/@sentry/core/build/types/types-hoist/event.d.ts:1,3.3,87 lines read
server/src/blockchain/node_modules/@sentry/core/build/types/types-hoist/eventprocessor.d.ts,CLEAN,server/src/blockchain/node_modules/@sentry/core/build/types/types-hoist/eventprocessor.d.ts:1,3.3,12 lines read
server/src/blockchain/node_modules/@sentry/core/build/types/types-hoist/exception.d.ts,CLEAN,server/src/blockchain/node_modules/@sentry/core/build/types/types-hoist/exception.d.ts:1,3.3,12 lines read
server/src/blockchain/node_modules/@sentry/core/build/types/types-hoist/extra.d.ts,CLEAN,server/src/blockchain/node_modules/@sentry/core/build/types/types-hoist/extra.d.ts:1,3.3,3 lines read
server/src/blockchain/node_modules/@sentry/core/build/types/types-hoist/feedback/config.d.ts,CLEAN,server/src/blockchain/node_modules/@sentry/core/build/types/types-hoist/feedback/config.d.ts:1,3.3,178 lines read
server/src/blockchain/node_modules/@sentry/core/build/types/types-hoist/feedback/form.d.ts,CLEAN,server/src/blockchain/node_modules/@sentry/core/build/types/types-hoist/feedback/form.d.ts:1,3.3,8 lines read
server/src/blockchain/node_modules/@sentry/core/build/types/types-hoist/feedback/index.d.ts,CLEAN,server/src/blockchain/node_modules/@sentry/core/build/types/types-hoist/feedback/index.d.ts:1,3.3,71 lines read
server/src/blockchain/node_modules/@sentry/core/build/types/types-hoist/feedback/sendFeedback.d.ts,CLEAN,server/src/blockchain/node_modules/@sentry/core/build/types/types-hoist/feedback/sendFeedback.d.ts:1,3.3,50 lines read
server/src/blockchain/node_modules/@sentry/core/build/types/types-hoist/feedback/theme.d.ts,CLEAN,server/src/blockchain/node_modules/@sentry/core/build/types/types-hoist/feedback/theme.d.ts:1,3.3,35 lines read
server/src/blockchain/node_modules/@sentry/core/build/types/types-hoist/instrument.d.ts,CLEAN,server/src/blockchain/node_modules/@sentry/core/build/types/types-hoist/instrument.d.ts:1,3.3,76 lines read
server/src/blockchain/node_modules/@sentry/core/build/types/types-hoist/integration.d.ts,CLEAN,server/src/blockchain/node_modules/@sentry/core/build/types/types-hoist/integration.d.ts:1,3.3,44 lines read
server/src/blockchain/node_modules/@sentry/core/build/types/types-hoist/link.d.ts,CLEAN,server/src/blockchain/node_modules/@sentry/core/build/types/types-hoist/link.d.ts:1,3.3,29 lines read
server/src/blockchain/node_modules/@sentry/core/build/types/types-hoist/log.d.ts,CLEAN,server/src/blockchain/node_modules/@sentry/core/build/types/types-hoist/log.d.ts:1,3.3,69 lines read
server/src/blockchain/node_modules/@sentry/core/build/types/types-hoist/measurement.d.ts,CLEAN,server/src/blockchain/node_modules/@sentry/core/build/types/types-hoist/measurement.d.ts:1,3.3,24 lines read
server/src/blockchain/node_modules/@sentry/core/build/types/types-hoist/mechanism.d.ts,CLEAN,server/src/blockchain/node_modules/@sentry/core/build/types/types-hoist/mechanism.d.ts:1,3.3,51 lines read
server/src/blockchain/node_modules/@sentry/core/build/types/types-hoist/misc.d.ts,CLEAN,server/src/blockchain/node_modules/@sentry/core/build/types/types-hoist/misc.d.ts:1,3.3,53 lines read
server/src/blockchain/node_modules/@sentry/core/build/types/types-hoist/opentelemetry.d.ts,CLEAN,server/src/blockchain/node_modules/@sentry/core/build/types/types-hoist/opentelemetry.d.ts:1,3.3,14 lines read
server/src/blockchain/node_modules/@sentry/core/build/types/types-hoist/options.d.ts,CLEAN,server/src/blockchain/node_modules/@sentry/core/build/types/types-hoist/options.d.ts:1,3.3,407 lines read
server/src/blockchain/node_modules/@sentry/core/build/types/types-hoist/package.d.ts,CLEAN,server/src/blockchain/node_modules/@sentry/core/build/types/types-hoist/package.d.ts:1,3.3,8 lines read
server/src/blockchain/node_modules/@sentry/core/build/types/types-hoist/parameterize.d.ts,CLEAN,server/src/blockchain/node_modules/@sentry/core/build/types/types-hoist/parameterize.d.ts:1,3.3,5 lines read
server/src/blockchain/node_modules/@sentry/core/build/types/types-hoist/polymorphics.d.ts,CLEAN,server/src/blockchain/node_modules/@sentry/core/build/types/types-hoist/polymorphics.d.ts:1,3.3,71 lines read
server/src/blockchain/node_modules/@sentry/core/build/types/types-hoist/profiling.d.ts,CLEAN,server/src/blockchain/node_modules/@sentry/core/build/types/types-hoist/profiling.d.ts:1,3.3,149 lines read
server/src/blockchain/node_modules/@sentry/core/build/types/types-hoist/replay.d.ts,CLEAN,server/src/blockchain/node_modules/@sentry/core/build/types/types-hoist/replay.d.ts:1,3.3,25 lines read
server/src/blockchain/node_modules/@sentry/core/build/types/types-hoist/request.d.ts,CLEAN,server/src/blockchain/node_modules/@sentry/core/build/types/types-hoist/request.d.ts:1,3.3,29 lines read
server/src/blockchain/node_modules/@sentry/core/build/types/types-hoist/runtime.d.ts,CLEAN,server/src/blockchain/node_modules/@sentry/core/build/types/types-hoist/runtime.d.ts:1,3.3,6 lines read
server/src/blockchain/node_modules/@sentry/core/build/types/types-hoist/samplingcontext.d.ts,CLEAN,server/src/blockchain/node_modules/@sentry/core/build/types/types-hoist/samplingcontext.d.ts:1,3.3,45 lines read
server/src/blockchain/node_modules/@sentry/core/build/types/types-hoist/sdkinfo.d.ts,CLEAN,server/src/blockchain/node_modules/@sentry/core/build/types/types-hoist/sdkinfo.d.ts:1,3.3,8 lines read
server/src/blockchain/node_modules/@sentry/core/build/types/types-hoist/sdkmetadata.d.ts,CLEAN,server/src/blockchain/node_modules/@sentry/core/build/types/types-hoist/sdkmetadata.d.ts:1,3.3,5 lines read
server/src/blockchain/node_modules/@sentry/core/build/types/types-hoist/session.d.ts,CLEAN,server/src/blockchain/node_modules/@sentry/core/build/types/types-hoist/session.d.ts:1,3.3,65 lines read
server/src/blockchain/node_modules/@sentry/core/build/types/types-hoist/severity.d.ts,CLEAN,server/src/blockchain/node_modules/@sentry/core/build/types/types-hoist/severity.d.ts:1,3.3,2 lines read
server/src/blockchain/node_modules/@sentry/core/build/types/types-hoist/span.d.ts,CLEAN,server/src/blockchain/node_modules/@sentry/core/build/types/types-hoist/span.d.ts:1,3.3,235 lines read
server/src/blockchain/node_modules/@sentry/core/build/types/types-hoist/spanStatus.d.ts,CLEAN,server/src/blockchain/node_modules/@sentry/core/build/types/types-hoist/spanStatus.d.ts:1,3.3,59 lines read
server/src/blockchain/node_modules/@sentry/core/build/types/types-hoist/stackframe.d.ts,CLEAN,server/src/blockchain/node_modules/@sentry/core/build/types/types-hoist/stackframe.d.ts:1,3.3,22 lines read
server/src/blockchain/node_modules/@sentry/core/build/types/types-hoist/stacktrace.d.ts,CLEAN,server/src/blockchain/node_modules/@sentry/core/build/types/types-hoist/stacktrace.d.ts:1,3.3,10 lines read
server/src/blockchain/node_modules/@sentry/core/build/types/types-hoist/startSpanOptions.d.ts,CLEAN,server/src/blockchain/node_modules/@sentry/core/build/types/types-hoist/startSpanOptions.d.ts:1,3.3,62 lines read
server/src/blockchain/node_modules/@sentry/core/build/types/types-hoist/thread.d.ts,CLEAN,server/src/blockchain/node_modules/@sentry/core/build/types/types-hoist/thread.d.ts:1,3.3,11 lines read
server/src/blockchain/node_modules/@sentry/core/build/types/types-hoist/timedEvent.d.ts,CLEAN,server/src/blockchain/node_modules/@sentry/core/build/types/types-hoist/timedEvent.d.ts:1,3.3,7 lines read
server/src/blockchain/node_modules/@sentry/core/build/types/types-hoist/tracing.d.ts,CLEAN,server/src/blockchain/node_modules/@sentry/core/build/types/types-hoist/tracing.d.ts:1,3.3,55 lines read
server/src/blockchain/node_modules/@sentry/core/build/types/types-hoist/transaction.d.ts,CLEAN,server/src/blockchain/node_modules/@sentry/core/build/types/types-hoist/transaction.d.ts:1,3.3,35 lines read
server/src/blockchain/node_modules/@sentry/core/build/types/types-hoist/transport.d.ts,CLEAN,server/src/blockchain/node_modules/@sentry/core/build/types/types-hoist/transport.d.ts:1,3.3,32 lines read
server/src/blockchain/node_modules/@sentry/core/build/types/types-hoist/user.d.ts,CLEAN,server/src/blockchain/node_modules/@sentry/core/build/types/types-hoist/user.d.ts:1,3.3,17 lines read
server/src/blockchain/node_modules/@sentry/core/build/types/types-hoist/view-hierarchy.d.ts,CLEAN,server/src/blockchain/node_modules/@sentry/core/build/types/types-hoist/view-hierarchy.d.ts:1,3.3,18 lines read
server/src/blockchain/node_modules/@sentry/core/build/types/types-hoist/webfetchapi.d.ts,CLEAN,server/src/blockchain/node_modules/@sentry/core/build/types/types-hoist/webfetchapi.d.ts:1,3.3,15 lines read
server/src/blockchain/node_modules/@sentry/core/build/types/types-hoist/wrappedfunction.d.ts,CLEAN,server/src/blockchain/node_modules/@sentry/core/build/types/types-hoist/wrappedfunction.d.ts:1,3.3,8 lines read
server/src/blockchain/node_modules/@sentry/core/build/types/utils/aggregate-errors.d.ts,CLEAN,server/src/blockchain/node_modules/@sentry/core/build/types/utils/aggregate-errors.d.ts:1,3.3,8 lines read
server/src/blockchain/node_modules/@sentry/core/build/types/utils/anr.d.ts,CLEAN,server/src/blockchain/node_modules/@sentry/core/build/types/utils/anr.d.ts:1,3.3,35 lines read
server/src/blockchain/node_modules/@sentry/core/build/types/utils/applyScopeDataToEvent.d.ts,CLEAN,server/src/blockchain/node_modules/@sentry/core/build/types/utils/applyScopeDataToEvent.d.ts:1,3.3,16 lines read
server/src/blockchain/node_modules/@sentry/core/build/types/utils/baggage.d.ts,CLEAN,server/src/blockchain/node_modules/@sentry/core/build/types/utils/baggage.d.ts:1,3.3,40 lines read
server/src/blockchain/node_modules/@sentry/core/build/types/utils/breadcrumb-log-level.d.ts,CLEAN,server/src/blockchain/node_modules/@sentry/core/build/types/utils/breadcrumb-log-level.d.ts:1,3.3,6 lines read
server/src/blockchain/node_modules/@sentry/core/build/types/utils/browser.d.ts,CLEAN,server/src/blockchain/node_modules/@sentry/core/build/types/utils/browser.d.ts:1,3.3,23 lines read
server/src/blockchain/node_modules/@sentry/core/build/types/utils/clientreport.d.ts,CLEAN,server/src/blockchain/node_modules/@sentry/core/build/types/utils/clientreport.d.ts:1,3.3,9 lines read
server/src/blockchain/node_modules/@sentry/core/build/types/utils/cookie.d.ts,CLEAN,server/src/blockchain/node_modules/@sentry/core/build/types/utils/cookie.d.ts:1,3.3,34 lines read
server/src/blockchain/node_modules/@sentry/core/build/types/utils/debounce.d.ts,CLEAN,server/src/blockchain/node_modules/@sentry/core/build/types/utils/debounce.d.ts:1,3.3,33 lines read
server/src/blockchain/node_modules/@sentry/core/build/types/utils/debug-ids.d.ts,CLEAN,server/src/blockchain/node_modules/@sentry/core/build/types/utils/debug-ids.d.ts:1,3.3,11 lines read
server/src/blockchain/node_modules/@sentry/core/build/types/utils/debug-logger.d.ts,CLEAN,server/src/blockchain/node_modules/@sentry/core/build/types/utils/debug-logger.d.ts:1,3.3,101 lines read
server/src/blockchain/node_modules/@sentry/core/build/types/utils/dsn.d.ts,CLEAN,server/src/blockchain/node_modules/@sentry/core/build/types/utils/dsn.d.ts:1,3.3,31 lines read
server/src/blockchain/node_modules/@sentry/core/build/types/utils/env.d.ts,CLEAN,server/src/blockchain/node_modules/@sentry/core/build/types/utils/env.d.ts:1,3.3,12 lines read
server/src/blockchain/node_modules/@sentry/core/build/types/utils/envelope.d.ts,CLEAN,server/src/blockchain/node_modules/@sentry/core/build/types/utils/envelope.d.ts:1,3.3,59 lines read
server/src/blockchain/node_modules/@sentry/core/build/types/utils/error.d.ts,CLEAN,server/src/blockchain/node_modules/@sentry/core/build/types/utils/error.d.ts:1,3.3,11 lines read
server/src/blockchain/node_modules/@sentry/core/build/types/utils/eventUtils.d.ts,CLEAN,server/src/blockchain/node_modules/@sentry/core/build/types/utils/eventUtils.d.ts:1,3.3,6 lines read
server/src/blockchain/node_modules/@sentry/core/build/types/utils/eventbuilder.d.ts,CLEAN,server/src/blockchain/node_modules/@sentry/core/build/types/utils/eventbuilder.d.ts:1,3.3,26 lines read
server/src/blockchain/node_modules/@sentry/core/build/types/utils/featureFlags.d.ts,CLEAN,server/src/blockchain/node_modules/@sentry/core/build/types/utils/featureFlags.d.ts:1,3.3,58 lines read
server/src/blockchain/node_modules/@sentry/core/build/types/utils/flushIfServerless.d.ts,CLEAN,server/src/blockchain/node_modules/@sentry/core/build/types/utils/flushIfServerless.d.ts:1,3.3,28 lines read
server/src/blockchain/node_modules/@sentry/core/build/types/utils/gen-ai-attributes.d.ts,CLEAN,server/src/blockchain/node_modules/@sentry/core/build/types/utils/gen-ai-attributes.d.ts:1,3.3,112 lines read
server/src/blockchain/node_modules/@sentry/core/build/types/utils/handleCallbackErrors.d.ts,CLEAN,server/src/blockchain/node_modules/@sentry/core/build/types/utils/handleCallbackErrors.d.ts:1,3.3,13 lines read
server/src/blockchain/node_modules/@sentry/core/build/types/utils/hasSpansEnabled.d.ts,CLEAN,server/src/blockchain/node_modules/@sentry/core/build/types/utils/hasSpansEnabled.d.ts:1,3.3,25 lines read
server/src/blockchain/node_modules/@sentry/core/build/types/utils/ipAddress.d.ts,CLEAN,server/src/blockchain/node_modules/@sentry/core/build/types/utils/ipAddress.d.ts:1,3.3,13 lines read
server/src/blockchain/node_modules/@sentry/core/build/types/utils/is.d.ts,CLEAN,server/src/blockchain/node_modules/@sentry/core/build/types/utils/is.d.ts:1,3.3,127 lines read
server/src/blockchain/node_modules/@sentry/core/build/types/utils/isBrowser.d.ts,CLEAN,server/src/blockchain/node_modules/@sentry/core/build/types/utils/isBrowser.d.ts:1,3.3,5 lines read
server/src/blockchain/node_modules/@sentry/core/build/types/utils/isSentryRequestUrl.d.ts,CLEAN,server/src/blockchain/node_modules/@sentry/core/build/types/utils/isSentryRequestUrl.d.ts:1,3.3,8 lines read
server/src/blockchain/node_modules/@sentry/core/build/types/utils/lru.d.ts,CLEAN,server/src/blockchain/node_modules/@sentry/core/build/types/utils/lru.d.ts:1,3.3,21 lines read
server/src/blockchain/node_modules/@sentry/core/build/types/utils/merge.d.ts,CLEAN,server/src/blockchain/node_modules/@sentry/core/build/types/utils/merge.d.ts:1,3.3,9 lines read
server/src/blockchain/node_modules/@sentry/core/build/types/utils/meta.d.ts,CLEAN,server/src/blockchain/node_modules/@sentry/core/build/types/utils/meta.d.ts:1,3.3,24 lines read
server/src/blockchain/node_modules/@sentry/core/build/types/utils/misc.d.ts,CLEAN,server/src/blockchain/node_modules/@sentry/core/build/types/utils/misc.d.ts:1,3.3,81 lines read
server/src/blockchain/node_modules/@sentry/core/build/types/utils/node-stack-trace.d.ts,CLEAN,server/src/blockchain/node_modules/@sentry/core/build/types/utils/node-stack-trace.d.ts:1,3.3,16 lines read
server/src/blockchain/node_modules/@sentry/core/build/types/utils/node.d.ts,CLEAN,server/src/blockchain/node_modules/@sentry/core/build/types/utils/node.d.ts:1,3.3,26 lines read
server/src/blockchain/node_modules/@sentry/core/build/types/utils/normalize.d.ts,CLEAN,server/src/blockchain/node_modules/@sentry/core/build/types/utils/normalize.d.ts:1,3.3,34 lines read
server/src/blockchain/node_modules/@sentry/core/build/types/utils/object.d.ts,CLEAN,server/src/blockchain/node_modules/@sentry/core/build/types/utils/object.d.ts:1,3.3,87 lines read
server/src/blockchain/node_modules/@sentry/core/build/types/utils/openai/constants.d.ts,CLEAN,server/src/blockchain/node_modules/@sentry/core/build/types/utils/openai/constants.d.ts:1,3.3,3 lines read
server/src/blockchain/node_modules/@sentry/core/build/types/utils/openai/index.d.ts,CLEAN,server/src/blockchain/node_modules/@sentry/core/build/types/utils/openai/index.d.ts:1,3.3,7 lines read
server/src/blockchain/node_modules/@sentry/core/build/types/utils/openai/types.d.ts,CLEAN,server/src/blockchain/node_modules/@sentry/core/build/types/utils/openai/types.d.ts:1,3.3,130 lines read
server/src/blockchain/node_modules/@sentry/core/build/types/utils/openai/utils.d.ts,CLEAN,server/src/blockchain/node_modules/@sentry/core/build/types/utils/openai/utils.d.ts:1,3.3,27 lines read
server/src/blockchain/node_modules/@sentry/core/build/types/utils/parameterize.d.ts,CLEAN,server/src/blockchain/node_modules/@sentry/core/build/types/utils/parameterize.d.ts:1,3.3,22 lines read
server/src/blockchain/node_modules/@sentry/core/build/types/utils/parseSampleRate.d.ts,CLEAN,server/src/blockchain/node_modules/@sentry/core/build/types/utils/parseSampleRate.d.ts:1,3.3,9 lines read
server/src/blockchain/node_modules/@sentry/core/build/types/utils/path.d.ts,CLEAN,server/src/blockchain/node_modules/@sentry/core/build/types/utils/path.d.ts:1,3.3,15 lines read
server/src/blockchain/node_modules/@sentry/core/build/types/utils/prepareEvent.d.ts,CLEAN,server/src/blockchain/node_modules/@sentry/core/build/types/utils/prepareEvent.d.ts:1,3.3,56 lines read
server/src/blockchain/node_modules/@sentry/core/build/types/utils/promisebuffer.d.ts,CLEAN,server/src/blockchain/node_modules/@sentry/core/build/types/utils/promisebuffer.d.ts:1,3.3,12 lines read
server/src/blockchain/node_modules/@sentry/core/build/types/utils/propagationContext.d.ts,CLEAN,server/src/blockchain/node_modules/@sentry/core/build/types/utils/propagationContext.d.ts:1,3.3,9 lines read
server/src/blockchain/node_modules/@sentry/core/build/types/utils/ratelimit.d.ts,CLEAN,server/src/blockchain/node_modules/@sentry/core/build/types/utils/ratelimit.d.ts:1,3.3,30 lines read
server/src/blockchain/node_modules/@sentry/core/build/types/utils/request.d.ts,CLEAN,server/src/blockchain/node_modules/@sentry/core/build/types/utils/request.d.ts:1,3.3,35 lines read
server/src/blockchain/node_modules/@sentry/core/build/types/utils/sdkMetadata.d.ts,CLEAN,server/src/blockchain/node_modules/@sentry/core/build/types/utils/sdkMetadata.d.ts:1,3.3,16 lines read
server/src/blockchain/node_modules/@sentry/core/build/types/utils/severity.d.ts,CLEAN,server/src/blockchain/node_modules/@sentry/core/build/types/utils/severity.d.ts:1,3.3,9 lines read
server/src/blockchain/node_modules/@sentry/core/build/types/utils/spanOnScope.d.ts,CLEAN,server/src/blockchain/node_modules/@sentry/core/build/types/utils/spanOnScope.d.ts:1,3.3,18 lines read
server/src/blockchain/node_modules/@sentry/core/build/types/utils/spanUtils.d.ts,CLEAN,server/src/blockchain/node_modules/@sentry/core/build/types/utils/spanUtils.d.ts:1,3.3,100 lines read
server/src/blockchain/node_modules/@sentry/core/build/types/utils/stacktrace.d.ts,CLEAN,server/src/blockchain/node_modules/@sentry/core/build/types/utils/stacktrace.d.ts:1,3.3,35 lines read
server/src/blockchain/node_modules/@sentry/core/build/types/utils/string.d.ts,CLEAN,server/src/blockchain/node_modules/@sentry/core/build/types/utils/string.d.ts:1,3.3,46 lines read
server/src/blockchain/node_modules/@sentry/core/build/types/utils/supports.d.ts,CLEAN,server/src/blockchain/node_modules/@sentry/core/build/types/utils/supports.d.ts:1,3.3,65 lines read
server/src/blockchain/node_modules/@sentry/core/build/types/utils/syncpromise.d.ts,CLEAN,server/src/blockchain/node_modules/@sentry/core/build/types/utils/syncpromise.d.ts:1,3.3,32 lines read
server/src/blockchain/node_modules/@sentry/core/build/types/utils/time.d.ts,CLEAN,server/src/blockchain/node_modules/@sentry/core/build/types/utils/time.d.ts:1,3.3,20 lines read
server/src/blockchain/node_modules/@sentry/core/build/types/utils/traceData.d.ts,CLEAN,server/src/blockchain/node_modules/@sentry/core/build/types/utils/traceData.d.ts:1,3.3,21 lines read
server/src/blockchain/node_modules/@sentry/core/build/types/utils/tracing.d.ts,CLEAN,server/src/blockchain/node_modules/@sentry/core/build/types/utils/tracing.d.ts:1,3.3,21 lines read
server/src/blockchain/node_modules/@sentry/core/build/types/utils/transactionEvent.d.ts,CLEAN,server/src/blockchain/node_modules/@sentry/core/build/types/utils/transactionEvent.d.ts:1,3.3,11 lines read
server/src/blockchain/node_modules/@sentry/core/build/types/utils/url.d.ts,CLEAN,server/src/blockchain/node_modules/@sentry/core/build/types/utils/url.d.ts:1,3.3,75 lines read
server/src/blockchain/node_modules/@sentry/core/build/types/utils/vercel-ai-attributes.d.ts,CLEAN,server/src/blockchain/node_modules/@sentry/core/build/types/utils/vercel-ai-attributes.d.ts:1,3.3,882 lines read
server/src/blockchain/node_modules/@sentry/core/build/types/utils/vercel-ai.d.ts,CLEAN,server/src/blockchain/node_modules/@sentry/core/build/types/utils/vercel-ai.d.ts:1,3.3,6 lines read
server/src/blockchain/node_modules/@sentry/core/build/types/utils/vercelWaitUntil.d.ts,CLEAN,server/src/blockchain/node_modules/@sentry/core/build/types/utils/vercelWaitUntil.d.ts:1,3.3,7 lines read
server/src/blockchain/node_modules/@sentry/core/build/types/utils/version.d.ts,CLEAN,server/src/blockchain/node_modules/@sentry/core/build/types/utils/version.d.ts:1,3.3,2 lines read
server/src/blockchain/node_modules/@sentry/core/build/types/utils/worldwide.d.ts,CLEAN,server/src/blockchain/node_modules/@sentry/core/build/types/utils/worldwide.d.ts:1,3.3,53 lines read
server/src/blockchain/node_modules/@sentry/core/build/types/vendor/escapeStringForRegex.d.ts,CLEAN,server/src/blockchain/node_modules/@sentry/core/build/types/vendor/escapeStringForRegex.d.ts:1,3.3,9 lines read
server/src/blockchain/node_modules/@sentry/core/build/types/vendor/getIpAddress.d.ts,CLEAN,server/src/blockchain/node_modules/@sentry/core/build/types/vendor/getIpAddress.d.ts:1,3.3,17 lines read
server/src/blockchain/node_modules/@streamparser/json-node/dist/cjs/index.d.ts,CLEAN,server/src/blockchain/node_modules/@streamparser/json-node/dist/cjs/index.d.ts:1,3.3,5 lines read
server/src/blockchain/node_modules/@streamparser/json-node/dist/cjs/jsonparser.d.ts,CLEAN,server/src/blockchain/node_modules/@streamparser/json-node/dist/cjs/jsonparser.d.ts:1,3.3,18 lines read
server/src/blockchain/node_modules/@streamparser/json-node/dist/cjs/tokenizer.d.ts,CLEAN,server/src/blockchain/node_modules/@streamparser/json-node/dist/cjs/tokenizer.d.ts:1,3.3,18 lines read
server/src/blockchain/node_modules/@streamparser/json-node/dist/cjs/tokenparser.d.ts,CLEAN,server/src/blockchain/node_modules/@streamparser/json-node/dist/cjs/tokenparser.d.ts:1,3.3,18 lines read
server/src/blockchain/node_modules/@streamparser/json-node/dist/deno/index.ts,CLEAN,server/src/blockchain/node_modules/@streamparser/json-node/dist/deno/index.ts:1,3.3,13 lines read
server/src/blockchain/node_modules/@streamparser/json-node/dist/deno/jsonparser.ts,CLEAN,server/src/blockchain/node_modules/@streamparser/json-node/dist/deno/jsonparser.ts:1,3.3,63 lines read
server/src/blockchain/node_modules/@streamparser/json-node/dist/deno/tokenizer.ts,CLEAN,server/src/blockchain/node_modules/@streamparser/json-node/dist/deno/tokenizer.ts:1,3.3,65 lines read
server/src/blockchain/node_modules/@streamparser/json-node/dist/deno/tokenparser.ts,CLEAN,server/src/blockchain/node_modules/@streamparser/json-node/dist/deno/tokenparser.ts:1,3.3,63 lines read
server/src/blockchain/node_modules/@streamparser/json-node/dist/deno/utils.ts,CLEAN,server/src/blockchain/node_modules/@streamparser/json-node/dist/deno/utils.ts:1,3.3,16 lines read
server/src/blockchain/node_modules/@streamparser/json-node/dist/mjs/index.d.ts,CLEAN,server/src/blockchain/node_modules/@streamparser/json-node/dist/mjs/index.d.ts:1,3.3,5 lines read
server/src/blockchain/node_modules/@streamparser/json-node/dist/mjs/jsonparser.d.ts,CLEAN,server/src/blockchain/node_modules/@streamparser/json-node/dist/mjs/jsonparser.d.ts:1,3.3,18 lines read
server/src/blockchain/node_modules/@streamparser/json-node/dist/mjs/tokenizer.d.ts,CLEAN,server/src/blockchain/node_modules/@streamparser/json-node/dist/mjs/tokenizer.d.ts:1,3.3,18 lines read
server/src/blockchain/node_modules/@streamparser/json-node/dist/mjs/tokenparser.d.ts,CLEAN,server/src/blockchain/node_modules/@streamparser/json-node/dist/mjs/tokenparser.d.ts:1,3.3,18 lines read
server/src/blockchain/node_modules/@streamparser/json-node/jest.config.ts,CLEAN,server/src/blockchain/node_modules/@streamparser/json-node/jest.config.ts:1,3.3,18 lines read
server/src/blockchain/node_modules/@streamparser/json-node/src/index.ts,CLEAN,server/src/blockchain/node_modules/@streamparser/json-node/src/index.ts:1,3.3,13 lines read
server/src/blockchain/node_modules/@streamparser/json-node/src/jsonparser.ts,CLEAN,server/src/blockchain/node_modules/@streamparser/json-node/src/jsonparser.ts:1,3.3,63 lines read
server/src/blockchain/node_modules/@streamparser/json-node/src/tokenizer.ts,CLEAN,server/src/blockchain/node_modules/@streamparser/json-node/src/tokenizer.ts:1,3.3,65 lines read
server/src/blockchain/node_modules/@streamparser/json-node/src/tokenparser.ts,CLEAN,server/src/blockchain/node_modules/@streamparser/json-node/src/tokenparser.ts:1,3.3,63 lines read
server/src/blockchain/node_modules/@streamparser/json-node/test/bom.ts,CLEAN,server/src/blockchain/node_modules/@streamparser/json-node/test/bom.ts:1,3.3,12 lines read
server/src/blockchain/node_modules/@streamparser/json-node/test/emitPartial.ts,CLEAN,server/src/blockchain/node_modules/@streamparser/json-node/test/emitPartial.ts:1,3.3,647 lines read
server/src/blockchain/node_modules/@streamparser/json-node/test/end.ts,CLEAN,server/src/blockchain/node_modules/@streamparser/json-node/test/end.ts:1,3.3,85 lines read
server/src/blockchain/node_modules/@streamparser/json-node/test/inputs.ts,CLEAN,server/src/blockchain/node_modules/@streamparser/json-node/test/inputs.ts:1,3.3,32 lines read
server/src/blockchain/node_modules/@streamparser/json-node/test/keepStack.ts,CLEAN,server/src/blockchain/node_modules/@streamparser/json-node/test/keepStack.ts:1,3.3,41 lines read
server/src/blockchain/node_modules/@streamparser/json-node/test/offset.ts,CLEAN,server/src/blockchain/node_modules/@streamparser/json-node/test/offset.ts:1,3.3,69 lines read
server/src/blockchain/node_modules/@streamparser/json-node/test/performance.ts,CLEAN,server/src/blockchain/node_modules/@streamparser/json-node/test/performance.ts:1,3.3,123 lines read
server/src/blockchain/node_modules/@streamparser/json-node/test/selectors.ts,CLEAN,server/src/blockchain/node_modules/@streamparser/json-node/test/selectors.ts:1,3.3,92 lines read
server/src/blockchain/node_modules/@streamparser/json-node/test/separator.ts,CLEAN,server/src/blockchain/node_modules/@streamparser/json-node/test/separator.ts:1,3.3,119 lines read
server/src/blockchain/node_modules/@streamparser/json-node/test/types/arrays.ts,CLEAN,server/src/blockchain/node_modules/@streamparser/json-node/test/types/arrays.ts:1,3.3,109 lines read
server/src/blockchain/node_modules/@streamparser/json-node/test/types/booleans.ts,CLEAN,server/src/blockchain/node_modules/@streamparser/json-node/test/types/booleans.ts:1,3.3,45 lines read
server/src/blockchain/node_modules/@streamparser/json-node/test/types/null.ts,CLEAN,server/src/blockchain/node_modules/@streamparser/json-node/test/types/null.ts:1,3.3,37 lines read
server/src/blockchain/node_modules/@streamparser/json-node/test/types/numbers.ts,CLEAN,server/src/blockchain/node_modules/@streamparser/json-node/test/types/numbers.ts:1,3.3,101 lines read
server/src/blockchain/node_modules/@streamparser/json-node/test/types/objects.ts,CLEAN,server/src/blockchain/node_modules/@streamparser/json-node/test/types/objects.ts:1,3.3,134 lines read
server/src/blockchain/node_modules/@streamparser/json-node/test/types/strings.ts,CLEAN,server/src/blockchain/node_modules/@streamparser/json-node/test/types/strings.ts:1,3.3,184 lines read
server/src/blockchain/node_modules/@streamparser/json-node/test/utils/setup.ts,CLEAN,server/src/blockchain/node_modules/@streamparser/json-node/test/utils/setup.ts:1,3.3,11 lines read
server/src/blockchain/node_modules/@streamparser/json-node/test/utils/testRunner.ts,CLEAN,server/src/blockchain/node_modules/@streamparser/json-node/test/utils/testRunner.ts:1,3.3,90 lines read
server/src/blockchain/node_modules/@streamparser/json/dist/cjs/index.d.ts,CLEAN,server/src/blockchain/node_modules/@streamparser/json/dist/cjs/index.d.ts:1,3.3,10 lines read
server/src/blockchain/node_modules/@streamparser/json/dist/cjs/jsonparser.d.ts,CLEAN,server/src/blockchain/node_modules/@streamparser/json/dist/cjs/jsonparser.d.ts:1,3.3,19 lines read
server/src/blockchain/node_modules/@streamparser/json/dist/cjs/tokenizer.d.ts,CLEAN,server/src/blockchain/node_modules/@streamparser/json/dist/cjs/tokenizer.d.ts:1,3.3,40 lines read
server/src/blockchain/node_modules/@streamparser/json/dist/cjs/tokenparser.d.ts,CLEAN,server/src/blockchain/node_modules/@streamparser/json/dist/cjs/tokenparser.d.ts:1,3.3,35 lines read
server/src/blockchain/node_modules/@streamparser/json/dist/cjs/utils/bufferedString.d.ts,CLEAN,server/src/blockchain/node_modules/@streamparser/json/dist/cjs/utils/bufferedString.d.ts:1,3.3,30 lines read
server/src/blockchain/node_modules/@streamparser/json/dist/cjs/utils/types/jsonTypes.d.ts,CLEAN,server/src/blockchain/node_modules/@streamparser/json/dist/cjs/utils/types/jsonTypes.d.ts:1,3.3,8 lines read
server/src/blockchain/node_modules/@streamparser/json/dist/cjs/utils/types/parsedElementInfo.d.ts,CLEAN,server/src/blockchain/node_modules/@streamparser/json/dist/cjs/utils/types/parsedElementInfo.d.ts:1,3.3,28 lines read
server/src/blockchain/node_modules/@streamparser/json/dist/cjs/utils/types/parsedTokenInfo.d.ts,CLEAN,server/src/blockchain/node_modules/@streamparser/json/dist/cjs/utils/types/parsedTokenInfo.d.ts:1,3.3,57 lines read
server/src/blockchain/node_modules/@streamparser/json/dist/cjs/utils/types/stackElement.d.ts,CLEAN,server/src/blockchain/node_modules/@streamparser/json/dist/cjs/utils/types/stackElement.d.ts:1,3.3,12 lines read
server/src/blockchain/node_modules/@streamparser/json/dist/cjs/utils/types/tokenType.d.ts,CLEAN,server/src/blockchain/node_modules/@streamparser/json/dist/cjs/utils/types/tokenType.d.ts:1,3.3,16 lines read
server/src/blockchain/node_modules/@streamparser/json/dist/cjs/utils/utf-8.d.ts,CLEAN,server/src/blockchain/node_modules/@streamparser/json/dist/cjs/utils/utf-8.d.ts:1,3.3,106 lines read
server/src/blockchain/node_modules/@streamparser/json/dist/deno/index.ts,CLEAN,server/src/blockchain/node_modules/@streamparser/json/dist/deno/index.ts:1,3.3,21 lines read
server/src/blockchain/node_modules/@streamparser/json/dist/deno/jsonparser.ts,CLEAN,server/src/blockchain/node_modules/@streamparser/json/dist/deno/jsonparser.ts:1,3.3,62 lines read
server/src/blockchain/node_modules/@streamparser/json/dist/deno/tokenizer.ts,CLEAN,server/src/blockchain/node_modules/@streamparser/json/dist/deno/tokenizer.ts:1,3.3,851 lines read
server/src/blockchain/node_modules/@streamparser/json/dist/deno/tokenparser.ts,CLEAN,server/src/blockchain/node_modules/@streamparser/json/dist/deno/tokenparser.ts:1,3.3,400 lines read
server/src/blockchain/node_modules/@streamparser/json/dist/deno/utils/bufferedString.ts,CLEAN,server/src/blockchain/node_modules/@streamparser/json/dist/deno/utils/bufferedString.ts:1,3.3,75 lines read
server/src/blockchain/node_modules/@streamparser/json/dist/deno/utils/types/jsonTypes.ts,CLEAN,server/src/blockchain/node_modules/@streamparser/json/dist/deno/utils/types/jsonTypes.ts:1,3.3,5 lines read
server/src/blockchain/node_modules/@streamparser/json/dist/deno/utils/types/parsedElementInfo.ts,CLEAN,server/src/blockchain/node_modules/@streamparser/json/dist/deno/utils/types/parsedElementInfo.ts:1,3.3,37 lines read
server/src/blockchain/node_modules/@streamparser/json/dist/deno/utils/types/parsedTokenInfo.ts,CLEAN,server/src/blockchain/node_modules/@streamparser/json/dist/deno/utils/types/parsedTokenInfo.ts:1,3.3,58 lines read
server/src/blockchain/node_modules/@streamparser/json/dist/deno/utils/types/stackElement.ts,CLEAN,server/src/blockchain/node_modules/@streamparser/json/dist/deno/utils/types/stackElement.ts:1,3.3,13 lines read
server/src/blockchain/node_modules/@streamparser/json/dist/deno/utils/types/tokenType.ts,CLEAN,server/src/blockchain/node_modules/@streamparser/json/dist/deno/utils/types/tokenType.ts:1,3.3,16 lines read
server/src/blockchain/node_modules/@streamparser/json/dist/deno/utils/utf-8.ts,CLEAN,server/src/blockchain/node_modules/@streamparser/json/dist/deno/utils/utf-8.ts:1,3.3,113 lines read
server/src/blockchain/node_modules/@streamparser/json/dist/mjs/index.d.ts,CLEAN,server/src/blockchain/node_modules/@streamparser/json/dist/mjs/index.d.ts:1,3.3,10 lines read
server/src/blockchain/node_modules/@streamparser/json/dist/mjs/jsonparser.d.ts,CLEAN,server/src/blockchain/node_modules/@streamparser/json/dist/mjs/jsonparser.d.ts:1,3.3,19 lines read
server/src/blockchain/node_modules/@streamparser/json/dist/mjs/tokenizer.d.ts,CLEAN,server/src/blockchain/node_modules/@streamparser/json/dist/mjs/tokenizer.d.ts:1,3.3,40 lines read
server/src/blockchain/node_modules/@streamparser/json/dist/mjs/tokenparser.d.ts,CLEAN,server/src/blockchain/node_modules/@streamparser/json/dist/mjs/tokenparser.d.ts:1,3.3,35 lines read
server/src/blockchain/node_modules/@streamparser/json/dist/mjs/utils/bufferedString.d.ts,CLEAN,server/src/blockchain/node_modules/@streamparser/json/dist/mjs/utils/bufferedString.d.ts:1,3.3,30 lines read
server/src/blockchain/node_modules/@streamparser/json/dist/mjs/utils/types/jsonTypes.d.ts,CLEAN,server/src/blockchain/node_modules/@streamparser/json/dist/mjs/utils/types/jsonTypes.d.ts:1,3.3,8 lines read
server/src/blockchain/node_modules/@streamparser/json/dist/mjs/utils/types/parsedElementInfo.d.ts,CLEAN,server/src/blockchain/node_modules/@streamparser/json/dist/mjs/utils/types/parsedElementInfo.d.ts:1,3.3,28 lines read
server/src/blockchain/node_modules/@streamparser/json/dist/mjs/utils/types/parsedTokenInfo.d.ts,CLEAN,server/src/blockchain/node_modules/@streamparser/json/dist/mjs/utils/types/parsedTokenInfo.d.ts:1,3.3,57 lines read
server/src/blockchain/node_modules/@streamparser/json/dist/mjs/utils/types/stackElement.d.ts,CLEAN,server/src/blockchain/node_modules/@streamparser/json/dist/mjs/utils/types/stackElement.d.ts:1,3.3,12 lines read
server/src/blockchain/node_modules/@streamparser/json/dist/mjs/utils/types/tokenType.d.ts,CLEAN,server/src/blockchain/node_modules/@streamparser/json/dist/mjs/utils/types/tokenType.d.ts:1,3.3,16 lines read
server/src/blockchain/node_modules/@streamparser/json/dist/mjs/utils/utf-8.d.ts,CLEAN,server/src/blockchain/node_modules/@streamparser/json/dist/mjs/utils/utf-8.d.ts:1,3.3,106 lines read
server/src/blockchain/node_modules/@streamparser/json/jest.config.ts,CLEAN,server/src/blockchain/node_modules/@streamparser/json/jest.config.ts:1,3.3,17 lines read
server/src/blockchain/node_modules/@streamparser/json/src/index.ts,CLEAN,server/src/blockchain/node_modules/@streamparser/json/src/index.ts:1,3.3,21 lines read
server/src/blockchain/node_modules/@streamparser/json/src/jsonparser.ts,CLEAN,server/src/blockchain/node_modules/@streamparser/json/src/jsonparser.ts:1,3.3,62 lines read
server/src/blockchain/node_modules/@streamparser/json/src/tokenizer.ts,CLEAN,server/src/blockchain/node_modules/@streamparser/json/src/tokenizer.ts:1,3.3,851 lines read
server/src/blockchain/node_modules/@streamparser/json/src/tokenparser.ts,CLEAN,server/src/blockchain/node_modules/@streamparser/json/src/tokenparser.ts:1,3.3,400 lines read
server/src/blockchain/node_modules/@streamparser/json/src/utils/bufferedString.ts,CLEAN,server/src/blockchain/node_modules/@streamparser/json/src/utils/bufferedString.ts:1,3.3,75 lines read
server/src/blockchain/node_modules/@streamparser/json/src/utils/types/jsonTypes.ts,CLEAN,server/src/blockchain/node_modules/@streamparser/json/src/utils/types/jsonTypes.ts:1,3.3,5 lines read
server/src/blockchain/node_modules/@streamparser/json/src/utils/types/parsedElementInfo.ts,CLEAN,server/src/blockchain/node_modules/@streamparser/json/src/utils/types/parsedElementInfo.ts:1,3.3,37 lines read
server/src/blockchain/node_modules/@streamparser/json/src/utils/types/parsedTokenInfo.ts,CLEAN,server/src/blockchain/node_modules/@streamparser/json/src/utils/types/parsedTokenInfo.ts:1,3.3,58 lines read
server/src/blockchain/node_modules/@streamparser/json/src/utils/types/stackElement.ts,CLEAN,server/src/blockchain/node_modules/@streamparser/json/src/utils/types/stackElement.ts:1,3.3,13 lines read
server/src/blockchain/node_modules/@streamparser/json/src/utils/types/tokenType.ts,CLEAN,server/src/blockchain/node_modules/@streamparser/json/src/utils/types/tokenType.ts:1,3.3,16 lines read
server/src/blockchain/node_modules/@streamparser/json/src/utils/utf-8.ts,CLEAN,server/src/blockchain/node_modules/@streamparser/json/src/utils/utf-8.ts:1,3.3,113 lines read
server/src/blockchain/node_modules/@streamparser/json/test/bom.ts,CLEAN,server/src/blockchain/node_modules/@streamparser/json/test/bom.ts:1,3.3,44 lines read
server/src/blockchain/node_modules/@streamparser/json/test/callbacks.ts,GAP_FOUND,server/src/blockchain/node_modules/@streamparser/json/test/callbacks.ts:1,3.3,throw new Error@89; throw new Error@100
server/src/blockchain/node_modules/@streamparser/json/test/emitPartial.ts,CLEAN,server/src/blockchain/node_modules/@streamparser/json/test/emitPartial.ts:1,3.3,646 lines read
server/src/blockchain/node_modules/@streamparser/json/test/end.ts,CLEAN,server/src/blockchain/node_modules/@streamparser/json/test/end.ts:1,3.3,94 lines read
server/src/blockchain/node_modules/@streamparser/json/test/inputs.ts,CLEAN,server/src/blockchain/node_modules/@streamparser/json/test/inputs.ts:1,3.3,53 lines read
server/src/blockchain/node_modules/@streamparser/json/test/keepStack.ts,CLEAN,server/src/blockchain/node_modules/@streamparser/json/test/keepStack.ts:1,3.3,41 lines read
server/src/blockchain/node_modules/@streamparser/json/test/offset.ts,CLEAN,server/src/blockchain/node_modules/@streamparser/json/test/offset.ts:1,3.3,69 lines read
server/src/blockchain/node_modules/@streamparser/json/test/performance.ts,CLEAN,server/src/blockchain/node_modules/@streamparser/json/test/performance.ts:1,3.3,121 lines read
server/src/blockchain/node_modules/@streamparser/json/test/selectors.ts,CLEAN,server/src/blockchain/node_modules/@streamparser/json/test/selectors.ts:1,3.3,92 lines read
server/src/blockchain/node_modules/@streamparser/json/test/separator.ts,CLEAN,server/src/blockchain/node_modules/@streamparser/json/test/separator.ts:1,3.3,119 lines read
server/src/blockchain/node_modules/@streamparser/json/test/types/arrays.ts,CLEAN,server/src/blockchain/node_modules/@streamparser/json/test/types/arrays.ts:1,3.3,109 lines read
server/src/blockchain/node_modules/@streamparser/json/test/types/booleans.ts,CLEAN,server/src/blockchain/node_modules/@streamparser/json/test/types/booleans.ts:1,3.3,45 lines read
server/src/blockchain/node_modules/@streamparser/json/test/types/null.ts,CLEAN,server/src/blockchain/node_modules/@streamparser/json/test/types/null.ts:1,3.3,37 lines read
server/src/blockchain/node_modules/@streamparser/json/test/types/numbers.ts,CLEAN,server/src/blockchain/node_modules/@streamparser/json/test/types/numbers.ts:1,3.3,101 lines read
server/src/blockchain/node_modules/@streamparser/json/test/types/objects.ts,CLEAN,server/src/blockchain/node_modules/@streamparser/json/test/types/objects.ts:1,3.3,134 lines read
server/src/blockchain/node_modules/@streamparser/json/test/types/strings.ts,CLEAN,server/src/blockchain/node_modules/@streamparser/json/test/types/strings.ts:1,3.3,184 lines read
server/src/blockchain/node_modules/@streamparser/json/test/utils/testRunner.ts,CLEAN,server/src/blockchain/node_modules/@streamparser/json/test/utils/testRunner.ts:1,3.3,62 lines read
server/src/blockchain/node_modules/ansi-colors/types/index.d.ts,CLEAN,server/src/blockchain/node_modules/ansi-colors/types/index.d.ts:1,3.3,235 lines read
server/src/blockchain/node_modules/ansi-regex/index.d.ts,CLEAN,server/src/blockchain/node_modules/ansi-regex/index.d.ts:1,3.3,37 lines read
server/src/blockchain/node_modules/chalk/source/index.d.ts,CLEAN,server/src/blockchain/node_modules/chalk/source/index.d.ts:1,3.3,325 lines read
server/src/blockchain/node_modules/chalk/source/vendor/ansi-styles/index.d.ts,CLEAN,server/src/blockchain/node_modules/chalk/source/vendor/ansi-styles/index.d.ts:1,3.3,236 lines read
server/src/blockchain/node_modules/chalk/source/vendor/supports-color/browser.d.ts,CLEAN,server/src/blockchain/node_modules/chalk/source/vendor/supports-color/browser.d.ts:1,3.3,1 lines read
server/src/blockchain/node_modules/chalk/source/vendor/supports-color/index.d.ts,CLEAN,server/src/blockchain/node_modules/chalk/source/vendor/supports-color/index.d.ts:1,3.3,55 lines read
server/src/blockchain/node_modules/chokidar/esm/handler.d.ts,CLEAN,server/src/blockchain/node_modules/chokidar/esm/handler.d.ts:1,3.3,90 lines read
server/src/blockchain/node_modules/chokidar/esm/index.d.ts,GAP_FOUND,server/src/blockchain/node_modules/chokidar/esm/index.d.ts:1,3.3,console@207
server/src/blockchain/node_modules/chokidar/handler.d.ts,CLEAN,server/src/blockchain/node_modules/chokidar/handler.d.ts:1,3.3,90 lines read
server/src/blockchain/node_modules/chokidar/index.d.ts,GAP_FOUND,server/src/blockchain/node_modules/chokidar/index.d.ts:1,3.3,console@207
server/src/blockchain/node_modules/enquirer/index.d.ts,CLEAN,server/src/blockchain/node_modules/enquirer/index.d.ts:1,3.3,156 lines read
server/src/blockchain/node_modules/env-paths/index.d.ts,CLEAN,server/src/blockchain/node_modules/env-paths/index.d.ts:1,3.3,101 lines read
server/src/blockchain/node_modules/esbuild/lib/main.d.ts,CLEAN,server/src/blockchain/node_modules/esbuild/lib/main.d.ts:1,3.3,716 lines read
server/src/blockchain/node_modules/ethereum-cryptography/aes.d.ts,CLEAN,server/src/blockchain/node_modules/ethereum-cryptography/aes.d.ts:1,3.3,2 lines read
server/src/blockchain/node_modules/ethereum-cryptography/bip39/index.d.ts,CLEAN,server/src/blockchain/node_modules/ethereum-cryptography/bip39/index.d.ts:1,3.3,1 lines read
server/src/blockchain/node_modules/ethereum-cryptography/bip39/wordlists/czech.d.ts,CLEAN,server/src/blockchain/node_modules/ethereum-cryptography/bip39/wordlists/czech.d.ts:1,3.3,1 lines read
server/src/blockchain/node_modules/ethereum-cryptography/bip39/wordlists/english.d.ts,CLEAN,server/src/blockchain/node_modules/ethereum-cryptography/bip39/wordlists/english.d.ts:1,3.3,1 lines read
server/src/blockchain/node_modules/ethereum-cryptography/bip39/wordlists/french.d.ts,CLEAN,server/src/blockchain/node_modules/ethereum-cryptography/bip39/wordlists/french.d.ts:1,3.3,1 lines read
server/src/blockchain/node_modules/ethereum-cryptography/bip39/wordlists/italian.d.ts,CLEAN,server/src/blockchain/node_modules/ethereum-cryptography/bip39/wordlists/italian.d.ts:1,3.3,1 lines read
server/src/blockchain/node_modules/ethereum-cryptography/bip39/wordlists/japanese.d.ts,CLEAN,server/src/blockchain/node_modules/ethereum-cryptography/bip39/wordlists/japanese.d.ts:1,3.3,1 lines read
server/src/blockchain/node_modules/ethereum-cryptography/bip39/wordlists/korean.d.ts,CLEAN,server/src/blockchain/node_modules/ethereum-cryptography/bip39/wordlists/korean.d.ts:1,3.3,1 lines read
server/src/blockchain/node_modules/ethereum-cryptography/bip39/wordlists/simplified-chinese.d.ts,CLEAN,server/src/blockchain/node_modules/ethereum-cryptography/bip39/wordlists/simplified-chinese.d.ts:1,3.3,1 lines read
server/src/blockchain/node_modules/ethereum-cryptography/bip39/wordlists/spanish.d.ts,CLEAN,server/src/blockchain/node_modules/ethereum-cryptography/bip39/wordlists/spanish.d.ts:1,3.3,1 lines read
server/src/blockchain/node_modules/ethereum-cryptography/bip39/wordlists/traditional-chinese.d.ts,CLEAN,server/src/blockchain/node_modules/ethereum-cryptography/bip39/wordlists/traditional-chinese.d.ts:1,3.3,1 lines read
server/src/blockchain/node_modules/ethereum-cryptography/blake2b.d.ts,CLEAN,server/src/blockchain/node_modules/ethereum-cryptography/blake2b.d.ts:1,3.3,1 lines read
server/src/blockchain/node_modules/ethereum-cryptography/hdkey.d.ts,CLEAN,server/src/blockchain/node_modules/ethereum-cryptography/hdkey.d.ts:1,3.3,1 lines read
server/src/blockchain/node_modules/ethereum-cryptography/index.d.ts,CLEAN,server/src/blockchain/node_modules/ethereum-cryptography/index.d.ts:1,3.3,0 lines read
server/src/blockchain/node_modules/ethereum-cryptography/keccak.d.ts,CLEAN,server/src/blockchain/node_modules/ethereum-cryptography/keccak.d.ts:1,3.3,11 lines read
server/src/blockchain/node_modules/ethereum-cryptography/pbkdf2.d.ts,CLEAN,server/src/blockchain/node_modules/ethereum-cryptography/pbkdf2.d.ts:1,3.3,2 lines read
server/src/blockchain/node_modules/ethereum-cryptography/random.d.ts,CLEAN,server/src/blockchain/node_modules/ethereum-cryptography/random.d.ts:1,3.3,2 lines read
server/src/blockchain/node_modules/ethereum-cryptography/ripemd160.d.ts,CLEAN,server/src/blockchain/node_modules/ethereum-cryptography/ripemd160.d.ts:1,3.3,1 lines read
server/src/blockchain/node_modules/ethereum-cryptography/scrypt.d.ts,CLEAN,server/src/blockchain/node_modules/ethereum-cryptography/scrypt.d.ts:1,3.3,4 lines read
server/src/blockchain/node_modules/ethereum-cryptography/secp256k1-compat.d.ts,CLEAN,server/src/blockchain/node_modules/ethereum-cryptography/secp256k1-compat.d.ts:1,3.3,35 lines read
server/src/blockchain/node_modules/ethereum-cryptography/secp256k1.d.ts,CLEAN,server/src/blockchain/node_modules/ethereum-cryptography/secp256k1.d.ts:1,3.3,1 lines read
server/src/blockchain/node_modules/ethereum-cryptography/sha256.d.ts,CLEAN,server/src/blockchain/node_modules/ethereum-cryptography/sha256.d.ts:1,3.3,1 lines read
server/src/blockchain/node_modules/ethereum-cryptography/sha512.d.ts,CLEAN,server/src/blockchain/node_modules/ethereum-cryptography/sha512.d.ts:1,3.3,1 lines read
server/src/blockchain/node_modules/ethereum-cryptography/utils.d.ts,CLEAN,server/src/blockchain/node_modules/ethereum-cryptography/utils.d.ts:1,3.3,12 lines read
server/src/blockchain/node_modules/fast-equals/dist/umd/comparator.d.ts,CLEAN,server/src/blockchain/node_modules/fast-equals/dist/umd/comparator.d.ts:1,3.3,26 lines read
server/src/blockchain/node_modules/fast-equals/dist/umd/equals.d.ts,CLEAN,server/src/blockchain/node_modules/fast-equals/dist/umd/equals.d.ts:1,3.3,62 lines read
server/src/blockchain/node_modules/fast-equals/dist/umd/index.d.ts,CLEAN,server/src/blockchain/node_modules/fast-equals/dist/umd/index.d.ts:1,3.3,47 lines read
server/src/blockchain/node_modules/fast-equals/dist/umd/internalTypes.d.ts,CLEAN,server/src/blockchain/node_modules/fast-equals/dist/umd/internalTypes.d.ts:1,3.3,159 lines read
server/src/blockchain/node_modules/fast-equals/dist/umd/utils.d.ts,CLEAN,server/src/blockchain/node_modules/fast-equals/dist/umd/utils.d.ts:1,3.3,28 lines read
server/src/blockchain/node_modules/fast-equals/index.d.ts,CLEAN,server/src/blockchain/node_modules/fast-equals/index.d.ts:1,3.3,260 lines read
server/src/blockchain/node_modules/fsevents/fsevents.d.ts,CLEAN,server/src/blockchain/node_modules/fsevents/fsevents.d.ts:1,3.3,46 lines read
server/src/blockchain/node_modules/hardhat/dist/src/cli.d.ts,CLEAN,server/src/blockchain/node_modules/hardhat/dist/src/cli.d.ts:1,3.3,3 lines read
server/src/blockchain/node_modules/hardhat/dist/src/config.d.ts,CLEAN,server/src/blockchain/node_modules/hardhat/dist/src/config.d.ts:1,3.3,27 lines read
server/src/blockchain/node_modules/hardhat/dist/src/hre.d.ts,CLEAN,server/src/blockchain/node_modules/hardhat/dist/src/hre.d.ts:1,3.3,5 lines read
server/src/blockchain/node_modules/hardhat/dist/src/index.d.ts,CLEAN,server/src/blockchain/node_modules/hardhat/dist/src/index.d.ts:1,3.3,21 lines read
server/src/blockchain/node_modules/hardhat/dist/src/internal/builtin-global-options.d.ts,CLEAN,server/src/blockchain/node_modules/hardhat/dist/src/internal/builtin-global-options.d.ts:1,3.3,3 lines read
server/src/blockchain/node_modules/hardhat/dist/src/internal/builtin-plugins/artifacts/artifact-manager.d.ts,CLEAN,server/src/blockchain/node_modules/hardhat/dist/src/internal/builtin-plugins/artifacts/artifact-manager.d.ts:1,3.3,41 lines read
server/src/blockchain/node_modules/hardhat/dist/src/internal/builtin-plugins/artifacts/hook-handlers/hre.d.ts,CLEAN,server/src/blockchain/node_modules/hardhat/dist/src/internal/builtin-plugins/artifacts/hook-handlers/hre.d.ts:1,3.3,4 lines read
server/src/blockchain/node_modules/hardhat/dist/src/internal/builtin-plugins/artifacts/index.d.ts,CLEAN,server/src/blockchain/node_modules/hardhat/dist/src/internal/builtin-plugins/artifacts/index.d.ts:1,3.3,5 lines read
server/src/blockchain/node_modules/hardhat/dist/src/internal/builtin-plugins/artifacts/type-extensions.d.ts,CLEAN,server/src/blockchain/node_modules/hardhat/dist/src/internal/builtin-plugins/artifacts/type-extensions.d.ts:1,3.3,7 lines read
server/src/blockchain/node_modules/hardhat/dist/src/internal/builtin-plugins/clean/index.d.ts,CLEAN,server/src/blockchain/node_modules/hardhat/dist/src/internal/builtin-plugins/clean/index.d.ts:1,3.3,5 lines read
server/src/blockchain/node_modules/hardhat/dist/src/internal/builtin-plugins/clean/task-action.d.ts,CLEAN,server/src/blockchain/node_modules/hardhat/dist/src/internal/builtin-plugins/clean/task-action.d.ts:1,3.3,7 lines read
server/src/blockchain/node_modules/hardhat/dist/src/internal/builtin-plugins/clean/type-extensions.d.ts,CLEAN,server/src/blockchain/node_modules/hardhat/dist/src/internal/builtin-plugins/clean/type-extensions.d.ts:1,3.3,10 lines read
server/src/blockchain/node_modules/hardhat/dist/src/internal/builtin-plugins/console/index.d.ts,CLEAN,server/src/blockchain/node_modules/hardhat/dist/src/internal/builtin-plugins/console/index.d.ts:1,3.3,4 lines read
server/src/blockchain/node_modules/hardhat/dist/src/internal/builtin-plugins/console/task-action.d.ts,CLEAN,server/src/blockchain/node_modules/hardhat/dist/src/internal/builtin-plugins/console/task-action.d.ts:1,3.3,11 lines read
server/src/blockchain/node_modules/hardhat/dist/src/internal/builtin-plugins/coverage/coverage-manager.d.ts,CLEAN,server/src/blockchain/node_modules/hardhat/dist/src/internal/builtin-plugins/coverage/coverage-manager.d.ts:1,3.3,67 lines read
server/src/blockchain/node_modules/hardhat/dist/src/internal/builtin-plugins/coverage/exports.d.ts,CLEAN,server/src/blockchain/node_modules/hardhat/dist/src/internal/builtin-plugins/coverage/exports.d.ts:1,3.3,2 lines read
server/src/blockchain/node_modules/hardhat/dist/src/internal/builtin-plugins/coverage/helpers.d.ts,CLEAN,server/src/blockchain/node_modules/hardhat/dist/src/internal/builtin-plugins/coverage/helpers.d.ts:1,3.3,12 lines read
server/src/blockchain/node_modules/hardhat/dist/src/internal/builtin-plugins/coverage/hook-handlers/clean.d.ts,CLEAN,server/src/blockchain/node_modules/hardhat/dist/src/internal/builtin-plugins/coverage/hook-handlers/clean.d.ts:1,3.3,4 lines read
server/src/blockchain/node_modules/hardhat/dist/src/internal/builtin-plugins/coverage/hook-handlers/hre.d.ts,CLEAN,server/src/blockchain/node_modules/hardhat/dist/src/internal/builtin-plugins/coverage/hook-handlers/hre.d.ts:1,3.3,4 lines read
server/src/blockchain/node_modules/hardhat/dist/src/internal/builtin-plugins/coverage/hook-handlers/solidity.d.ts,CLEAN,server/src/blockchain/node_modules/hardhat/dist/src/internal/builtin-plugins/coverage/hook-handlers/solidity.d.ts:1,3.3,4 lines read
server/src/blockchain/node_modules/hardhat/dist/src/internal/builtin-plugins/coverage/index.d.ts,CLEAN,server/src/blockchain/node_modules/hardhat/dist/src/internal/builtin-plugins/coverage/index.d.ts:1,3.3,5 lines read
server/src/blockchain/node_modules/hardhat/dist/src/internal/builtin-plugins/coverage/process-coverage.d.ts,CLEAN,server/src/blockchain/node_modules/hardhat/dist/src/internal/builtin-plugins/coverage/process-coverage.d.ts:1,3.3,21 lines read
server/src/blockchain/node_modules/hardhat/dist/src/internal/builtin-plugins/coverage/reports/html.d.ts,CLEAN,server/src/blockchain/node_modules/hardhat/dist/src/internal/builtin-plugins/coverage/reports/html.d.ts:1,3.3,3 lines read
server/src/blockchain/node_modules/hardhat/dist/src/internal/builtin-plugins/coverage/type-extensions.d.ts,CLEAN,server/src/blockchain/node_modules/hardhat/dist/src/internal/builtin-plugins/coverage/type-extensions.d.ts:1,3.3,7 lines read
server/src/blockchain/node_modules/hardhat/dist/src/internal/builtin-plugins/coverage/types.d.ts,CLEAN,server/src/blockchain/node_modules/hardhat/dist/src/internal/builtin-plugins/coverage/types.d.ts:1,3.3,25 lines read
server/src/blockchain/node_modules/hardhat/dist/src/internal/builtin-plugins/flatten/index.d.ts,CLEAN,server/src/blockchain/node_modules/hardhat/dist/src/internal/builtin-plugins/flatten/index.d.ts:1,3.3,4 lines read
server/src/blockchain/node_modules/hardhat/dist/src/internal/builtin-plugins/flatten/task-action.d.ts,CLEAN,server/src/blockchain/node_modules/hardhat/dist/src/internal/builtin-plugins/flatten/task-action.d.ts:1,3.3,19 lines read
server/src/blockchain/node_modules/hardhat/dist/src/internal/builtin-plugins/gas-analytics/exports.d.ts,CLEAN,server/src/blockchain/node_modules/hardhat/dist/src/internal/builtin-plugins/gas-analytics/exports.d.ts:1,3.3,2 lines read
server/src/blockchain/node_modules/hardhat/dist/src/internal/builtin-plugins/gas-analytics/gas-analytics-manager.d.ts,CLEAN,server/src/blockchain/node_modules/hardhat/dist/src/internal/builtin-plugins/gas-analytics/gas-analytics-manager.d.ts:1,3.3,59 lines read
server/src/blockchain/node_modules/hardhat/dist/src/internal/builtin-plugins/gas-analytics/helpers.d.ts,CLEAN,server/src/blockchain/node_modules/hardhat/dist/src/internal/builtin-plugins/gas-analytics/helpers.d.ts:1,3.3,11 lines read
server/src/blockchain/node_modules/hardhat/dist/src/internal/builtin-plugins/gas-analytics/hook-handlers/hre.d.ts,CLEAN,server/src/blockchain/node_modules/hardhat/dist/src/internal/builtin-plugins/gas-analytics/hook-handlers/hre.d.ts:1,3.3,4 lines read
server/src/blockchain/node_modules/hardhat/dist/src/internal/builtin-plugins/gas-analytics/index.d.ts,CLEAN,server/src/blockchain/node_modules/hardhat/dist/src/internal/builtin-plugins/gas-analytics/index.d.ts:1,3.3,5 lines read
server/src/blockchain/node_modules/hardhat/dist/src/internal/builtin-plugins/gas-analytics/type-extensions.d.ts,CLEAN,server/src/blockchain/node_modules/hardhat/dist/src/internal/builtin-plugins/gas-analytics/type-extensions.d.ts:1,3.3,7 lines read
server/src/blockchain/node_modules/hardhat/dist/src/internal/builtin-plugins/gas-analytics/types.d.ts,CLEAN,server/src/blockchain/node_modules/hardhat/dist/src/internal/builtin-plugins/gas-analytics/types.d.ts:1,3.3,21 lines read
server/src/blockchain/node_modules/hardhat/dist/src/internal/builtin-plugins/index.d.ts,CLEAN,server/src/blockchain/node_modules/hardhat/dist/src/internal/builtin-plugins/index.d.ts:1,3.3,16 lines read
server/src/blockchain/node_modules/hardhat/dist/src/internal/builtin-plugins/network-manager/accounts/constants.d.ts,CLEAN,server/src/blockchain/node_modules/hardhat/dist/src/internal/builtin-plugins/network-manager/accounts/constants.d.ts:1,3.3,9 lines read
server/src/blockchain/node_modules/hardhat/dist/src/internal/builtin-plugins/network-manager/accounts/derive-private-keys.d.ts,CLEAN,server/src/blockchain/node_modules/hardhat/dist/src/internal/builtin-plugins/network-manager/accounts/derive-private-keys.d.ts:1,3.3,2 lines read
server/src/blockchain/node_modules/hardhat/dist/src/internal/builtin-plugins/network-manager/base-provider.d.ts,CLEAN,server/src/blockchain/node_modules/hardhat/dist/src/internal/builtin-plugins/network-manager/base-provider.d.ts:1,3.3,9 lines read
server/src/blockchain/node_modules/hardhat/dist/src/internal/builtin-plugins/network-manager/chain-descriptors.d.ts,CLEAN,server/src/blockchain/node_modules/hardhat/dist/src/internal/builtin-plugins/network-manager/chain-descriptors.d.ts:1,3.3,3 lines read
server/src/blockchain/node_modules/hardhat/dist/src/internal/builtin-plugins/network-manager/config-resolution.d.ts,CLEAN,server/src/blockchain/node_modules/hardhat/dist/src/internal/builtin-plugins/network-manager/config-resolution.d.ts:1,3.3,14 lines read
server/src/blockchain/node_modules/hardhat/dist/src/internal/builtin-plugins/network-manager/edr/edr-provider.d.ts,CLEAN,server/src/blockchain/node_modules/hardhat/dist/src/internal/builtin-plugins/network-manager/edr/edr-provider.d.ts:1,3.3,50 lines read
server/src/blockchain/node_modules/hardhat/dist/src/internal/builtin-plugins/network-manager/edr/stack-traces/solidity-stack-trace.d.ts,CLEAN,server/src/blockchain/node_modules/hardhat/dist/src/internal/builtin-plugins/network-manager/edr/stack-traces/solidity-stack-trace.d.ts:1,3.3,7 lines read
server/src/blockchain/node_modules/hardhat/dist/src/internal/builtin-plugins/network-manager/edr/stack-traces/stack-trace-generation-errors.d.ts,CLEAN,server/src/blockchain/node_modules/hardhat/dist/src/internal/builtin-plugins/network-manager/edr/stack-traces/stack-trace-generation-errors.d.ts:1,3.3,11 lines read
server/src/blockchain/node_modules/hardhat/dist/src/internal/builtin-plugins/network-manager/edr/stack-traces/stack-trace-solidity-errors.d.ts,CLEAN,server/src/blockchain/node_modules/hardhat/dist/src/internal/builtin-plugins/network-manager/edr/stack-traces/stack-trace-solidity-errors.d.ts:1,3.3,41 lines read
server/src/blockchain/node_modules/hardhat/dist/src/internal/builtin-plugins/network-manager/edr/type-validation.d.ts,CLEAN,server/src/blockchain/node_modules/hardhat/dist/src/internal/builtin-plugins/network-manager/edr/type-validation.d.ts:1,3.3,9 lines read
server/src/blockchain/node_modules/hardhat/dist/src/internal/builtin-plugins/network-manager/edr/types/coverage.d.ts,CLEAN,server/src/blockchain/node_modules/hardhat/dist/src/internal/builtin-plugins/network-manager/edr/types/coverage.d.ts:1,3.3,4 lines read
server/src/blockchain/node_modules/hardhat/dist/src/internal/builtin-plugins/network-manager/edr/types/hardfork.d.ts,CLEAN,server/src/blockchain/node_modules/hardhat/dist/src/internal/builtin-plugins/network-manager/edr/types/hardfork.d.ts:1,3.3,44 lines read
server/src/blockchain/node_modules/hardhat/dist/src/internal/builtin-plugins/network-manager/edr/types/logger.d.ts,CLEAN,server/src/blockchain/node_modules/hardhat/dist/src/internal/builtin-plugins/network-manager/edr/types/logger.d.ts:1,3.3,6 lines read
server/src/blockchain/node_modules/hardhat/dist/src/internal/builtin-plugins/network-manager/edr/types/node-types.d.ts,CLEAN,server/src/blockchain/node_modules/hardhat/dist/src/internal/builtin-plugins/network-manager/edr/types/node-types.d.ts:1,3.3,13 lines read
server/src/blockchain/node_modules/hardhat/dist/src/internal/builtin-plugins/network-manager/edr/types/output.d.ts,CLEAN,server/src/blockchain/node_modules/hardhat/dist/src/internal/builtin-plugins/network-manager/edr/types/output.d.ts:1,3.3,19 lines read
server/src/blockchain/node_modules/hardhat/dist/src/internal/builtin-plugins/network-manager/edr/utils/client-version.d.ts,CLEAN,server/src/blockchain/node_modules/hardhat/dist/src/internal/builtin-plugins/network-manager/edr/utils/client-version.d.ts:1,3.3,2 lines read
server/src/blockchain/node_modules/hardhat/dist/src/internal/builtin-plugins/network-manager/edr/utils/console-log-signatures.d.ts,CLEAN,server/src/blockchain/node_modules/hardhat/dist/src/internal/builtin-plugins/network-manager/edr/utils/console-log-signatures.d.ts:1,3.3,41 lines read
server/src/blockchain/node_modules/hardhat/dist/src/internal/builtin-plugins/network-manager/edr/utils/console-logger.d.ts,CLEAN,server/src/blockchain/node_modules/hardhat/dist/src/internal/builtin-plugins/network-manager/edr/utils/console-logger.d.ts:1,3.3,19 lines read
server/src/blockchain/node_modules/hardhat/dist/src/internal/builtin-plugins/network-manager/edr/utils/convert-to-edr.d.ts,CLEAN,server/src/blockchain/node_modules/hardhat/dist/src/internal/builtin-plugins/network-manager/edr/utils/convert-to-edr.d.ts:1,3.3,26 lines read
server/src/blockchain/node_modules/hardhat/dist/src/internal/builtin-plugins/network-manager/edr/utils/hardfork.d.ts,CLEAN,server/src/blockchain/node_modules/hardhat/dist/src/internal/builtin-plugins/network-manager/edr/utils/hardfork.d.ts:1,3.3,4 lines read
server/src/blockchain/node_modules/hardhat/dist/src/internal/builtin-plugins/network-manager/edr/utils/logger.d.ts,CLEAN,server/src/blockchain/node_modules/hardhat/dist/src/internal/builtin-plugins/network-manager/edr/utils/logger.d.ts:1,3.3,3 lines read
server/src/blockchain/node_modules/hardhat/dist/src/internal/builtin-plugins/network-manager/hook-handlers/config.d.ts,CLEAN,server/src/blockchain/node_modules/hardhat/dist/src/internal/builtin-plugins/network-manager/hook-handlers/config.d.ts:1,3.3,7 lines read
server/src/blockchain/node_modules/hardhat/dist/src/internal/builtin-plugins/network-manager/hook-handlers/hre.d.ts,CLEAN,server/src/blockchain/node_modules/hardhat/dist/src/internal/builtin-plugins/network-manager/hook-handlers/hre.d.ts:1,3.3,4 lines read
server/src/blockchain/node_modules/hardhat/dist/src/internal/builtin-plugins/network-manager/hook-handlers/network.d.ts,CLEAN,server/src/blockchain/node_modules/hardhat/dist/src/internal/builtin-plugins/network-manager/hook-handlers/network.d.ts:1,3.3,4 lines read
server/src/blockchain/node_modules/hardhat/dist/src/internal/builtin-plugins/network-manager/http-provider.d.ts,CLEAN,server/src/blockchain/node_modules/hardhat/dist/src/internal/builtin-plugins/network-manager/http-provider.d.ts:1,3.3,37 lines read
server/src/blockchain/node_modules/hardhat/dist/src/internal/builtin-plugins/network-manager/index.d.ts,CLEAN,server/src/blockchain/node_modules/hardhat/dist/src/internal/builtin-plugins/network-manager/index.d.ts:1,3.3,8 lines read
server/src/blockchain/node_modules/hardhat/dist/src/internal/builtin-plugins/network-manager/json-rpc.d.ts,CLEAN,server/src/blockchain/node_modules/hardhat/dist/src/internal/builtin-plugins/network-manager/json-rpc.d.ts:1,3.3,13 lines read
server/src/blockchain/node_modules/hardhat/dist/src/internal/builtin-plugins/network-manager/network-connection.d.ts,CLEAN,server/src/blockchain/node_modules/hardhat/dist/src/internal/builtin-plugins/network-manager/network-connection.d.ts:1,3.3,16 lines read
server/src/blockchain/node_modules/hardhat/dist/src/internal/builtin-plugins/network-manager/network-manager.d.ts,CLEAN,server/src/blockchain/node_modules/hardhat/dist/src/internal/builtin-plugins/network-manager/network-manager.d.ts:1,3.3,13 lines read
server/src/blockchain/node_modules/hardhat/dist/src/internal/builtin-plugins/network-manager/provider-errors.d.ts,CLEAN,server/src/blockchain/node_modules/hardhat/dist/src/internal/builtin-plugins/network-manager/provider-errors.d.ts:1,3.3,49 lines read
server/src/blockchain/node_modules/hardhat/dist/src/internal/builtin-plugins/network-manager/request-handlers/handlers-array.d.ts,CLEAN,server/src/blockchain/node_modules/hardhat/dist/src/internal/builtin-plugins/network-manager/request-handlers/handlers-array.d.ts:1,3.3,12 lines read
server/src/blockchain/node_modules/hardhat/dist/src/internal/builtin-plugins/network-manager/request-handlers/handlers/accounts/automatic-sender-handler.d.ts,CLEAN,server/src/blockchain/node_modules/hardhat/dist/src/internal/builtin-plugins/network-manager/request-handlers/handlers/accounts/automatic-sender-handler.d.ts:1,3.3,11 lines read
server/src/blockchain/node_modules/hardhat/dist/src/internal/builtin-plugins/network-manager/request-handlers/handlers/accounts/fixed-sender-handler.d.ts,CLEAN,server/src/blockchain/node_modules/hardhat/dist/src/internal/builtin-plugins/network-manager/request-handlers/handlers/accounts/fixed-sender-handler.d.ts:1,3.3,13 lines read
server/src/blockchain/node_modules/hardhat/dist/src/internal/builtin-plugins/network-manager/request-handlers/handlers/accounts/hd-wallet-handler.d.ts,CLEAN,server/src/blockchain/node_modules/hardhat/dist/src/internal/builtin-plugins/network-manager/request-handlers/handlers/accounts/hd-wallet-handler.d.ts:1,3.3,11 lines read
server/src/blockchain/node_modules/hardhat/dist/src/internal/builtin-plugins/network-manager/request-handlers/handlers/accounts/local-accounts.d.ts,CLEAN,server/src/blockchain/node_modules/hardhat/dist/src/internal/builtin-plugins/network-manager/request-handlers/handlers/accounts/local-accounts.d.ts:1,3.3,9 lines read
server/src/blockchain/node_modules/hardhat/dist/src/internal/builtin-plugins/network-manager/request-handlers/handlers/accounts/sender.d.ts,CLEAN,server/src/blockchain/node_modules/hardhat/dist/src/internal/builtin-plugins/network-manager/request-handlers/handlers/accounts/sender.d.ts:1,3.3,15 lines read
server/src/blockchain/node_modules/hardhat/dist/src/internal/builtin-plugins/network-manager/request-handlers/handlers/chain-id/chain-id-handler.d.ts,CLEAN,server/src/blockchain/node_modules/hardhat/dist/src/internal/builtin-plugins/network-manager/request-handlers/handlers/chain-id/chain-id-handler.d.ts:1,3.3,15 lines read
server/src/blockchain/node_modules/hardhat/dist/src/internal/builtin-plugins/network-manager/request-handlers/handlers/chain-id/chain-id.d.ts,CLEAN,server/src/blockchain/node_modules/hardhat/dist/src/internal/builtin-plugins/network-manager/request-handlers/handlers/chain-id/chain-id.d.ts:1,3.3,14 lines read
server/src/blockchain/node_modules/hardhat/dist/src/internal/builtin-plugins/network-manager/request-handlers/handlers/gas/automatic-gas-handler.d.ts,CLEAN,server/src/blockchain/node_modules/hardhat/dist/src/internal/builtin-plugins/network-manager/request-handlers/handlers/gas/automatic-gas-handler.d.ts:1,3.3,17 lines read
server/src/blockchain/node_modules/hardhat/dist/src/internal/builtin-plugins/network-manager/request-handlers/handlers/gas/automatic-gas-price-handler.d.ts,CLEAN,server/src/blockchain/node_modules/hardhat/dist/src/internal/builtin-plugins/network-manager/request-handlers/handlers/gas/automatic-gas-price-handler.d.ts:1,3.3,14 lines read
server/src/blockchain/node_modules/hardhat/dist/src/internal/builtin-plugins/network-manager/request-handlers/handlers/gas/fixed-gas-handler.d.ts,CLEAN,server/src/blockchain/node_modules/hardhat/dist/src/internal/builtin-plugins/network-manager/request-handlers/handlers/gas/fixed-gas-handler.d.ts:1,3.3,13 lines read
server/src/blockchain/node_modules/hardhat/dist/src/internal/builtin-plugins/network-manager/request-handlers/handlers/gas/fixed-gas-price-handler.d.ts,CLEAN,server/src/blockchain/node_modules/hardhat/dist/src/internal/builtin-plugins/network-manager/request-handlers/handlers/gas/fixed-gas-price-handler.d.ts:1,3.3,13 lines read
server/src/blockchain/node_modules/hardhat/dist/src/internal/builtin-plugins/network-manager/request-handlers/handlers/gas/multiplied-gas-estimation.d.ts,CLEAN,server/src/blockchain/node_modules/hardhat/dist/src/internal/builtin-plugins/network-manager/request-handlers/handlers/gas/multiplied-gas-estimation.d.ts:1,3.3,13 lines read
server/src/blockchain/node_modules/hardhat/dist/src/internal/builtin-plugins/network-manager/request-handlers/types.d.ts,CLEAN,server/src/blockchain/node_modules/hardhat/dist/src/internal/builtin-plugins/network-manager/request-handlers/types.d.ts:1,3.3,15 lines read
server/src/blockchain/node_modules/hardhat/dist/src/internal/builtin-plugins/network-manager/type-extensions/config.d.ts,CLEAN,server/src/blockchain/node_modules/hardhat/dist/src/internal/builtin-plugins/network-manager/type-extensions/config.d.ts:1,3.3,231 lines read
server/src/blockchain/node_modules/hardhat/dist/src/internal/builtin-plugins/network-manager/type-extensions/global-options.d.ts,CLEAN,server/src/blockchain/node_modules/hardhat/dist/src/internal/builtin-plugins/network-manager/type-extensions/global-options.d.ts:1,3.3,7 lines read
server/src/blockchain/node_modules/hardhat/dist/src/internal/builtin-plugins/network-manager/type-extensions/hooks.d.ts,CLEAN,server/src/blockchain/node_modules/hardhat/dist/src/internal/builtin-plugins/network-manager/type-extensions/hooks.d.ts:1,3.3,30 lines read
server/src/blockchain/node_modules/hardhat/dist/src/internal/builtin-plugins/network-manager/type-extensions/hre.d.ts,CLEAN,server/src/blockchain/node_modules/hardhat/dist/src/internal/builtin-plugins/network-manager/type-extensions/hre.d.ts:1,3.3,8 lines read
server/src/blockchain/node_modules/hardhat/dist/src/internal/builtin-plugins/network-manager/type-validation.d.ts,CLEAN,server/src/blockchain/node_modules/hardhat/dist/src/internal/builtin-plugins/network-manager/type-validation.d.ts:1,3.3,9 lines read
server/src/blockchain/node_modules/hardhat/dist/src/internal/builtin-plugins/node/artifacts/build-info-watcher.d.ts,CLEAN,server/src/blockchain/node_modules/hardhat/dist/src/internal/builtin-plugins/node/artifacts/build-info-watcher.d.ts:1,3.3,25 lines read
server/src/blockchain/node_modules/hardhat/dist/src/internal/builtin-plugins/node/helpers.d.ts,CLEAN,server/src/blockchain/node_modules/hardhat/dist/src/internal/builtin-plugins/node/helpers.d.ts:1,3.3,16 lines read
server/src/blockchain/node_modules/hardhat/dist/src/internal/builtin-plugins/node/index.d.ts,CLEAN,server/src/blockchain/node_modules/hardhat/dist/src/internal/builtin-plugins/node/index.d.ts:1,3.3,4 lines read
server/src/blockchain/node_modules/hardhat/dist/src/internal/builtin-plugins/node/json-rpc/handler.d.ts,CLEAN,server/src/blockchain/node_modules/hardhat/dist/src/internal/builtin-plugins/node/json-rpc/handler.d.ts:1,3.3,10 lines read
server/src/blockchain/node_modules/hardhat/dist/src/internal/builtin-plugins/node/json-rpc/server.d.ts,CLEAN,server/src/blockchain/node_modules/hardhat/dist/src/internal/builtin-plugins/node/json-rpc/server.d.ts:1,3.3,18 lines read
server/src/blockchain/node_modules/hardhat/dist/src/internal/builtin-plugins/node/task-action.d.ts,CLEAN,server/src/blockchain/node_modules/hardhat/dist/src/internal/builtin-plugins/node/task-action.d.ts:1,3.3,12 lines read
server/src/blockchain/node_modules/hardhat/dist/src/internal/builtin-plugins/run/index.d.ts,CLEAN,server/src/blockchain/node_modules/hardhat/dist/src/internal/builtin-plugins/run/index.d.ts:1,3.3,4 lines read
server/src/blockchain/node_modules/hardhat/dist/src/internal/builtin-plugins/run/task-action.d.ts,CLEAN,server/src/blockchain/node_modules/hardhat/dist/src/internal/builtin-plugins/run/task-action.d.ts:1,3.3,8 lines read
server/src/blockchain/node_modules/hardhat/dist/src/internal/builtin-plugins/solidity-test/config.d.ts,CLEAN,server/src/blockchain/node_modules/hardhat/dist/src/internal/builtin-plugins/solidity-test/config.d.ts:1,3.3,8 lines read
server/src/blockchain/node_modules/hardhat/dist/src/internal/builtin-plugins/solidity-test/edr-artifacts.d.ts,CLEAN,server/src/blockchain/node_modules/hardhat/dist/src/internal/builtin-plugins/solidity-test/edr-artifacts.d.ts:1,3.3,20 lines read
server/src/blockchain/node_modules/hardhat/dist/src/internal/builtin-plugins/solidity-test/formatters.d.ts,CLEAN,server/src/blockchain/node_modules/hardhat/dist/src/internal/builtin-plugins/solidity-test/formatters.d.ts:1,3.3,14 lines read
server/src/blockchain/node_modules/hardhat/dist/src/internal/builtin-plugins/solidity-test/helpers.d.ts,CLEAN,server/src/blockchain/node_modules/hardhat/dist/src/internal/builtin-plugins/solidity-test/helpers.d.ts:1,3.3,20 lines read
server/src/blockchain/node_modules/hardhat/dist/src/internal/builtin-plugins/solidity-test/hook-handlers/config.d.ts,CLEAN,server/src/blockchain/node_modules/hardhat/dist/src/internal/builtin-plugins/solidity-test/hook-handlers/config.d.ts:1,3.3,4 lines read
server/src/blockchain/node_modules/hardhat/dist/src/internal/builtin-plugins/solidity-test/hook-handlers/test.d.ts,CLEAN,server/src/blockchain/node_modules/hardhat/dist/src/internal/builtin-plugins/solidity-test/hook-handlers/test.d.ts:1,3.3,4 lines read
server/src/blockchain/node_modules/hardhat/dist/src/internal/builtin-plugins/solidity-test/index.d.ts,CLEAN,server/src/blockchain/node_modules/hardhat/dist/src/internal/builtin-plugins/solidity-test/index.d.ts:1,3.3,5 lines read
server/src/blockchain/node_modules/hardhat/dist/src/internal/builtin-plugins/solidity-test/reporter.d.ts,CLEAN,server/src/blockchain/node_modules/hardhat/dist/src/internal/builtin-plugins/solidity-test/reporter.d.ts:1,3.3,9 lines read
server/src/blockchain/node_modules/hardhat/dist/src/internal/builtin-plugins/solidity-test/runner.d.ts,CLEAN,server/src/blockchain/node_modules/hardhat/dist/src/internal/builtin-plugins/solidity-test/runner.d.ts:1,3.3,27 lines read
server/src/blockchain/node_modules/hardhat/dist/src/internal/builtin-plugins/solidity-test/stack-trace-solidity-errors.d.ts,CLEAN,server/src/blockchain/node_modules/hardhat/dist/src/internal/builtin-plugins/solidity-test/stack-trace-solidity-errors.d.ts:1,3.3,3 lines read
server/src/blockchain/node_modules/hardhat/dist/src/internal/builtin-plugins/solidity-test/task-action.d.ts,CLEAN,server/src/blockchain/node_modules/hardhat/dist/src/internal/builtin-plugins/solidity-test/task-action.d.ts:1,3.3,12 lines read
server/src/blockchain/node_modules/hardhat/dist/src/internal/builtin-plugins/solidity-test/type-extensions.d.ts,CLEAN,server/src/blockchain/node_modules/hardhat/dist/src/internal/builtin-plugins/solidity-test/type-extensions.d.ts:1,3.3,78 lines read
server/src/blockchain/node_modules/hardhat/dist/src/internal/builtin-plugins/solidity-test/types.d.ts,CLEAN,server/src/blockchain/node_modules/hardhat/dist/src/internal/builtin-plugins/solidity-test/types.d.ts:1,3.3,20 lines read
server/src/blockchain/node_modules/hardhat/dist/src/internal/builtin-plugins/solidity/build-profiles.d.ts,CLEAN,server/src/blockchain/node_modules/hardhat/dist/src/internal/builtin-plugins/solidity/build-profiles.d.ts:1,3.3,3 lines read
server/src/blockchain/node_modules/hardhat/dist/src/internal/builtin-plugins/solidity/build-results.d.ts,CLEAN,server/src/blockchain/node_modules/hardhat/dist/src/internal/builtin-plugins/solidity/build-results.d.ts:1,3.3,11 lines read
server/src/blockchain/node_modules/hardhat/dist/src/internal/builtin-plugins/solidity/build-system/artifacts.d.ts,CLEAN,server/src/blockchain/node_modules/hardhat/dist/src/internal/builtin-plugins/solidity/build-system/artifacts.d.ts:1,3.3,10 lines read
server/src/blockchain/node_modules/hardhat/dist/src/internal/builtin-plugins/solidity/build-system/build-system.d.ts,CLEAN,server/src/blockchain/node_modules/hardhat/dist/src/internal/builtin-plugins/solidity/build-system/build-system.d.ts:1,3.3,35 lines read
server/src/blockchain/node_modules/hardhat/dist/src/internal/builtin-plugins/solidity/build-system/cache.d.ts,CLEAN,server/src/blockchain/node_modules/hardhat/dist/src/internal/builtin-plugins/solidity/build-system/cache.d.ts:1,3.3,19 lines read
server/src/blockchain/node_modules/hardhat/dist/src/internal/builtin-plugins/solidity/build-system/compilation-job.d.ts,CLEAN,server/src/blockchain/node_modules/hardhat/dist/src/internal/builtin-plugins/solidity/build-system/compilation-job.d.ts:1,3.3,16 lines read
server/src/blockchain/node_modules/hardhat/dist/src/internal/builtin-plugins/solidity/build-system/compiler/compiler.d.ts,CLEAN,server/src/blockchain/node_modules/hardhat/dist/src/internal/builtin-plugins/solidity/build-system/compiler/compiler.d.ts:1,3.3,25 lines read
server/src/blockchain/node_modules/hardhat/dist/src/internal/builtin-plugins/solidity/build-system/compiler/downloader.d.ts,CLEAN,server/src/blockchain/node_modules/hardhat/dist/src/internal/builtin-plugins/solidity/build-system/compiler/downloader.d.ts:1,3.3,74 lines read
server/src/blockchain/node_modules/hardhat/dist/src/internal/builtin-plugins/solidity/build-system/compiler/index.d.ts,CLEAN,server/src/blockchain/node_modules/hardhat/dist/src/internal/builtin-plugins/solidity/build-system/compiler/index.d.ts:1,3.3,7 lines read
server/src/blockchain/node_modules/hardhat/dist/src/internal/builtin-plugins/solidity/build-system/compiler/solcjs-runner.d.ts,CLEAN,server/src/blockchain/node_modules/hardhat/dist/src/internal/builtin-plugins/solidity/build-system/compiler/solcjs-runner.d.ts:1,3.3,2 lines read
server/src/blockchain/node_modules/hardhat/dist/src/internal/builtin-plugins/solidity/build-system/compiler/solcjs-wrapper.d.ts,CLEAN,server/src/blockchain/node_modules/hardhat/dist/src/internal/builtin-plugins/solidity/build-system/compiler/solcjs-wrapper.d.ts:1,3.3,19 lines read
server/src/blockchain/node_modules/hardhat/dist/src/internal/builtin-plugins/solidity/build-system/dependency-graph-building.d.ts,CLEAN,server/src/blockchain/node_modules/hardhat/dist/src/internal/builtin-plugins/solidity/build-system/dependency-graph-building.d.ts:1,3.3,3 lines read
server/src/blockchain/node_modules/hardhat/dist/src/internal/builtin-plugins/solidity/build-system/dependency-graph.d.ts,CLEAN,server/src/blockchain/node_modules/hardhat/dist/src/internal/builtin-plugins/solidity/build-system/dependency-graph.d.ts:1,3.3,56 lines read
server/src/blockchain/node_modules/hardhat/dist/src/internal/builtin-plugins/solidity/build-system/read-source-file.d.ts,CLEAN,server/src/blockchain/node_modules/hardhat/dist/src/internal/builtin-plugins/solidity/build-system/read-source-file.d.ts:1,3.3,3 lines read
server/src/blockchain/node_modules/hardhat/dist/src/internal/builtin-plugins/solidity/build-system/resolver/dependency-resolver.d.ts,CLEAN,server/src/blockchain/node_modules/hardhat/dist/src/internal/builtin-plugins/solidity/build-system/resolver/dependency-resolver.d.ts:1,3.3,29 lines read
server/src/blockchain/node_modules/hardhat/dist/src/internal/builtin-plugins/solidity/build-system/resolver/error-messages.d.ts,CLEAN,server/src/blockchain/node_modules/hardhat/dist/src/internal/builtin-plugins/solidity/build-system/resolver/error-messages.d.ts:1,3.3,5 lines read
server/src/blockchain/node_modules/hardhat/dist/src/internal/builtin-plugins/solidity/build-system/resolver/npm-module-parsing.d.ts,CLEAN,server/src/blockchain/node_modules/hardhat/dist/src/internal/builtin-plugins/solidity/build-system/resolver/npm-module-parsing.d.ts:1,3.3,23 lines read
server/src/blockchain/node_modules/hardhat/dist/src/internal/builtin-plugins/solidity/build-system/resolver/remapped-npm-packages-graph.d.ts,CLEAN,server/src/blockchain/node_modules/hardhat/dist/src/internal/builtin-plugins/solidity/build-system/resolver/remapped-npm-packages-graph.d.ts:1,3.3,31 lines read
server/src/blockchain/node_modules/hardhat/dist/src/internal/builtin-plugins/solidity/build-system/resolver/remappings.d.ts,CLEAN,server/src/blockchain/node_modules/hardhat/dist/src/internal/builtin-plugins/solidity/build-system/resolver/remappings.d.ts:1,3.3,20 lines read
server/src/blockchain/node_modules/hardhat/dist/src/internal/builtin-plugins/solidity/build-system/resolver/source-name-utils.d.ts,CLEAN,server/src/blockchain/node_modules/hardhat/dist/src/internal/builtin-plugins/solidity/build-system/resolver/source-name-utils.d.ts:1,3.3,25 lines read
server/src/blockchain/node_modules/hardhat/dist/src/internal/builtin-plugins/solidity/build-system/resolver/types.d.ts,CLEAN,server/src/blockchain/node_modules/hardhat/dist/src/internal/builtin-plugins/solidity/build-system/resolver/types.d.ts:1,3.3,211 lines read
server/src/blockchain/node_modules/hardhat/dist/src/internal/builtin-plugins/solidity/build-system/resolver/utils.d.ts,CLEAN,server/src/blockchain/node_modules/hardhat/dist/src/internal/builtin-plugins/solidity/build-system/resolver/utils.d.ts:1,3.3,20 lines read
server/src/blockchain/node_modules/hardhat/dist/src/internal/builtin-plugins/solidity/build-system/root-paths-utils.d.ts,CLEAN,server/src/blockchain/node_modules/hardhat/dist/src/internal/builtin-plugins/solidity/build-system/root-paths-utils.d.ts:1,3.3,58 lines read
server/src/blockchain/node_modules/hardhat/dist/src/internal/builtin-plugins/solidity/build-system/solc-config-selection.d.ts,CLEAN,server/src/blockchain/node_modules/hardhat/dist/src/internal/builtin-plugins/solidity/build-system/solc-config-selection.d.ts:1,3.3,28 lines read
server/src/blockchain/node_modules/hardhat/dist/src/internal/builtin-plugins/solidity/build-system/solc-info.d.ts,CLEAN,server/src/blockchain/node_modules/hardhat/dist/src/internal/builtin-plugins/solidity/build-system/solc-info.d.ts:1,3.3,2 lines read
server/src/blockchain/node_modules/hardhat/dist/src/internal/builtin-plugins/solidity/config.d.ts,CLEAN,server/src/blockchain/node_modules/hardhat/dist/src/internal/builtin-plugins/solidity/config.d.ts:1,3.3,7 lines read
server/src/blockchain/node_modules/hardhat/dist/src/internal/builtin-plugins/solidity/hook-handlers/config.d.ts,CLEAN,server/src/blockchain/node_modules/hardhat/dist/src/internal/builtin-plugins/solidity/hook-handlers/config.d.ts:1,3.3,4 lines read
server/src/blockchain/node_modules/hardhat/dist/src/internal/builtin-plugins/solidity/hook-handlers/hre.d.ts,CLEAN,server/src/blockchain/node_modules/hardhat/dist/src/internal/builtin-plugins/solidity/hook-handlers/hre.d.ts:1,3.3,4 lines read
server/src/blockchain/node_modules/hardhat/dist/src/internal/builtin-plugins/solidity/index.d.ts,CLEAN,server/src/blockchain/node_modules/hardhat/dist/src/internal/builtin-plugins/solidity/index.d.ts:1,3.3,5 lines read
server/src/blockchain/node_modules/hardhat/dist/src/internal/builtin-plugins/solidity/tasks/build.d.ts,CLEAN,server/src/blockchain/node_modules/hardhat/dist/src/internal/builtin-plugins/solidity/tasks/build.d.ts:1,3.3,12 lines read
server/src/blockchain/node_modules/hardhat/dist/src/internal/builtin-plugins/solidity/type-extensions.d.ts,CLEAN,server/src/blockchain/node_modules/hardhat/dist/src/internal/builtin-plugins/solidity/type-extensions.d.ts:1,3.3,115 lines read
server/src/blockchain/node_modules/hardhat/dist/src/internal/builtin-plugins/telemetry/index.d.ts,CLEAN,server/src/blockchain/node_modules/hardhat/dist/src/internal/builtin-plugins/telemetry/index.d.ts:1,3.3,4 lines read
server/src/blockchain/node_modules/hardhat/dist/src/internal/builtin-plugins/telemetry/task-action.d.ts,CLEAN,server/src/blockchain/node_modules/hardhat/dist/src/internal/builtin-plugins/telemetry/task-action.d.ts:1,3.3,8 lines read
server/src/blockchain/node_modules/hardhat/dist/src/internal/builtin-plugins/test/config.d.ts,CLEAN,server/src/blockchain/node_modules/hardhat/dist/src/internal/builtin-plugins/test/config.d.ts:1,3.3,3 lines read
server/src/blockchain/node_modules/hardhat/dist/src/internal/builtin-plugins/test/hook-handlers/config.d.ts,CLEAN,server/src/blockchain/node_modules/hardhat/dist/src/internal/builtin-plugins/test/hook-handlers/config.d.ts:1,3.3,4 lines read
server/src/blockchain/node_modules/hardhat/dist/src/internal/builtin-plugins/test/index.d.ts,CLEAN,server/src/blockchain/node_modules/hardhat/dist/src/internal/builtin-plugins/test/index.d.ts:1,3.3,5 lines read
server/src/blockchain/node_modules/hardhat/dist/src/internal/builtin-plugins/test/task-action.d.ts,CLEAN,server/src/blockchain/node_modules/hardhat/dist/src/internal/builtin-plugins/test/task-action.d.ts:1,3.3,11 lines read
server/src/blockchain/node_modules/hardhat/dist/src/internal/builtin-plugins/test/type-extensions.d.ts,CLEAN,server/src/blockchain/node_modules/hardhat/dist/src/internal/builtin-plugins/test/type-extensions.d.ts:1,3.3,30 lines read
server/src/blockchain/node_modules/hardhat/dist/src/internal/cli/error-handler.d.ts,CLEAN,server/src/blockchain/node_modules/hardhat/dist/src/internal/cli/error-handler.d.ts:1,3.3,13 lines read
server/src/blockchain/node_modules/hardhat/dist/src/internal/cli/help/get-global-help-string.d.ts,CLEAN,server/src/blockchain/node_modules/hardhat/dist/src/internal/cli/help/get-global-help-string.d.ts:1,3.3,4 lines read
server/src/blockchain/node_modules/hardhat/dist/src/internal/cli/help/get-help-string.d.ts,CLEAN,server/src/blockchain/node_modules/hardhat/dist/src/internal/cli/help/get-help-string.d.ts:1,3.3,4 lines read
server/src/blockchain/node_modules/hardhat/dist/src/internal/cli/help/utils.d.ts,CLEAN,server/src/blockchain/node_modules/hardhat/dist/src/internal/cli/help/utils.d.ts:1,3.3,32 lines read
server/src/blockchain/node_modules/hardhat/dist/src/internal/cli/init/init.d.ts,CLEAN,server/src/blockchain/node_modules/hardhat/dist/src/internal/cli/init/init.d.ts:1,3.3,118 lines read
server/src/blockchain/node_modules/hardhat/dist/src/internal/cli/init/package-manager.d.ts,CLEAN,server/src/blockchain/node_modules/hardhat/dist/src/internal/cli/init/package-manager.d.ts:1,3.3,84 lines read
server/src/blockchain/node_modules/hardhat/dist/src/internal/cli/init/prompt.d.ts,CLEAN,server/src/blockchain/node_modules/hardhat/dist/src/internal/cli/init/prompt.d.ts:1,3.3,9 lines read
server/src/blockchain/node_modules/hardhat/dist/src/internal/cli/init/subprocess.d.ts,CLEAN,server/src/blockchain/node_modules/hardhat/dist/src/internal/cli/init/subprocess.d.ts:1,3.3,4 lines read
server/src/blockchain/node_modules/hardhat/dist/src/internal/cli/init/template.d.ts,CLEAN,server/src/blockchain/node_modules/hardhat/dist/src/internal/cli/init/template.d.ts:1,3.3,23 lines read
server/src/blockchain/node_modules/hardhat/dist/src/internal/cli/main.d.ts,CLEAN,server/src/blockchain/node_modules/hardhat/dist/src/internal/cli/main.d.ts:1,3.3,33 lines read
server/src/blockchain/node_modules/hardhat/dist/src/internal/cli/node-version.d.ts,CLEAN,server/src/blockchain/node_modules/hardhat/dist/src/internal/cli/node-version.d.ts:1,3.3,4 lines read
server/src/blockchain/node_modules/hardhat/dist/src/internal/cli/telemetry/analytics/analytics.d.ts,CLEAN,server/src/blockchain/node_modules/hardhat/dist/src/internal/cli/telemetry/analytics/analytics.d.ts:1,3.3,4 lines read
server/src/blockchain/node_modules/hardhat/dist/src/internal/cli/telemetry/analytics/subprocess.d.ts,CLEAN,server/src/blockchain/node_modules/hardhat/dist/src/internal/cli/telemetry/analytics/subprocess.d.ts:1,3.3,2 lines read
server/src/blockchain/node_modules/hardhat/dist/src/internal/cli/telemetry/analytics/types.d.ts,CLEAN,server/src/blockchain/node_modules/hardhat/dist/src/internal/cli/telemetry/analytics/types.d.ts:1,3.3,62 lines read
server/src/blockchain/node_modules/hardhat/dist/src/internal/cli/telemetry/analytics/utils.d.ts,CLEAN,server/src/blockchain/node_modules/hardhat/dist/src/internal/cli/telemetry/analytics/utils.d.ts:1,3.3,2 lines read
server/src/blockchain/node_modules/hardhat/dist/src/internal/cli/telemetry/sentry/anonymize-paths.d.ts,CLEAN,server/src/blockchain/node_modules/hardhat/dist/src/internal/cli/telemetry/sentry/anonymize-paths.d.ts:1,3.3,27 lines read
server/src/blockchain/node_modules/hardhat/dist/src/internal/cli/telemetry/sentry/anonymizer.d.ts,CLEAN,server/src/blockchain/node_modules/hardhat/dist/src/internal/cli/telemetry/sentry/anonymizer.d.ts:1,3.3,41 lines read
server/src/blockchain/node_modules/hardhat/dist/src/internal/cli/telemetry/sentry/constants.d.ts,CLEAN,server/src/blockchain/node_modules/hardhat/dist/src/internal/cli/telemetry/sentry/constants.d.ts:1,3.3,2 lines read
server/src/blockchain/node_modules/hardhat/dist/src/internal/cli/telemetry/sentry/init.d.ts,CLEAN,server/src/blockchain/node_modules/hardhat/dist/src/internal/cli/telemetry/sentry/init.d.ts:1,3.3,48 lines read
server/src/blockchain/node_modules/hardhat/dist/src/internal/cli/telemetry/sentry/reporter.d.ts,CLEAN,server/src/blockchain/node_modules/hardhat/dist/src/internal/cli/telemetry/sentry/reporter.d.ts:1,3.3,6 lines read
server/src/blockchain/node_modules/hardhat/dist/src/internal/cli/telemetry/sentry/subprocess.d.ts,CLEAN,server/src/blockchain/node_modules/hardhat/dist/src/internal/cli/telemetry/sentry/subprocess.d.ts:1,3.3,2 lines read
server/src/blockchain/node_modules/hardhat/dist/src/internal/cli/telemetry/sentry/transport.d.ts,CLEAN,server/src/blockchain/node_modules/hardhat/dist/src/internal/cli/telemetry/sentry/transport.d.ts:1,3.3,38 lines read
server/src/blockchain/node_modules/hardhat/dist/src/internal/cli/telemetry/sentry/vendor/debug-build.d.ts,CLEAN,server/src/blockchain/node_modules/hardhat/dist/src/internal/cli/telemetry/sentry/vendor/debug-build.d.ts:1,3.3,7 lines read
server/src/blockchain/node_modules/hardhat/dist/src/internal/cli/telemetry/sentry/vendor/integrations/context.d.ts,CLEAN,server/src/blockchain/node_modules/hardhat/dist/src/internal/cli/telemetry/sentry/vendor/integrations/context.d.ts:1,3.3,21 lines read
server/src/blockchain/node_modules/hardhat/dist/src/internal/cli/telemetry/sentry/vendor/integrations/contextlines.d.ts,CLEAN,server/src/blockchain/node_modules/hardhat/dist/src/internal/cli/telemetry/sentry/vendor/integrations/contextlines.d.ts:1,3.3,18 lines read
server/src/blockchain/node_modules/hardhat/dist/src/internal/cli/telemetry/sentry/vendor/utils/module.d.ts,CLEAN,server/src/blockchain/node_modules/hardhat/dist/src/internal/cli/telemetry/sentry/vendor/utils/module.d.ts:1,3.3,3 lines read
server/src/blockchain/node_modules/hardhat/dist/src/internal/cli/telemetry/telemetry-permissions.d.ts,CLEAN,server/src/blockchain/node_modules/hardhat/dist/src/internal/cli/telemetry/telemetry-permissions.d.ts:1,3.3,18 lines read
server/src/blockchain/node_modules/hardhat/dist/src/internal/cli/version.d.ts,CLEAN,server/src/blockchain/node_modules/hardhat/dist/src/internal/cli/version.d.ts:1,3.3,2 lines read
server/src/blockchain/node_modules/hardhat/dist/src/internal/config-loading.d.ts,CLEAN,server/src/blockchain/node_modules/hardhat/dist/src/internal/config-loading.d.ts:1,3.3,28 lines read
server/src/blockchain/node_modules/hardhat/dist/src/internal/constants.d.ts,CLEAN,server/src/blockchain/node_modules/hardhat/dist/src/internal/constants.d.ts:1,3.3,10 lines read
server/src/blockchain/node_modules/hardhat/dist/src/internal/core/arguments.d.ts,CLEAN,server/src/blockchain/node_modules/hardhat/dist/src/internal/core/arguments.d.ts:1,3.3,73 lines read
server/src/blockchain/node_modules/hardhat/dist/src/internal/core/config-validation.d.ts,CLEAN,server/src/blockchain/node_modules/hardhat/dist/src/internal/core/config-validation.d.ts:1,3.3,16 lines read
server/src/blockchain/node_modules/hardhat/dist/src/internal/core/config.d.ts,CLEAN,server/src/blockchain/node_modules/hardhat/dist/src/internal/core/config.d.ts:1,3.3,48 lines read
server/src/blockchain/node_modules/hardhat/dist/src/internal/core/configuration-variables.d.ts,CLEAN,server/src/blockchain/node_modules/hardhat/dist/src/internal/core/configuration-variables.d.ts:1,3.3,28 lines read
server/src/blockchain/node_modules/hardhat/dist/src/internal/core/global-options.d.ts,CLEAN,server/src/blockchain/node_modules/hardhat/dist/src/internal/core/global-options.d.ts:1,3.3,45 lines read
server/src/blockchain/node_modules/hardhat/dist/src/internal/core/hook-manager.d.ts,CLEAN,server/src/blockchain/node_modules/hardhat/dist/src/internal/core/hook-manager.d.ts:1,3.3,15 lines read
server/src/blockchain/node_modules/hardhat/dist/src/internal/core/hre.d.ts,CLEAN,server/src/blockchain/node_modules/hardhat/dist/src/internal/core/hre.d.ts:1,3.3,65 lines read
server/src/blockchain/node_modules/hardhat/dist/src/internal/core/plugins/detect-plugin-npm-dependency-problems.d.ts,CLEAN,server/src/blockchain/node_modules/hardhat/dist/src/internal/core/plugins/detect-plugin-npm-dependency-problems.d.ts:1,3.3,18 lines read
server/src/blockchain/node_modules/hardhat/dist/src/internal/core/plugins/resolve-plugin-list.d.ts,CLEAN,server/src/blockchain/node_modules/hardhat/dist/src/internal/core/plugins/resolve-plugin-list.d.ts:1,3.3,6 lines read
server/src/blockchain/node_modules/hardhat/dist/src/internal/core/tasks/builders.d.ts,CLEAN,server/src/blockchain/node_modules/hardhat/dist/src/internal/core/tasks/builders.d.ts:1,3.3,75 lines read
server/src/blockchain/node_modules/hardhat/dist/src/internal/core/tasks/resolved-task.d.ts,CLEAN,server/src/blockchain/node_modules/hardhat/dist/src/internal/core/tasks/resolved-task.d.ts:1,3.3,29 lines read
server/src/blockchain/node_modules/hardhat/dist/src/internal/core/tasks/task-manager.d.ts,CLEAN,server/src/blockchain/node_modules/hardhat/dist/src/internal/core/tasks/task-manager.d.ts:1,3.3,10 lines read
server/src/blockchain/node_modules/hardhat/dist/src/internal/core/tasks/utils.d.ts,CLEAN,server/src/blockchain/node_modules/hardhat/dist/src/internal/core/tasks/utils.d.ts:1,3.3,3 lines read
server/src/blockchain/node_modules/hardhat/dist/src/internal/core/tasks/validations.d.ts,CLEAN,server/src/blockchain/node_modules/hardhat/dist/src/internal/core/tasks/validations.d.ts:1,3.3,6 lines read
server/src/blockchain/node_modules/hardhat/dist/src/internal/core/types.d.ts,CLEAN,server/src/blockchain/node_modules/hardhat/dist/src/internal/core/types.d.ts:1,3.3,11 lines read
server/src/blockchain/node_modules/hardhat/dist/src/internal/core/user-interruptions.d.ts,CLEAN,server/src/blockchain/node_modules/hardhat/dist/src/internal/core/user-interruptions.d.ts:1,3.3,11 lines read
server/src/blockchain/node_modules/hardhat/dist/src/internal/edr/chain-type.d.ts,CLEAN,server/src/blockchain/node_modules/hardhat/dist/src/internal/edr/chain-type.d.ts:1,3.3,4 lines read
server/src/blockchain/node_modules/hardhat/dist/src/internal/edr/context.d.ts,CLEAN,server/src/blockchain/node_modules/hardhat/dist/src/internal/edr/context.d.ts:1,3.3,3 lines read
server/src/blockchain/node_modules/hardhat/dist/src/internal/global-hre-instance.d.ts,CLEAN,server/src/blockchain/node_modules/hardhat/dist/src/internal/global-hre-instance.d.ts:1,3.3,21 lines read
server/src/blockchain/node_modules/hardhat/dist/src/internal/hre-initialization.d.ts,CLEAN,server/src/blockchain/node_modules/hardhat/dist/src/internal/hre-initialization.d.ts:1,3.3,25 lines read
server/src/blockchain/node_modules/hardhat/dist/src/internal/utils/package.d.ts,CLEAN,server/src/blockchain/node_modules/hardhat/dist/src/internal/utils/package.d.ts:1,3.3,4 lines read
server/src/blockchain/node_modules/hardhat/dist/src/lsp-helpers.d.ts,CLEAN,server/src/blockchain/node_modules/hardhat/dist/src/lsp-helpers.d.ts:1,3.3,5 lines read
server/src/blockchain/node_modules/hardhat/dist/src/plugins.d.ts,CLEAN,server/src/blockchain/node_modules/hardhat/dist/src/plugins.d.ts:1,3.3,2 lines read
server/src/blockchain/node_modules/hardhat/dist/src/types/arguments.d.ts,CLEAN,server/src/blockchain/node_modules/hardhat/dist/src/types/arguments.d.ts:1,3.3,87 lines read
server/src/blockchain/node_modules/hardhat/dist/src/types/artifacts.d.ts,CLEAN,server/src/blockchain/node_modules/hardhat/dist/src/types/artifacts.d.ts:1,3.3,219 lines read
server/src/blockchain/node_modules/hardhat/dist/src/types/config.d.ts,CLEAN,server/src/blockchain/node_modules/hardhat/dist/src/types/config.d.ts:1,3.3,112 lines read
server/src/blockchain/node_modules/hardhat/dist/src/types/global-options.d.ts,CLEAN,server/src/blockchain/node_modules/hardhat/dist/src/types/global-options.d.ts:1,3.3,35 lines read
server/src/blockchain/node_modules/hardhat/dist/src/types/hooks.d.ts,CLEAN,server/src/blockchain/node_modules/hardhat/dist/src/types/hooks.d.ts:1,3.3,253 lines read
server/src/blockchain/node_modules/hardhat/dist/src/types/hre.d.ts,CLEAN,server/src/blockchain/node_modules/hardhat/dist/src/types/hre.d.ts:1,3.3,18 lines read
server/src/blockchain/node_modules/hardhat/dist/src/types/network.d.ts,CLEAN,server/src/blockchain/node_modules/hardhat/dist/src/types/network.d.ts:1,3.3,89 lines read
server/src/blockchain/node_modules/hardhat/dist/src/types/plugins.d.ts,CLEAN,server/src/blockchain/node_modules/hardhat/dist/src/types/plugins.d.ts:1,3.3,100 lines read
server/src/blockchain/node_modules/hardhat/dist/src/types/providers.d.ts,CLEAN,server/src/blockchain/node_modules/hardhat/dist/src/types/providers.d.ts:1,3.3,138 lines read
server/src/blockchain/node_modules/hardhat/dist/src/types/solidity.d.ts,CLEAN,server/src/blockchain/node_modules/hardhat/dist/src/types/solidity.d.ts:1,3.3,8 lines read
server/src/blockchain/node_modules/hardhat/dist/src/types/solidity/build-system.d.ts,CLEAN,server/src/blockchain/node_modules/hardhat/dist/src/types/solidity/build-system.d.ts:1,3.3,247 lines read
server/src/blockchain/node_modules/hardhat/dist/src/types/solidity/compilation-job.d.ts,CLEAN,server/src/blockchain/node_modules/hardhat/dist/src/types/solidity/compilation-job.d.ts:1,3.3,37 lines read
server/src/blockchain/node_modules/hardhat/dist/src/types/solidity/compiler-io.d.ts,CLEAN,server/src/blockchain/node_modules/hardhat/dist/src/types/solidity/compiler-io.d.ts:1,3.3,89 lines read
server/src/blockchain/node_modules/hardhat/dist/src/types/solidity/dependency-graph.d.ts,CLEAN,server/src/blockchain/node_modules/hardhat/dist/src/types/solidity/dependency-graph.d.ts:1,3.3,63 lines read
server/src/blockchain/node_modules/hardhat/dist/src/types/solidity/errors.d.ts,CLEAN,server/src/blockchain/node_modules/hardhat/dist/src/types/solidity/errors.d.ts:1,3.3,269 lines read
server/src/blockchain/node_modules/hardhat/dist/src/types/solidity/resolved-file.d.ts,CLEAN,server/src/blockchain/node_modules/hardhat/dist/src/types/solidity/resolved-file.d.ts:1,3.3,121 lines read
server/src/blockchain/node_modules/hardhat/dist/src/types/solidity/solidity-artifacts.d.ts,CLEAN,server/src/blockchain/node_modules/hardhat/dist/src/types/solidity/solidity-artifacts.d.ts:1,3.3,56 lines read
server/src/blockchain/node_modules/hardhat/dist/src/types/tasks.d.ts,CLEAN,server/src/blockchain/node_modules/hardhat/dist/src/types/tasks.d.ts:1,3.3,334 lines read
server/src/blockchain/node_modules/hardhat/dist/src/types/test.d.ts,CLEAN,server/src/blockchain/node_modules/hardhat/dist/src/types/test.d.ts:1,3.3,5 lines read
server/src/blockchain/node_modules/hardhat/dist/src/types/user-interruptions.d.ts,CLEAN,server/src/blockchain/node_modules/hardhat/dist/src/types/user-interruptions.d.ts:1,3.3,48 lines read
server/src/blockchain/node_modules/hardhat/dist/src/types/utils.d.ts,CLEAN,server/src/blockchain/node_modules/hardhat/dist/src/types/utils.d.ts:1,3.3,31 lines read
server/src/blockchain/node_modules/hardhat/dist/src/utils/contract-names.d.ts,CLEAN,server/src/blockchain/node_modules/hardhat/dist/src/utils/contract-names.d.ts:1,3.3,45 lines read
server/src/blockchain/node_modules/hardhat/src/cli.ts,CLEAN,server/src/blockchain/node_modules/hardhat/src/cli.ts:1,3.3,27 lines read
server/src/blockchain/node_modules/hardhat/src/config.ts,CLEAN,server/src/blockchain/node_modules/hardhat/src/config.ts:1,3.3,40 lines read
server/src/blockchain/node_modules/hardhat/src/hre.ts,CLEAN,server/src/blockchain/node_modules/hardhat/src/hre.ts:1,3.3,7 lines read
server/src/blockchain/node_modules/hardhat/src/index.ts,CLEAN,server/src/blockchain/node_modules/hardhat/src/index.ts:1,3.3,33 lines read
server/src/blockchain/node_modules/hardhat/src/internal/builtin-global-options.ts,CLEAN,server/src/blockchain/node_modules/hardhat/src/internal/builtin-global-options.ts:1,3.3,62 lines read
server/src/blockchain/node_modules/hardhat/src/internal/builtin-plugins/artifacts/artifact-manager.ts,CLEAN,server/src/blockchain/node_modules/hardhat/src/internal/builtin-plugins/artifacts/artifact-manager.ts:1,3.3,438 lines read
server/src/blockchain/node_modules/hardhat/src/internal/builtin-plugins/artifacts/hook-handlers/hre.ts,CLEAN,server/src/blockchain/node_modules/hardhat/src/internal/builtin-plugins/artifacts/hook-handlers/hre.ts:1,3.3,95 lines read
server/src/blockchain/node_modules/hardhat/src/internal/builtin-plugins/artifacts/index.ts,CLEAN,server/src/blockchain/node_modules/hardhat/src/internal/builtin-plugins/artifacts/index.ts:1,3.3,12 lines read
server/src/blockchain/node_modules/hardhat/src/internal/builtin-plugins/artifacts/type-extensions.ts,CLEAN,server/src/blockchain/node_modules/hardhat/src/internal/builtin-plugins/artifacts/type-extensions.ts:1,3.3,7 lines read
server/src/blockchain/node_modules/hardhat/src/internal/builtin-plugins/clean/index.ts,CLEAN,server/src/blockchain/node_modules/hardhat/src/internal/builtin-plugins/clean/index.ts:1,3.3,21 lines read
server/src/blockchain/node_modules/hardhat/src/internal/builtin-plugins/clean/task-action.ts,CLEAN,server/src/blockchain/node_modules/hardhat/src/internal/builtin-plugins/clean/task-action.ts:1,3.3,25 lines read
server/src/blockchain/node_modules/hardhat/src/internal/builtin-plugins/clean/type-extensions.ts,CLEAN,server/src/blockchain/node_modules/hardhat/src/internal/builtin-plugins/clean/type-extensions.ts:1,3.3,10 lines read
server/src/blockchain/node_modules/hardhat/src/internal/builtin-plugins/console/index.ts,CLEAN,server/src/blockchain/node_modules/hardhat/src/internal/builtin-plugins/console/index.ts:1,3.3,30 lines read
server/src/blockchain/node_modules/hardhat/src/internal/builtin-plugins/console/task-action.ts,GAP_FOUND,server/src/blockchain/node_modules/hardhat/src/internal/builtin-plugins/console/task-action.ts:1,3.3,console@27
server/src/blockchain/node_modules/hardhat/src/internal/builtin-plugins/coverage/coverage-manager.ts,GAP_FOUND,server/src/blockchain/node_modules/hardhat/src/internal/builtin-plugins/coverage/coverage-manager.ts:1,3.3,console@154; console@156; console@157
server/src/blockchain/node_modules/hardhat/src/internal/builtin-plugins/coverage/exports.ts,CLEAN,server/src/blockchain/node_modules/hardhat/src/internal/builtin-plugins/coverage/exports.ts:1,3.3,5 lines read
server/src/blockchain/node_modules/hardhat/src/internal/builtin-plugins/coverage/helpers.ts,CLEAN,server/src/blockchain/node_modules/hardhat/src/internal/builtin-plugins/coverage/helpers.ts:1,3.3,50 lines read
server/src/blockchain/node_modules/hardhat/src/internal/builtin-plugins/coverage/hook-handlers/clean.ts,CLEAN,server/src/blockchain/node_modules/hardhat/src/internal/builtin-plugins/coverage/hook-handlers/clean.ts:1,3.3,12 lines read
server/src/blockchain/node_modules/hardhat/src/internal/builtin-plugins/coverage/hook-handlers/hre.ts,CLEAN,server/src/blockchain/node_modules/hardhat/src/internal/builtin-plugins/coverage/hook-handlers/hre.ts:1,3.3,34 lines read
server/src/blockchain/node_modules/hardhat/src/internal/builtin-plugins/coverage/hook-handlers/solidity.ts,GAP_FOUND,server/src/blockchain/node_modules/hardhat/src/internal/builtin-plugins/coverage/hook-handlers/solidity.ts:1,3.3,console@45
server/src/blockchain/node_modules/hardhat/src/internal/builtin-plugins/coverage/index.ts,CLEAN,server/src/blockchain/node_modules/hardhat/src/internal/builtin-plugins/coverage/index.ts:1,3.3,24 lines read
server/src/blockchain/node_modules/hardhat/src/internal/builtin-plugins/coverage/process-coverage.ts,CLEAN,server/src/blockchain/node_modules/hardhat/src/internal/builtin-plugins/coverage/process-coverage.ts:1,3.3,442 lines read
server/src/blockchain/node_modules/hardhat/src/internal/builtin-plugins/coverage/reports/html.ts,CLEAN,server/src/blockchain/node_modules/hardhat/src/internal/builtin-plugins/coverage/reports/html.ts:1,3.3,56 lines read
server/src/blockchain/node_modules/hardhat/src/internal/builtin-plugins/coverage/type-extensions.ts,CLEAN,server/src/blockchain/node_modules/hardhat/src/internal/builtin-plugins/coverage/type-extensions.ts:1,3.3,6 lines read
server/src/blockchain/node_modules/hardhat/src/internal/builtin-plugins/coverage/types.ts,CLEAN,server/src/blockchain/node_modules/hardhat/src/internal/builtin-plugins/coverage/types.ts:1,3.3,26 lines read
server/src/blockchain/node_modules/hardhat/src/internal/builtin-plugins/flatten/index.ts,CLEAN,server/src/blockchain/node_modules/hardhat/src/internal/builtin-plugins/flatten/index.ts:1,3.3,22 lines read
server/src/blockchain/node_modules/hardhat/src/internal/builtin-plugins/flatten/task-action.ts,CLEAN,server/src/blockchain/node_modules/hardhat/src/internal/builtin-plugins/flatten/task-action.ts:1,3.3,328 lines read
server/src/blockchain/node_modules/hardhat/src/internal/builtin-plugins/gas-analytics/exports.ts,CLEAN,server/src/blockchain/node_modules/hardhat/src/internal/builtin-plugins/gas-analytics/exports.ts:1,3.3,5 lines read
server/src/blockchain/node_modules/hardhat/src/internal/builtin-plugins/gas-analytics/gas-analytics-manager.ts,GAP_FOUND,server/src/blockchain/node_modules/hardhat/src/internal/builtin-plugins/gas-analytics/gas-analytics-manager.ts:1,3.3,console@86; console@87
server/src/blockchain/node_modules/hardhat/src/internal/builtin-plugins/gas-analytics/helpers.ts,CLEAN,server/src/blockchain/node_modules/hardhat/src/internal/builtin-plugins/gas-analytics/helpers.ts:1,3.3,44 lines read
server/src/blockchain/node_modules/hardhat/src/internal/builtin-plugins/gas-analytics/hook-handlers/hre.ts,CLEAN,server/src/blockchain/node_modules/hardhat/src/internal/builtin-plugins/gas-analytics/hook-handlers/hre.ts:1,3.3,33 lines read
server/src/blockchain/node_modules/hardhat/src/internal/builtin-plugins/gas-analytics/index.ts,CLEAN,server/src/blockchain/node_modules/hardhat/src/internal/builtin-plugins/gas-analytics/index.ts:1,3.3,23 lines read
server/src/blockchain/node_modules/hardhat/src/internal/builtin-plugins/gas-analytics/type-extensions.ts,CLEAN,server/src/blockchain/node_modules/hardhat/src/internal/builtin-plugins/gas-analytics/type-extensions.ts:1,3.3,6 lines read
server/src/blockchain/node_modules/hardhat/src/internal/builtin-plugins/gas-analytics/types.ts,CLEAN,server/src/blockchain/node_modules/hardhat/src/internal/builtin-plugins/gas-analytics/types.ts:1,3.3,24 lines read
server/src/blockchain/node_modules/hardhat/src/internal/builtin-plugins/index.ts,CLEAN,server/src/blockchain/node_modules/hardhat/src/internal/builtin-plugins/index.ts:1,3.3,49 lines read
server/src/blockchain/node_modules/hardhat/src/internal/builtin-plugins/network-manager/accounts/constants.ts,CLEAN,server/src/blockchain/node_modules/hardhat/src/internal/builtin-plugins/network-manager/accounts/constants.ts:1,3.3,16 lines read
server/src/blockchain/node_modules/hardhat/src/internal/builtin-plugins/network-manager/accounts/derive-private-keys.ts,CLEAN,server/src/blockchain/node_modules/hardhat/src/internal/builtin-plugins/network-manager/accounts/derive-private-keys.ts:1,3.3,65 lines read
server/src/blockchain/node_modules/hardhat/src/internal/builtin-plugins/network-manager/base-provider.ts,CLEAN,server/src/blockchain/node_modules/hardhat/src/internal/builtin-plugins/network-manager/base-provider.ts:1,3.3,68 lines read
server/src/blockchain/node_modules/hardhat/src/internal/builtin-plugins/network-manager/chain-descriptors.ts,CLEAN,server/src/blockchain/node_modules/hardhat/src/internal/builtin-plugins/network-manager/chain-descriptors.ts:1,3.3,567 lines read
server/src/blockchain/node_modules/hardhat/src/internal/builtin-plugins/network-manager/config-resolution.ts,CLEAN,server/src/blockchain/node_modules/hardhat/src/internal/builtin-plugins/network-manager/config-resolution.ts:1,3.3,297 lines read
server/src/blockchain/node_modules/hardhat/src/internal/builtin-plugins/network-manager/edr/edr-provider.ts,CLEAN,server/src/blockchain/node_modules/hardhat/src/internal/builtin-plugins/network-manager/edr/edr-provider.ts:1,3.3,520 lines read
server/src/blockchain/node_modules/hardhat/src/internal/builtin-plugins/network-manager/edr/stack-traces/solidity-stack-trace.ts,CLEAN,server/src/blockchain/node_modules/hardhat/src/internal/builtin-plugins/network-manager/edr/stack-traces/solidity-stack-trace.ts:1,3.3,109 lines read
server/src/blockchain/node_modules/hardhat/src/internal/builtin-plugins/network-manager/edr/stack-traces/stack-trace-generation-errors.ts,CLEAN,server/src/blockchain/node_modules/hardhat/src/internal/builtin-plugins/network-manager/edr/stack-traces/stack-trace-generation-errors.ts:1,3.3,18 lines read
server/src/blockchain/node_modules/hardhat/src/internal/builtin-plugins/network-manager/edr/stack-traces/stack-trace-solidity-errors.ts,CLEAN,server/src/blockchain/node_modules/hardhat/src/internal/builtin-plugins/network-manager/edr/stack-traces/stack-trace-solidity-errors.ts:1,3.3,476 lines read
server/src/blockchain/node_modules/hardhat/src/internal/builtin-plugins/network-manager/edr/type-validation.ts,CLEAN,server/src/blockchain/node_modules/hardhat/src/internal/builtin-plugins/network-manager/edr/type-validation.ts:1,3.3,25 lines read
server/src/blockchain/node_modules/hardhat/src/internal/builtin-plugins/network-manager/edr/types/coverage.ts,CLEAN,server/src/blockchain/node_modules/hardhat/src/internal/builtin-plugins/network-manager/edr/types/coverage.ts:1,3.3,3 lines read
server/src/blockchain/node_modules/hardhat/src/internal/builtin-plugins/network-manager/edr/types/hardfork.ts,CLEAN,server/src/blockchain/node_modules/hardhat/src/internal/builtin-plugins/network-manager/edr/types/hardfork.ts:1,3.3,109 lines read
server/src/blockchain/node_modules/hardhat/src/internal/builtin-plugins/network-manager/edr/types/logger.ts,CLEAN,server/src/blockchain/node_modules/hardhat/src/internal/builtin-plugins/network-manager/edr/types/logger.ts:1,3.3,5 lines read
server/src/blockchain/node_modules/hardhat/src/internal/builtin-plugins/network-manager/edr/types/node-types.ts,CLEAN,server/src/blockchain/node_modules/hardhat/src/internal/builtin-plugins/network-manager/edr/types/node-types.ts:1,3.3,13 lines read
server/src/blockchain/node_modules/hardhat/src/internal/builtin-plugins/network-manager/edr/types/output.ts,CLEAN,server/src/blockchain/node_modules/hardhat/src/internal/builtin-plugins/network-manager/edr/types/output.ts:1,3.3,19 lines read
server/src/blockchain/node_modules/hardhat/src/internal/builtin-plugins/network-manager/edr/utils/client-version.ts,CLEAN,server/src/blockchain/node_modules/hardhat/src/internal/builtin-plugins/network-manager/edr/utils/client-version.ts:1,3.3,7 lines read
server/src/blockchain/node_modules/hardhat/src/internal/builtin-plugins/network-manager/edr/utils/console-log-signatures.ts,CLEAN,server/src/blockchain/node_modules/hardhat/src/internal/builtin-plugins/network-manager/edr/utils/console-log-signatures.ts:1,3.3,422 lines read
server/src/blockchain/node_modules/hardhat/src/internal/builtin-plugins/network-manager/edr/utils/console-logger.ts,CLEAN,server/src/blockchain/node_modules/hardhat/src/internal/builtin-plugins/network-manager/edr/utils/console-logger.ts:1,3.3,250 lines read
server/src/blockchain/node_modules/hardhat/src/internal/builtin-plugins/network-manager/edr/utils/convert-to-edr.ts,GAP_FOUND,server/src/blockchain/node_modules/hardhat/src/internal/builtin-plugins/network-manager/edr/utils/convert-to-edr.ts:1,3.3,throw new Error@119; throw new Error@149; throw new Error@188; throw new Error@241
server/src/blockchain/node_modules/hardhat/src/internal/builtin-plugins/network-manager/edr/utils/hardfork.ts,CLEAN,server/src/blockchain/node_modules/hardhat/src/internal/builtin-plugins/network-manager/edr/utils/hardfork.ts:1,3.3,31 lines read
server/src/blockchain/node_modules/hardhat/src/internal/builtin-plugins/network-manager/edr/utils/logger.ts,GAP_FOUND,server/src/blockchain/node_modules/hardhat/src/internal/builtin-plugins/network-manager/edr/utils/logger.ts:1,3.3,console@8
server/src/blockchain/node_modules/hardhat/src/internal/builtin-plugins/network-manager/hook-handlers/config.ts,CLEAN,server/src/blockchain/node_modules/hardhat/src/internal/builtin-plugins/network-manager/hook-handlers/config.ts:1,3.3,120 lines read
server/src/blockchain/node_modules/hardhat/src/internal/builtin-plugins/network-manager/hook-handlers/hre.ts,CLEAN,server/src/blockchain/node_modules/hardhat/src/internal/builtin-plugins/network-manager/hook-handlers/hre.ts:1,3.3,54 lines read
server/src/blockchain/node_modules/hardhat/src/internal/builtin-plugins/network-manager/hook-handlers/network.ts,CLEAN,server/src/blockchain/node_modules/hardhat/src/internal/builtin-plugins/network-manager/hook-handlers/network.ts:1,3.3,98 lines read
server/src/blockchain/node_modules/hardhat/src/internal/builtin-plugins/network-manager/http-provider.ts,CLEAN,server/src/blockchain/node_modules/hardhat/src/internal/builtin-plugins/network-manager/http-provider.ts:1,3.3,298 lines read
server/src/blockchain/node_modules/hardhat/src/internal/builtin-plugins/network-manager/index.ts,CLEAN,server/src/blockchain/node_modules/hardhat/src/internal/builtin-plugins/network-manager/index.ts:1,3.3,30 lines read
server/src/blockchain/node_modules/hardhat/src/internal/builtin-plugins/network-manager/json-rpc.ts,GAP_FOUND,server/src/blockchain/node_modules/hardhat/src/internal/builtin-plugins/network-manager/json-rpc.ts:1,3.3,throw new Error@43
server/src/blockchain/node_modules/hardhat/src/internal/builtin-plugins/network-manager/network-connection.ts,CLEAN,server/src/blockchain/node_modules/hardhat/src/internal/builtin-plugins/network-manager/network-connection.ts:1,3.3,72 lines read
server/src/blockchain/node_modules/hardhat/src/internal/builtin-plugins/network-manager/network-manager.ts,CLEAN,server/src/blockchain/node_modules/hardhat/src/internal/builtin-plugins/network-manager/network-manager.ts:1,3.3,437 lines read
server/src/blockchain/node_modules/hardhat/src/internal/builtin-plugins/network-manager/provider-errors.ts,CLEAN,server/src/blockchain/node_modules/hardhat/src/internal/builtin-plugins/network-manager/provider-errors.ts:1,3.3,137 lines read
server/src/blockchain/node_modules/hardhat/src/internal/builtin-plugins/network-manager/request-handlers/handlers-array.ts,CLEAN,server/src/blockchain/node_modules/hardhat/src/internal/builtin-plugins/network-manager/request-handlers/handlers-array.ts:1,3.3,133 lines read
server/src/blockchain/node_modules/hardhat/src/internal/builtin-plugins/network-manager/request-handlers/handlers/accounts/automatic-sender-handler.ts,CLEAN,server/src/blockchain/node_modules/hardhat/src/internal/builtin-plugins/network-manager/request-handlers/handlers/accounts/automatic-sender-handler.ts:1,3.3,32 lines read
server/src/blockchain/node_modules/hardhat/src/internal/builtin-plugins/network-manager/request-handlers/handlers/accounts/fixed-sender-handler.ts,CLEAN,server/src/blockchain/node_modules/hardhat/src/internal/builtin-plugins/network-manager/request-handlers/handlers/accounts/fixed-sender-handler.ts:1,3.3,21 lines read
server/src/blockchain/node_modules/hardhat/src/internal/builtin-plugins/network-manager/request-handlers/handlers/accounts/hd-wallet-handler.ts,CLEAN,server/src/blockchain/node_modules/hardhat/src/internal/builtin-plugins/network-manager/request-handlers/handlers/accounts/hd-wallet-handler.ts:1,3.3,33 lines read
server/src/blockchain/node_modules/hardhat/src/internal/builtin-plugins/network-manager/request-handlers/handlers/accounts/local-accounts.ts,CLEAN,server/src/blockchain/node_modules/hardhat/src/internal/builtin-plugins/network-manager/request-handlers/handlers/accounts/local-accounts.ts:1,3.3,416 lines read
server/src/blockchain/node_modules/hardhat/src/internal/builtin-plugins/network-manager/request-handlers/handlers/accounts/sender.ts,CLEAN,server/src/blockchain/node_modules/hardhat/src/internal/builtin-plugins/network-manager/request-handlers/handlers/accounts/sender.ts:1,3.3,56 lines read
server/src/blockchain/node_modules/hardhat/src/internal/builtin-plugins/network-manager/request-handlers/handlers/chain-id/chain-id-handler.ts,CLEAN,server/src/blockchain/node_modules/hardhat/src/internal/builtin-plugins/network-manager/request-handlers/handlers/chain-id/chain-id-handler.ts:1,3.3,58 lines read
server/src/blockchain/node_modules/hardhat/src/internal/builtin-plugins/network-manager/request-handlers/handlers/chain-id/chain-id.ts,CLEAN,server/src/blockchain/node_modules/hardhat/src/internal/builtin-plugins/network-manager/request-handlers/handlers/chain-id/chain-id.ts:1,3.3,58 lines read
server/src/blockchain/node_modules/hardhat/src/internal/builtin-plugins/network-manager/request-handlers/handlers/gas/automatic-gas-handler.ts,CLEAN,server/src/blockchain/node_modules/hardhat/src/internal/builtin-plugins/network-manager/request-handlers/handlers/gas/automatic-gas-handler.ts:1,3.3,51 lines read
server/src/blockchain/node_modules/hardhat/src/internal/builtin-plugins/network-manager/request-handlers/handlers/gas/automatic-gas-price-handler.ts,CLEAN,server/src/blockchain/node_modules/hardhat/src/internal/builtin-plugins/network-manager/request-handlers/handlers/gas/automatic-gas-price-handler.ts:1,3.3,221 lines read
server/src/blockchain/node_modules/hardhat/src/internal/builtin-plugins/network-manager/request-handlers/handlers/gas/fixed-gas-handler.ts,CLEAN,server/src/blockchain/node_modules/hardhat/src/internal/builtin-plugins/network-manager/request-handlers/handlers/gas/fixed-gas-handler.ts:1,3.3,39 lines read
server/src/blockchain/node_modules/hardhat/src/internal/builtin-plugins/network-manager/request-handlers/handlers/gas/fixed-gas-price-handler.ts,CLEAN,server/src/blockchain/node_modules/hardhat/src/internal/builtin-plugins/network-manager/request-handlers/handlers/gas/fixed-gas-price-handler.ts:1,3.3,45 lines read
server/src/blockchain/node_modules/hardhat/src/internal/builtin-plugins/network-manager/request-handlers/handlers/gas/multiplied-gas-estimation.ts,CLEAN,server/src/blockchain/node_modules/hardhat/src/internal/builtin-plugins/network-manager/request-handlers/handlers/gas/multiplied-gas-estimation.ts:1,3.3,87 lines read
server/src/blockchain/node_modules/hardhat/src/internal/builtin-plugins/network-manager/request-handlers/types.ts,CLEAN,server/src/blockchain/node_modules/hardhat/src/internal/builtin-plugins/network-manager/request-handlers/types.ts:1,3.3,20 lines read
server/src/blockchain/node_modules/hardhat/src/internal/builtin-plugins/network-manager/type-extensions/config.ts,CLEAN,server/src/blockchain/node_modules/hardhat/src/internal/builtin-plugins/network-manager/type-extensions/config.ts:1,3.3,309 lines read
server/src/blockchain/node_modules/hardhat/src/internal/builtin-plugins/network-manager/type-extensions/global-options.ts,CLEAN,server/src/blockchain/node_modules/hardhat/src/internal/builtin-plugins/network-manager/type-extensions/global-options.ts:1,3.3,6 lines read
server/src/blockchain/node_modules/hardhat/src/internal/builtin-plugins/network-manager/type-extensions/hooks.ts,CLEAN,server/src/blockchain/node_modules/hardhat/src/internal/builtin-plugins/network-manager/type-extensions/hooks.ts:1,3.3,68 lines read
server/src/blockchain/node_modules/hardhat/src/internal/builtin-plugins/network-manager/type-extensions/hre.ts,CLEAN,server/src/blockchain/node_modules/hardhat/src/internal/builtin-plugins/network-manager/type-extensions/hre.ts:1,3.3,8 lines read
server/src/blockchain/node_modules/hardhat/src/internal/builtin-plugins/network-manager/type-validation.ts,CLEAN,server/src/blockchain/node_modules/hardhat/src/internal/builtin-plugins/network-manager/type-validation.ts:1,3.3,476 lines read
server/src/blockchain/node_modules/hardhat/src/internal/builtin-plugins/node/artifacts/build-info-watcher.ts,CLEAN,server/src/blockchain/node_modules/hardhat/src/internal/builtin-plugins/node/artifacts/build-info-watcher.ts:1,3.3,82 lines read
server/src/blockchain/node_modules/hardhat/src/internal/builtin-plugins/node/helpers.ts,GAP_FOUND,server/src/blockchain/node_modules/hardhat/src/internal/builtin-plugins/node/helpers.ts:1,3.3,console@111
server/src/blockchain/node_modules/hardhat/src/internal/builtin-plugins/node/index.ts,CLEAN,server/src/blockchain/node_modules/hardhat/src/internal/builtin-plugins/node/index.ts:1,3.3,55 lines read
server/src/blockchain/node_modules/hardhat/src/internal/builtin-plugins/node/json-rpc/handler.ts,CLEAN,server/src/blockchain/node_modules/hardhat/src/internal/builtin-plugins/node/json-rpc/handler.ts:1,3.3,304 lines read
server/src/blockchain/node_modules/hardhat/src/internal/builtin-plugins/node/json-rpc/server.ts,CLEAN,server/src/blockchain/node_modules/hardhat/src/internal/builtin-plugins/node/json-rpc/server.ts:1,3.3,94 lines read
server/src/blockchain/node_modules/hardhat/src/internal/builtin-plugins/node/task-action.ts,GAP_FOUND,server/src/blockchain/node_modules/hardhat/src/internal/builtin-plugins/node/task-action.ts:1,3.3,console@145; console@151; console@171
server/src/blockchain/node_modules/hardhat/src/internal/builtin-plugins/run/index.ts,CLEAN,server/src/blockchain/node_modules/hardhat/src/internal/builtin-plugins/run/index.ts:1,3.3,24 lines read
server/src/blockchain/node_modules/hardhat/src/internal/builtin-plugins/run/task-action.ts,GAP_FOUND,server/src/blockchain/node_modules/hardhat/src/internal/builtin-plugins/run/task-action.ts:1,3.3,console@29
server/src/blockchain/node_modules/hardhat/src/internal/builtin-plugins/solidity-test/config.ts,CLEAN,server/src/blockchain/node_modules/hardhat/src/internal/builtin-plugins/solidity-test/config.ts:1,3.3,171 lines read
server/src/blockchain/node_modules/hardhat/src/internal/builtin-plugins/solidity-test/edr-artifacts.ts,CLEAN,server/src/blockchain/node_modules/hardhat/src/internal/builtin-plugins/solidity-test/edr-artifacts.ts:1,3.3,154 lines read
server/src/blockchain/node_modules/hardhat/src/internal/builtin-plugins/solidity-test/formatters.ts,CLEAN,server/src/blockchain/node_modules/hardhat/src/internal/builtin-plugins/solidity-test/formatters.ts:1,3.3,223 lines read
server/src/blockchain/node_modules/hardhat/src/internal/builtin-plugins/solidity-test/helpers.ts,GAP_FOUND,server/src/blockchain/node_modules/hardhat/src/internal/builtin-plugins/solidity-test/helpers.ts:1,3.3,console@185
server/src/blockchain/node_modules/hardhat/src/internal/builtin-plugins/solidity-test/hook-handlers/config.ts,CLEAN,server/src/blockchain/node_modules/hardhat/src/internal/builtin-plugins/solidity-test/hook-handlers/config.ts:1,3.3,31 lines read
server/src/blockchain/node_modules/hardhat/src/internal/builtin-plugins/solidity-test/hook-handlers/test.ts,CLEAN,server/src/blockchain/node_modules/hardhat/src/internal/builtin-plugins/solidity-test/hook-handlers/test.ts:1,3.3,23 lines read
server/src/blockchain/node_modules/hardhat/src/internal/builtin-plugins/solidity-test/index.ts,CLEAN,server/src/blockchain/node_modules/hardhat/src/internal/builtin-plugins/solidity-test/index.ts:1,3.3,64 lines read
server/src/blockchain/node_modules/hardhat/src/internal/builtin-plugins/solidity-test/reporter.ts,CLEAN,server/src/blockchain/node_modules/hardhat/src/internal/builtin-plugins/solidity-test/reporter.ts:1,3.3,375 lines read
server/src/blockchain/node_modules/hardhat/src/internal/builtin-plugins/solidity-test/runner.ts,CLEAN,server/src/blockchain/node_modules/hardhat/src/internal/builtin-plugins/solidity-test/runner.ts:1,3.3,134 lines read
server/src/blockchain/node_modules/hardhat/src/internal/builtin-plugins/solidity-test/stack-trace-solidity-errors.ts,CLEAN,server/src/blockchain/node_modules/hardhat/src/internal/builtin-plugins/solidity-test/stack-trace-solidity-errors.ts:1,3.3,89 lines read
server/src/blockchain/node_modules/hardhat/src/internal/builtin-plugins/solidity-test/task-action.ts,GAP_FOUND,server/src/blockchain/node_modules/hardhat/src/internal/builtin-plugins/solidity-test/task-action.ts:1,3.3,console@97; console@139; console@140; console@259; console@274
server/src/blockchain/node_modules/hardhat/src/internal/builtin-plugins/solidity-test/type-extensions.ts,CLEAN,server/src/blockchain/node_modules/hardhat/src/internal/builtin-plugins/solidity-test/type-extensions.ts:1,3.3,89 lines read
server/src/blockchain/node_modules/hardhat/src/internal/builtin-plugins/solidity-test/types.ts,CLEAN,server/src/blockchain/node_modules/hardhat/src/internal/builtin-plugins/solidity-test/types.ts:1,3.3,30 lines read
server/src/blockchain/node_modules/hardhat/src/internal/builtin-plugins/solidity/build-profiles.ts,CLEAN,server/src/blockchain/node_modules/hardhat/src/internal/builtin-plugins/solidity/build-profiles.ts:1,3.3,3 lines read
server/src/blockchain/node_modules/hardhat/src/internal/builtin-plugins/solidity/build-results.ts,CLEAN,server/src/blockchain/node_modules/hardhat/src/internal/builtin-plugins/solidity/build-results.ts:1,3.3,47 lines read
server/src/blockchain/node_modules/hardhat/src/internal/builtin-plugins/solidity/build-system/artifacts.ts,CLEAN,server/src/blockchain/node_modules/hardhat/src/internal/builtin-plugins/solidity/build-system/artifacts.ts:1,3.3,134 lines read
server/src/blockchain/node_modules/hardhat/src/internal/builtin-plugins/solidity/build-system/build-system.ts,GAP_FOUND,server/src/blockchain/node_modules/hardhat/src/internal/builtin-plugins/solidity/build-system/build-system.ts:1,3.3,console@1058; console@1067; console@1072; console@1085; console@1090
server/src/blockchain/node_modules/hardhat/src/internal/builtin-plugins/solidity/build-system/cache.ts,CLEAN,server/src/blockchain/node_modules/hardhat/src/internal/builtin-plugins/solidity/build-system/cache.ts:1,3.3,51 lines read
server/src/blockchain/node_modules/hardhat/src/internal/builtin-plugins/solidity/build-system/compilation-job.ts,CLEAN,server/src/blockchain/node_modules/hardhat/src/internal/builtin-plugins/solidity/build-system/compilation-job.ts:1,3.3,262 lines read
server/src/blockchain/node_modules/hardhat/src/internal/builtin-plugins/solidity/build-system/compiler/compiler.ts,CLEAN,server/src/blockchain/node_modules/hardhat/src/internal/builtin-plugins/solidity/build-system/compiler/compiler.ts:1,3.3,197 lines read
server/src/blockchain/node_modules/hardhat/src/internal/builtin-plugins/solidity/build-system/compiler/downloader.ts,CLEAN,server/src/blockchain/node_modules/hardhat/src/internal/builtin-plugins/solidity/build-system/compiler/downloader.ts:1,3.3,477 lines read
server/src/blockchain/node_modules/hardhat/src/internal/builtin-plugins/solidity/build-system/compiler/index.ts,GAP_FOUND,server/src/blockchain/node_modules/hardhat/src/internal/builtin-plugins/solidity/build-system/compiler/index.ts:1,3.3,console@46; console@53; console@70
server/src/blockchain/node_modules/hardhat/src/internal/builtin-plugins/solidity/build-system/compiler/solcjs-runner.ts,GAP_FOUND,server/src/blockchain/node_modules/hardhat/src/internal/builtin-plugins/solidity/build-system/compiler/solcjs-runner.ts:1,3.3,console@33; console@38
server/src/blockchain/node_modules/hardhat/src/internal/builtin-plugins/solidity/build-system/compiler/solcjs-wrapper.ts,CLEAN,server/src/blockchain/node_modules/hardhat/src/internal/builtin-plugins/solidity/build-system/compiler/solcjs-wrapper.ts:1,3.3,144 lines read
server/src/blockchain/node_modules/hardhat/src/internal/builtin-plugins/solidity/build-system/dependency-graph-building.ts,CLEAN,server/src/blockchain/node_modules/hardhat/src/internal/builtin-plugins/solidity/build-system/dependency-graph-building.ts:1,3.3,114 lines read
server/src/blockchain/node_modules/hardhat/src/internal/builtin-plugins/solidity/build-system/dependency-graph.ts,CLEAN,server/src/blockchain/node_modules/hardhat/src/internal/builtin-plugins/solidity/build-system/dependency-graph.ts:1,3.3,260 lines read
server/src/blockchain/node_modules/hardhat/src/internal/builtin-plugins/solidity/build-system/read-source-file.ts,CLEAN,server/src/blockchain/node_modules/hardhat/src/internal/builtin-plugins/solidity/build-system/read-source-file.ts:1,3.3,16 lines read
server/src/blockchain/node_modules/hardhat/src/internal/builtin-plugins/solidity/build-system/resolver/dependency-resolver.ts,CLEAN,server/src/blockchain/node_modules/hardhat/src/internal/builtin-plugins/solidity/build-system/resolver/dependency-resolver.ts:1,3.3,1152 lines read
server/src/blockchain/node_modules/hardhat/src/internal/builtin-plugins/solidity/build-system/resolver/error-messages.ts,CLEAN,server/src/blockchain/node_modules/hardhat/src/internal/builtin-plugins/solidity/build-system/resolver/error-messages.ts:1,3.3,223 lines read
server/src/blockchain/node_modules/hardhat/src/internal/builtin-plugins/solidity/build-system/resolver/npm-module-parsing.ts,CLEAN,server/src/blockchain/node_modules/hardhat/src/internal/builtin-plugins/solidity/build-system/resolver/npm-module-parsing.ts:1,3.3,60 lines read
server/src/blockchain/node_modules/hardhat/src/internal/builtin-plugins/solidity/build-system/resolver/remapped-npm-packages-graph.ts,CLEAN,server/src/blockchain/node_modules/hardhat/src/internal/builtin-plugins/solidity/build-system/resolver/remapped-npm-packages-graph.ts:1,3.3,670 lines read
server/src/blockchain/node_modules/hardhat/src/internal/builtin-plugins/solidity/build-system/resolver/remappings.ts,CLEAN,server/src/blockchain/node_modules/hardhat/src/internal/builtin-plugins/solidity/build-system/resolver/remappings.ts:1,3.3,100 lines read
server/src/blockchain/node_modules/hardhat/src/internal/builtin-plugins/solidity/build-system/resolver/source-name-utils.ts,CLEAN,server/src/blockchain/node_modules/hardhat/src/internal/builtin-plugins/solidity/build-system/resolver/source-name-utils.ts:1,3.3,42 lines read
server/src/blockchain/node_modules/hardhat/src/internal/builtin-plugins/solidity/build-system/resolver/types.ts,CLEAN,server/src/blockchain/node_modules/hardhat/src/internal/builtin-plugins/solidity/build-system/resolver/types.ts:1,3.3,277 lines read
server/src/blockchain/node_modules/hardhat/src/internal/builtin-plugins/solidity/build-system/resolver/utils.ts,CLEAN,server/src/blockchain/node_modules/hardhat/src/internal/builtin-plugins/solidity/build-system/resolver/utils.ts:1,3.3,89 lines read
server/src/blockchain/node_modules/hardhat/src/internal/builtin-plugins/solidity/build-system/root-paths-utils.ts,CLEAN,server/src/blockchain/node_modules/hardhat/src/internal/builtin-plugins/solidity/build-system/root-paths-utils.ts:1,3.3,81 lines read
server/src/blockchain/node_modules/hardhat/src/internal/builtin-plugins/solidity/build-system/solc-config-selection.ts,CLEAN,server/src/blockchain/node_modules/hardhat/src/internal/builtin-plugins/solidity/build-system/solc-config-selection.ts:1,3.3,206 lines read
server/src/blockchain/node_modules/hardhat/src/internal/builtin-plugins/solidity/build-system/solc-info.ts,CLEAN,server/src/blockchain/node_modules/hardhat/src/internal/builtin-plugins/solidity/build-system/solc-info.ts:1,3.3,79 lines read
server/src/blockchain/node_modules/hardhat/src/internal/builtin-plugins/solidity/config.ts,CLEAN,server/src/blockchain/node_modules/hardhat/src/internal/builtin-plugins/solidity/config.ts:1,3.3,377 lines read
server/src/blockchain/node_modules/hardhat/src/internal/builtin-plugins/solidity/hook-handlers/config.ts,CLEAN,server/src/blockchain/node_modules/hardhat/src/internal/builtin-plugins/solidity/hook-handlers/config.ts:1,3.3,27 lines read
server/src/blockchain/node_modules/hardhat/src/internal/builtin-plugins/solidity/hook-handlers/hre.ts,CLEAN,server/src/blockchain/node_modules/hardhat/src/internal/builtin-plugins/solidity/hook-handlers/hre.ts:1,3.3,145 lines read
server/src/blockchain/node_modules/hardhat/src/internal/builtin-plugins/solidity/index.ts,CLEAN,server/src/blockchain/node_modules/hardhat/src/internal/builtin-plugins/solidity/index.ts:1,3.3,68 lines read
server/src/blockchain/node_modules/hardhat/src/internal/builtin-plugins/solidity/tasks/build.ts,CLEAN,server/src/blockchain/node_modules/hardhat/src/internal/builtin-plugins/solidity/tasks/build.ts:1,3.3,123 lines read
server/src/blockchain/node_modules/hardhat/src/internal/builtin-plugins/solidity/type-extensions.ts,CLEAN,server/src/blockchain/node_modules/hardhat/src/internal/builtin-plugins/solidity/type-extensions.ts:1,3.3,181 lines read
server/src/blockchain/node_modules/hardhat/src/internal/builtin-plugins/telemetry/index.ts,CLEAN,server/src/blockchain/node_modules/hardhat/src/internal/builtin-plugins/telemetry/index.ts:1,3.3,23 lines read
server/src/blockchain/node_modules/hardhat/src/internal/builtin-plugins/telemetry/task-action.ts,GAP_FOUND,server/src/blockchain/node_modules/hardhat/src/internal/builtin-plugins/telemetry/task-action.ts:1,3.3,console@17; console@23; console@28; console@35; console@39
server/src/blockchain/node_modules/hardhat/src/internal/builtin-plugins/test/config.ts,CLEAN,server/src/blockchain/node_modules/hardhat/src/internal/builtin-plugins/test/config.ts:1,3.3,17 lines read
server/src/blockchain/node_modules/hardhat/src/internal/builtin-plugins/test/hook-handlers/config.ts,CLEAN,server/src/blockchain/node_modules/hardhat/src/internal/builtin-plugins/test/hook-handlers/config.ts:1,3.3,22 lines read
server/src/blockchain/node_modules/hardhat/src/internal/builtin-plugins/test/index.ts,CLEAN,server/src/blockchain/node_modules/hardhat/src/internal/builtin-plugins/test/index.ts:1,3.3,49 lines read
server/src/blockchain/node_modules/hardhat/src/internal/builtin-plugins/test/task-action.ts,GAP_FOUND,server/src/blockchain/node_modules/hardhat/src/internal/builtin-plugins/test/task-action.ts:1,3.3,console@153; console@166; console@176; console@180; console@197
server/src/blockchain/node_modules/hardhat/src/internal/builtin-plugins/test/type-extensions.ts,CLEAN,server/src/blockchain/node_modules/hardhat/src/internal/builtin-plugins/test/type-extensions.ts:1,3.3,43 lines read
server/src/blockchain/node_modules/hardhat/src/internal/cli/error-handler.ts,CLEAN,server/src/blockchain/node_modules/hardhat/src/internal/cli/error-handler.ts:1,3.3,148 lines read
server/src/blockchain/node_modules/hardhat/src/internal/cli/help/get-global-help-string.ts,CLEAN,server/src/blockchain/node_modules/hardhat/src/internal/cli/help/get-global-help-string.ts:1,3.3,46 lines read
server/src/blockchain/node_modules/hardhat/src/internal/cli/help/get-help-string.ts,CLEAN,server/src/blockchain/node_modules/hardhat/src/internal/cli/help/get-help-string.ts:1,3.3,73 lines read
server/src/blockchain/node_modules/hardhat/src/internal/cli/help/utils.ts,CLEAN,server/src/blockchain/node_modules/hardhat/src/internal/cli/help/utils.ts:1,3.3,193 lines read
server/src/blockchain/node_modules/hardhat/src/internal/cli/init/init.ts,GAP_FOUND,server/src/blockchain/node_modules/hardhat/src/internal/cli/init/init.ts:1,3.3,console@161; console@171; console@179; console@192; console@468
server/src/blockchain/node_modules/hardhat/src/internal/cli/init/package-manager.ts,CLEAN,server/src/blockchain/node_modules/hardhat/src/internal/cli/init/package-manager.ts:1,3.3,242 lines read
server/src/blockchain/node_modules/hardhat/src/internal/cli/init/prompt.ts,CLEAN,server/src/blockchain/node_modules/hardhat/src/internal/cli/init/prompt.ts:1,3.3,167 lines read
server/src/blockchain/node_modules/hardhat/src/internal/cli/init/subprocess.ts,CLEAN,server/src/blockchain/node_modules/hardhat/src/internal/cli/init/subprocess.ts:1,3.3,24 lines read
server/src/blockchain/node_modules/hardhat/src/internal/cli/init/template.ts,CLEAN,server/src/blockchain/node_modules/hardhat/src/internal/cli/init/template.ts:1,3.3,100 lines read
server/src/blockchain/node_modules/hardhat/src/internal/cli/main.ts,CLEAN,server/src/blockchain/node_modules/hardhat/src/internal/cli/main.ts:1,3.3,752 lines read
server/src/blockchain/node_modules/hardhat/src/internal/cli/node-version.ts,GAP_FOUND,server/src/blockchain/node_modules/hardhat/src/internal/cli/node-version.ts:1,3.3,console@44
server/src/blockchain/node_modules/hardhat/src/internal/cli/telemetry/analytics/analytics.ts,CLEAN,server/src/blockchain/node_modules/hardhat/src/internal/cli/telemetry/analytics/analytics.ts:1,3.3,144 lines read
server/src/blockchain/node_modules/hardhat/src/internal/cli/telemetry/analytics/subprocess.ts,CLEAN,server/src/blockchain/node_modules/hardhat/src/internal/cli/telemetry/analytics/subprocess.ts:1,3.3,25 lines read
server/src/blockchain/node_modules/hardhat/src/internal/cli/telemetry/analytics/types.ts,CLEAN,server/src/blockchain/node_modules/hardhat/src/internal/cli/telemetry/analytics/types.ts:1,3.3,72 lines read
server/src/blockchain/node_modules/hardhat/src/internal/cli/telemetry/analytics/utils.ts,CLEAN,server/src/blockchain/node_modules/hardhat/src/internal/cli/telemetry/analytics/utils.ts:1,3.3,58 lines read
server/src/blockchain/node_modules/hardhat/src/internal/cli/telemetry/sentry/anonymize-paths.ts,CLEAN,server/src/blockchain/node_modules/hardhat/src/internal/cli/telemetry/sentry/anonymize-paths.ts:1,3.3,152 lines read
server/src/blockchain/node_modules/hardhat/src/internal/cli/telemetry/sentry/anonymizer.ts,CLEAN,server/src/blockchain/node_modules/hardhat/src/internal/cli/telemetry/sentry/anonymizer.ts:1,3.3,501 lines read
server/src/blockchain/node_modules/hardhat/src/internal/cli/telemetry/sentry/constants.ts,CLEAN,server/src/blockchain/node_modules/hardhat/src/internal/cli/telemetry/sentry/constants.ts:1,3.3,1 lines read
server/src/blockchain/node_modules/hardhat/src/internal/cli/telemetry/sentry/init.ts,GAP_FOUND,server/src/blockchain/node_modules/hardhat/src/internal/cli/telemetry/sentry/init.ts:1,3.3,console@144; console@145; console@146; console@147
server/src/blockchain/node_modules/hardhat/src/internal/cli/telemetry/sentry/reporter.ts,CLEAN,server/src/blockchain/node_modules/hardhat/src/internal/cli/telemetry/sentry/reporter.ts:1,3.3,152 lines read
server/src/blockchain/node_modules/hardhat/src/internal/cli/telemetry/sentry/subprocess.ts,GAP_FOUND,server/src/blockchain/node_modules/hardhat/src/internal/cli/telemetry/sentry/subprocess.ts:1,3.3,console@21
server/src/blockchain/node_modules/hardhat/src/internal/cli/telemetry/sentry/transport.ts,GAP_FOUND,server/src/blockchain/node_modules/hardhat/src/internal/cli/telemetry/sentry/transport.ts:1,3.3,throw new Error@194
server/src/blockchain/node_modules/hardhat/src/internal/cli/telemetry/sentry/vendor/debug-build.ts,CLEAN,server/src/blockchain/node_modules/hardhat/src/internal/cli/telemetry/sentry/vendor/debug-build.ts:1,3.3,10 lines read
server/src/blockchain/node_modules/hardhat/src/internal/cli/telemetry/sentry/vendor/integrations/context.ts,CLEAN,server/src/blockchain/node_modules/hardhat/src/internal/cli/telemetry/sentry/vendor/integrations/context.ts:1,3.3,478 lines read
server/src/blockchain/node_modules/hardhat/src/internal/cli/telemetry/sentry/vendor/integrations/contextlines.ts,CLEAN,server/src/blockchain/node_modules/hardhat/src/internal/cli/telemetry/sentry/vendor/integrations/contextlines.ts:1,3.3,415 lines read
server/src/blockchain/node_modules/hardhat/src/internal/cli/telemetry/sentry/vendor/utils/module.ts,CLEAN,server/src/blockchain/node_modules/hardhat/src/internal/cli/telemetry/sentry/vendor/utils/module.ts:1,3.3,61 lines read
server/src/blockchain/node_modules/hardhat/src/internal/cli/telemetry/telemetry-permissions.ts,CLEAN,server/src/blockchain/node_modules/hardhat/src/internal/cli/telemetry/telemetry-permissions.ts:1,3.3,103 lines read
server/src/blockchain/node_modules/hardhat/src/internal/cli/version.ts,CLEAN,server/src/blockchain/node_modules/hardhat/src/internal/cli/version.ts:1,3.3,7 lines read
server/src/blockchain/node_modules/hardhat/src/internal/config-loading.ts,CLEAN,server/src/blockchain/node_modules/hardhat/src/internal/config-loading.ts:1,3.3,196 lines read
server/src/blockchain/node_modules/hardhat/src/internal/constants.ts,CLEAN,server/src/blockchain/node_modules/hardhat/src/internal/constants.ts:1,3.3,13 lines read
server/src/blockchain/node_modules/hardhat/src/internal/core/arguments.ts,CLEAN,server/src/blockchain/node_modules/hardhat/src/internal/core/arguments.ts:1,3.3,293 lines read
server/src/blockchain/node_modules/hardhat/src/internal/core/config-validation.ts,CLEAN,server/src/blockchain/node_modules/hardhat/src/internal/core/config-validation.ts:1,3.3,680 lines read
server/src/blockchain/node_modules/hardhat/src/internal/core/config.ts,CLEAN,server/src/blockchain/node_modules/hardhat/src/internal/core/config.ts:1,3.3,111 lines read
server/src/blockchain/node_modules/hardhat/src/internal/core/configuration-variables.ts,CLEAN,server/src/blockchain/node_modules/hardhat/src/internal/core/configuration-variables.ts:1,3.3,154 lines read
server/src/blockchain/node_modules/hardhat/src/internal/core/global-options.ts,CLEAN,server/src/blockchain/node_modules/hardhat/src/internal/core/global-options.ts:1,3.3,188 lines read
server/src/blockchain/node_modules/hardhat/src/internal/core/hook-manager.ts,CLEAN,server/src/blockchain/node_modules/hardhat/src/internal/core/hook-manager.ts:1,3.3,347 lines read
server/src/blockchain/node_modules/hardhat/src/internal/core/hre.ts,CLEAN,server/src/blockchain/node_modules/hardhat/src/internal/core/hre.ts:1,3.3,325 lines read
server/src/blockchain/node_modules/hardhat/src/internal/core/plugins/detect-plugin-npm-dependency-problems.ts,CLEAN,server/src/blockchain/node_modules/hardhat/src/internal/core/plugins/detect-plugin-npm-dependency-problems.ts:1,3.3,102 lines read
server/src/blockchain/node_modules/hardhat/src/internal/core/plugins/resolve-plugin-list.ts,CLEAN,server/src/blockchain/node_modules/hardhat/src/internal/core/plugins/resolve-plugin-list.ts:1,3.3,134 lines read
server/src/blockchain/node_modules/hardhat/src/internal/core/tasks/builders.ts,CLEAN,server/src/blockchain/node_modules/hardhat/src/internal/core/tasks/builders.ts:1,3.3,390 lines read
server/src/blockchain/node_modules/hardhat/src/internal/core/tasks/resolved-task.ts,CLEAN,server/src/blockchain/node_modules/hardhat/src/internal/core/tasks/resolved-task.ts:1,3.3,271 lines read
server/src/blockchain/node_modules/hardhat/src/internal/core/tasks/task-manager.ts,CLEAN,server/src/blockchain/node_modules/hardhat/src/internal/core/tasks/task-manager.ts:1,3.3,314 lines read
server/src/blockchain/node_modules/hardhat/src/internal/core/tasks/utils.ts,CLEAN,server/src/blockchain/node_modules/hardhat/src/internal/core/tasks/utils.ts:1,3.3,11 lines read
server/src/blockchain/node_modules/hardhat/src/internal/core/tasks/validations.ts,CLEAN,server/src/blockchain/node_modules/hardhat/src/internal/core/tasks/validations.ts:1,3.3,139 lines read
server/src/blockchain/node_modules/hardhat/src/internal/core/types.ts,CLEAN,server/src/blockchain/node_modules/hardhat/src/internal/core/types.ts:1,3.3,11 lines read
server/src/blockchain/node_modules/hardhat/src/internal/core/user-interruptions.ts,GAP_FOUND,server/src/blockchain/node_modules/hardhat/src/internal/core/user-interruptions.ts:1,3.3,console@72
server/src/blockchain/node_modules/hardhat/src/internal/edr/chain-type.ts,CLEAN,server/src/blockchain/node_modules/hardhat/src/internal/edr/chain-type.ts:1,3.3,35 lines read
server/src/blockchain/node_modules/hardhat/src/internal/edr/context.ts,CLEAN,server/src/blockchain/node_modules/hardhat/src/internal/edr/context.ts:1,3.3,41 lines read
server/src/blockchain/node_modules/hardhat/src/internal/global-hre-instance.ts,CLEAN,server/src/blockchain/node_modules/hardhat/src/internal/global-hre-instance.ts:1,3.3,41 lines read
server/src/blockchain/node_modules/hardhat/src/internal/hre-initialization.ts,CLEAN,server/src/blockchain/node_modules/hardhat/src/internal/hre-initialization.ts:1,3.3,101 lines read
server/src/blockchain/node_modules/hardhat/src/internal/utils/package.ts,CLEAN,server/src/blockchain/node_modules/hardhat/src/internal/utils/package.ts:1,3.3,76 lines read
server/src/blockchain/node_modules/hardhat/src/lsp-helpers.ts,CLEAN,server/src/blockchain/node_modules/hardhat/src/lsp-helpers.ts:1,3.3,9 lines read
server/src/blockchain/node_modules/hardhat/src/plugins.ts,CLEAN,server/src/blockchain/node_modules/hardhat/src/plugins.ts:1,3.3,1 lines read
server/src/blockchain/node_modules/hardhat/src/types/arguments.ts,CLEAN,server/src/blockchain/node_modules/hardhat/src/types/arguments.ts:1,3.3,96 lines read
server/src/blockchain/node_modules/hardhat/src/types/artifacts.ts,CLEAN,server/src/blockchain/node_modules/hardhat/src/types/artifacts.ts:1,3.3,246 lines read
server/src/blockchain/node_modules/hardhat/src/types/config.ts,CLEAN,server/src/blockchain/node_modules/hardhat/src/types/config.ts:1,3.3,136 lines read
server/src/blockchain/node_modules/hardhat/src/types/global-options.ts,CLEAN,server/src/blockchain/node_modules/hardhat/src/types/global-options.ts:1,3.3,39 lines read
server/src/blockchain/node_modules/hardhat/src/types/hooks.ts,CLEAN,server/src/blockchain/node_modules/hardhat/src/types/hooks.ts:1,3.3,394 lines read
server/src/blockchain/node_modules/hardhat/src/types/hre.ts,CLEAN,server/src/blockchain/node_modules/hardhat/src/types/hre.ts:1,3.3,22 lines read
server/src/blockchain/node_modules/hardhat/src/types/network.ts,CLEAN,server/src/blockchain/node_modules/hardhat/src/types/network.ts:1,3.3,112 lines read
server/src/blockchain/node_modules/hardhat/src/types/plugins.ts,CLEAN,server/src/blockchain/node_modules/hardhat/src/types/plugins.ts:1,3.3,113 lines read
server/src/blockchain/node_modules/hardhat/src/types/providers.ts,CLEAN,server/src/blockchain/node_modules/hardhat/src/types/providers.ts:1,3.3,152 lines read
server/src/blockchain/node_modules/hardhat/src/types/solidity.ts,CLEAN,server/src/blockchain/node_modules/hardhat/src/types/solidity.ts:1,3.3,7 lines read
server/src/blockchain/node_modules/hardhat/src/types/solidity/build-system.ts,CLEAN,server/src/blockchain/node_modules/hardhat/src/types/solidity/build-system.ts:1,3.3,320 lines read
server/src/blockchain/node_modules/hardhat/src/types/solidity/compilation-job.ts,CLEAN,server/src/blockchain/node_modules/hardhat/src/types/solidity/compilation-job.ts:1,3.3,41 lines read
server/src/blockchain/node_modules/hardhat/src/types/solidity/compiler-io.ts,CLEAN,server/src/blockchain/node_modules/hardhat/src/types/solidity/compiler-io.ts:1,3.3,82 lines read
server/src/blockchain/node_modules/hardhat/src/types/solidity/dependency-graph.ts,CLEAN,server/src/blockchain/node_modules/hardhat/src/types/solidity/dependency-graph.ts:1,3.3,71 lines read
server/src/blockchain/node_modules/hardhat/src/types/solidity/errors.ts,CLEAN,server/src/blockchain/node_modules/hardhat/src/types/solidity/errors.ts:1,3.3,357 lines read
server/src/blockchain/node_modules/hardhat/src/types/solidity/resolved-file.ts,CLEAN,server/src/blockchain/node_modules/hardhat/src/types/solidity/resolved-file.ts:1,3.3,151 lines read
server/src/blockchain/node_modules/hardhat/src/types/solidity/solidity-artifacts.ts,CLEAN,server/src/blockchain/node_modules/hardhat/src/types/solidity/solidity-artifacts.ts:1,3.3,64 lines read
server/src/blockchain/node_modules/hardhat/src/types/tasks.ts,CLEAN,server/src/blockchain/node_modules/hardhat/src/types/tasks.ts:1,3.3,451 lines read
server/src/blockchain/node_modules/hardhat/src/types/test.ts,CLEAN,server/src/blockchain/node_modules/hardhat/src/types/test.ts:1,3.3,7 lines read
server/src/blockchain/node_modules/hardhat/src/types/user-interruptions.ts,CLEAN,server/src/blockchain/node_modules/hardhat/src/types/user-interruptions.ts:1,3.3,56 lines read
server/src/blockchain/node_modules/hardhat/src/types/utils.ts,CLEAN,server/src/blockchain/node_modules/hardhat/src/types/utils.ts:1,3.3,52 lines read
server/src/blockchain/node_modules/hardhat/src/utils/contract-names.ts,CLEAN,server/src/blockchain/node_modules/hardhat/src/utils/contract-names.ts:1,3.3,80 lines read
server/src/blockchain/node_modules/hardhat/templates/hardhat-2/03-mocha-ethers-ts/hardhat.config.ts,CLEAN,server/src/blockchain/node_modules/hardhat/templates/hardhat-2/03-mocha-ethers-ts/hardhat.config.ts:1,3.3,8 lines read
server/src/blockchain/node_modules/hardhat/templates/hardhat-2/03-mocha-ethers-ts/ignition/modules/Lock.ts,CLEAN,server/src/blockchain/node_modules/hardhat/templates/hardhat-2/03-mocha-ethers-ts/ignition/modules/Lock.ts:1,3.3,20 lines read
server/src/blockchain/node_modules/hardhat/templates/hardhat-2/03-mocha-ethers-ts/test/Lock.ts,CLEAN,server/src/blockchain/node_modules/hardhat/templates/hardhat-2/03-mocha-ethers-ts/test/Lock.ts:1,3.3,127 lines read
server/src/blockchain/node_modules/hardhat/templates/hardhat-2/04-mocha-viem-ts/hardhat.config.ts,CLEAN,server/src/blockchain/node_modules/hardhat/templates/hardhat-2/04-mocha-viem-ts/hardhat.config.ts:1,3.3,8 lines read
server/src/blockchain/node_modules/hardhat/templates/hardhat-2/04-mocha-viem-ts/ignition/modules/Lock.ts,CLEAN,server/src/blockchain/node_modules/hardhat/templates/hardhat-2/04-mocha-viem-ts/ignition/modules/Lock.ts:1,3.3,21 lines read
server/src/blockchain/node_modules/hardhat/templates/hardhat-2/04-mocha-viem-ts/test/Lock.ts,CLEAN,server/src/blockchain/node_modules/hardhat/templates/hardhat-2/04-mocha-viem-ts/test/Lock.ts:1,3.3,134 lines read
server/src/blockchain/node_modules/hardhat/templates/hardhat-3/01-node-test-runner-viem/hardhat.config.ts,CLEAN,server/src/blockchain/node_modules/hardhat/templates/hardhat-3/01-node-test-runner-viem/hardhat.config.ts:1,3.3,38 lines read
server/src/blockchain/node_modules/hardhat/templates/hardhat-3/01-node-test-runner-viem/ignition/modules/Counter.ts,CLEAN,server/src/blockchain/node_modules/hardhat/templates/hardhat-3/01-node-test-runner-viem/ignition/modules/Counter.ts:1,3.3,9 lines read
server/src/blockchain/node_modules/hardhat/templates/hardhat-3/01-node-test-runner-viem/scripts/send-op-tx.ts,GAP_FOUND,server/src/blockchain/node_modules/hardhat/templates/hardhat-3/01-node-test-runner-viem/scripts/send-op-tx.ts:1,3.3,console@8; console@13; console@21; console@23; console@31
server/src/blockchain/node_modules/hardhat/templates/hardhat-3/01-node-test-runner-viem/test/Counter.ts,CLEAN,server/src/blockchain/node_modules/hardhat/templates/hardhat-3/01-node-test-runner-viem/test/Counter.ts:1,3.3,46 lines read
server/src/blockchain/node_modules/hardhat/templates/hardhat-3/02-mocha-ethers/hardhat.config.ts,CLEAN,server/src/blockchain/node_modules/hardhat/templates/hardhat-3/02-mocha-ethers/hardhat.config.ts:1,3.3,38 lines read
server/src/blockchain/node_modules/hardhat/templates/hardhat-3/02-mocha-ethers/ignition/modules/Counter.ts,CLEAN,server/src/blockchain/node_modules/hardhat/templates/hardhat-3/02-mocha-ethers/ignition/modules/Counter.ts:1,3.3,9 lines read
server/src/blockchain/node_modules/hardhat/templates/hardhat-3/02-mocha-ethers/scripts/send-op-tx.ts,GAP_FOUND,server/src/blockchain/node_modules/hardhat/templates/hardhat-3/02-mocha-ethers/scripts/send-op-tx.ts:1,3.3,console@8; console@12; console@14; console@22
server/src/blockchain/node_modules/hardhat/templates/hardhat-3/02-mocha-ethers/test/Counter.ts,CLEAN,server/src/blockchain/node_modules/hardhat/templates/hardhat-3/02-mocha-ethers/test/Counter.ts:1,3.3,36 lines read
server/src/blockchain/node_modules/hardhat/templates/hardhat-3/03-minimal/hardhat.config.ts,CLEAN,server/src/blockchain/node_modules/hardhat/templates/hardhat-3/03-minimal/hardhat.config.ts:1,3.3,7 lines read
server/src/blockchain/node_modules/json-stream-stringify/lib/types/index.d.ts,CLEAN,server/src/blockchain/node_modules/json-stream-stringify/lib/types/index.d.ts:1,3.3,48 lines read
server/src/blockchain/node_modules/micro-eth-signer/_type_test.d.ts,CLEAN,server/src/blockchain/node_modules/micro-eth-signer/_type_test.d.ts:1,3.3,2 lines read
server/src/blockchain/node_modules/micro-eth-signer/abi/common.d.ts,CLEAN,server/src/blockchain/node_modules/micro-eth-signer/abi/common.d.ts:1,3.3,5 lines read
server/src/blockchain/node_modules/micro-eth-signer/abi/decoder.d.ts,CLEAN,server/src/blockchain/node_modules/micro-eth-signer/abi/decoder.d.ts:1,3.3,167 lines read
server/src/blockchain/node_modules/micro-eth-signer/abi/erc1155.d.ts,CLEAN,server/src/blockchain/node_modules/micro-eth-signer/abi/erc1155.d.ts:1,3.3,189 lines read
server/src/blockchain/node_modules/micro-eth-signer/abi/erc20.d.ts,CLEAN,server/src/blockchain/node_modules/micro-eth-signer/abi/erc20.d.ts:1,3.3,308 lines read
server/src/blockchain/node_modules/micro-eth-signer/abi/erc721.d.ts,CLEAN,server/src/blockchain/node_modules/micro-eth-signer/abi/erc721.d.ts:1,3.3,220 lines read
server/src/blockchain/node_modules/micro-eth-signer/abi/index.d.ts,CLEAN,server/src/blockchain/node_modules/micro-eth-signer/abi/index.d.ts:1,3.3,24 lines read
server/src/blockchain/node_modules/micro-eth-signer/abi/kyber.d.ts,CLEAN,server/src/blockchain/node_modules/micro-eth-signer/abi/kyber.d.ts:1,3.3,141 lines read
server/src/blockchain/node_modules/micro-eth-signer/abi/uniswap-v2.d.ts,CLEAN,server/src/blockchain/node_modules/micro-eth-signer/abi/uniswap-v2.d.ts:1,3.3,755 lines read
server/src/blockchain/node_modules/micro-eth-signer/abi/uniswap-v3.d.ts,CLEAN,server/src/blockchain/node_modules/micro-eth-signer/abi/uniswap-v3.d.ts:1,3.3,441 lines read
server/src/blockchain/node_modules/micro-eth-signer/abi/weth.d.ts,CLEAN,server/src/blockchain/node_modules/micro-eth-signer/abi/weth.d.ts:1,3.3,216 lines read
server/src/blockchain/node_modules/micro-eth-signer/address.d.ts,CLEAN,server/src/blockchain/node_modules/micro-eth-signer/address.d.ts:1,3.3,37 lines read
server/src/blockchain/node_modules/micro-eth-signer/esm/_type_test.d.ts,CLEAN,server/src/blockchain/node_modules/micro-eth-signer/esm/_type_test.d.ts:1,3.3,2 lines read
server/src/blockchain/node_modules/micro-eth-signer/esm/abi/common.d.ts,CLEAN,server/src/blockchain/node_modules/micro-eth-signer/esm/abi/common.d.ts:1,3.3,5 lines read
server/src/blockchain/node_modules/micro-eth-signer/esm/abi/decoder.d.ts,CLEAN,server/src/blockchain/node_modules/micro-eth-signer/esm/abi/decoder.d.ts:1,3.3,167 lines read
server/src/blockchain/node_modules/micro-eth-signer/esm/abi/erc1155.d.ts,CLEAN,server/src/blockchain/node_modules/micro-eth-signer/esm/abi/erc1155.d.ts:1,3.3,189 lines read
server/src/blockchain/node_modules/micro-eth-signer/esm/abi/erc20.d.ts,CLEAN,server/src/blockchain/node_modules/micro-eth-signer/esm/abi/erc20.d.ts:1,3.3,308 lines read
server/src/blockchain/node_modules/micro-eth-signer/esm/abi/erc721.d.ts,CLEAN,server/src/blockchain/node_modules/micro-eth-signer/esm/abi/erc721.d.ts:1,3.3,220 lines read
server/src/blockchain/node_modules/micro-eth-signer/esm/abi/index.d.ts,CLEAN,server/src/blockchain/node_modules/micro-eth-signer/esm/abi/index.d.ts:1,3.3,24 lines read
server/src/blockchain/node_modules/micro-eth-signer/esm/abi/kyber.d.ts,CLEAN,server/src/blockchain/node_modules/micro-eth-signer/esm/abi/kyber.d.ts:1,3.3,141 lines read
server/src/blockchain/node_modules/micro-eth-signer/esm/abi/uniswap-v2.d.ts,CLEAN,server/src/blockchain/node_modules/micro-eth-signer/esm/abi/uniswap-v2.d.ts:1,3.3,755 lines read
server/src/blockchain/node_modules/micro-eth-signer/esm/abi/uniswap-v3.d.ts,CLEAN,server/src/blockchain/node_modules/micro-eth-signer/esm/abi/uniswap-v3.d.ts:1,3.3,441 lines read
server/src/blockchain/node_modules/micro-eth-signer/esm/abi/weth.d.ts,CLEAN,server/src/blockchain/node_modules/micro-eth-signer/esm/abi/weth.d.ts:1,3.3,216 lines read
server/src/blockchain/node_modules/micro-eth-signer/esm/address.d.ts,CLEAN,server/src/blockchain/node_modules/micro-eth-signer/esm/address.d.ts:1,3.3,37 lines read
server/src/blockchain/node_modules/micro-eth-signer/esm/index.d.ts,CLEAN,server/src/blockchain/node_modules/micro-eth-signer/esm/index.d.ts:1,3.3,108 lines read
server/src/blockchain/node_modules/micro-eth-signer/esm/kzg.d.ts,CLEAN,server/src/blockchain/node_modules/micro-eth-signer/esm/kzg.d.ts:1,3.3,41 lines read
server/src/blockchain/node_modules/micro-eth-signer/esm/net/archive.d.ts,CLEAN,server/src/blockchain/node_modules/micro-eth-signer/esm/net/archive.d.ts:1,3.3,246 lines read
server/src/blockchain/node_modules/micro-eth-signer/esm/net/chainlink.d.ts,CLEAN,server/src/blockchain/node_modules/micro-eth-signer/esm/net/chainlink.d.ts:1,3.3,14 lines read
server/src/blockchain/node_modules/micro-eth-signer/esm/net/ens.d.ts,CLEAN,server/src/blockchain/node_modules/micro-eth-signer/esm/net/ens.d.ts:1,3.3,44 lines read
server/src/blockchain/node_modules/micro-eth-signer/esm/net/index.d.ts,CLEAN,server/src/blockchain/node_modules/micro-eth-signer/esm/net/index.d.ts:1,3.3,7 lines read
server/src/blockchain/node_modules/micro-eth-signer/esm/net/uniswap-common.d.ts,CLEAN,server/src/blockchain/node_modules/micro-eth-signer/esm/net/uniswap-common.d.ts:1,3.3,72 lines read
server/src/blockchain/node_modules/micro-eth-signer/esm/net/uniswap-v2.d.ts,CLEAN,server/src/blockchain/node_modules/micro-eth-signer/esm/net/uniswap-v2.d.ts:1,3.3,30 lines read
server/src/blockchain/node_modules/micro-eth-signer/esm/net/uniswap-v3.d.ts,CLEAN,server/src/blockchain/node_modules/micro-eth-signer/esm/net/uniswap-v3.d.ts:1,3.3,36 lines read
server/src/blockchain/node_modules/micro-eth-signer/esm/rlp.d.ts,CLEAN,server/src/blockchain/node_modules/micro-eth-signer/esm/rlp.d.ts:1,3.3,22 lines read
server/src/blockchain/node_modules/micro-eth-signer/esm/ssz.d.ts,CLEAN,server/src/blockchain/node_modules/micro-eth-signer/esm/ssz.d.ts:1,3.3,3589 lines read
server/src/blockchain/node_modules/micro-eth-signer/esm/tx.d.ts,CLEAN,server/src/blockchain/node_modules/micro-eth-signer/esm/tx.d.ts:1,3.3,293 lines read
server/src/blockchain/node_modules/micro-eth-signer/esm/typed-data.d.ts,CLEAN,server/src/blockchain/node_modules/micro-eth-signer/esm/typed-data.d.ts:1,3.3,78 lines read
server/src/blockchain/node_modules/micro-eth-signer/esm/utils.d.ts,CLEAN,server/src/blockchain/node_modules/micro-eth-signer/esm/utils.d.ts:1,3.3,64 lines read
server/src/blockchain/node_modules/micro-eth-signer/esm/verkle.d.ts,CLEAN,server/src/blockchain/node_modules/micro-eth-signer/esm/verkle.d.ts:1,3.3,27 lines read
server/src/blockchain/node_modules/micro-eth-signer/index.d.ts,CLEAN,server/src/blockchain/node_modules/micro-eth-signer/index.d.ts:1,3.3,108 lines read
server/src/blockchain/node_modules/micro-eth-signer/kzg.d.ts,CLEAN,server/src/blockchain/node_modules/micro-eth-signer/kzg.d.ts:1,3.3,41 lines read
server/src/blockchain/node_modules/micro-eth-signer/net/archive.d.ts,CLEAN,server/src/blockchain/node_modules/micro-eth-signer/net/archive.d.ts:1,3.3,246 lines read
server/src/blockchain/node_modules/micro-eth-signer/net/chainlink.d.ts,CLEAN,server/src/blockchain/node_modules/micro-eth-signer/net/chainlink.d.ts:1,3.3,14 lines read
server/src/blockchain/node_modules/micro-eth-signer/net/ens.d.ts,CLEAN,server/src/blockchain/node_modules/micro-eth-signer/net/ens.d.ts:1,3.3,44 lines read
server/src/blockchain/node_modules/micro-eth-signer/net/index.d.ts,CLEAN,server/src/blockchain/node_modules/micro-eth-signer/net/index.d.ts:1,3.3,7 lines read
server/src/blockchain/node_modules/micro-eth-signer/net/uniswap-common.d.ts,CLEAN,server/src/blockchain/node_modules/micro-eth-signer/net/uniswap-common.d.ts:1,3.3,72 lines read
server/src/blockchain/node_modules/micro-eth-signer/net/uniswap-v2.d.ts,CLEAN,server/src/blockchain/node_modules/micro-eth-signer/net/uniswap-v2.d.ts:1,3.3,30 lines read
server/src/blockchain/node_modules/micro-eth-signer/net/uniswap-v3.d.ts,CLEAN,server/src/blockchain/node_modules/micro-eth-signer/net/uniswap-v3.d.ts:1,3.3,36 lines read
server/src/blockchain/node_modules/micro-eth-signer/node_modules/@noble/curves/_shortw_utils.d.ts,CLEAN,server/src/blockchain/node_modules/micro-eth-signer/node_modules/@noble/curves/_shortw_utils.d.ts:1,3.3,16 lines read
server/src/blockchain/node_modules/micro-eth-signer/node_modules/@noble/curves/abstract/bls.d.ts,CLEAN,server/src/blockchain/node_modules/micro-eth-signer/node_modules/@noble/curves/abstract/bls.d.ts:1,3.3,129 lines read
server/src/blockchain/node_modules/micro-eth-signer/node_modules/@noble/curves/abstract/curve.d.ts,CLEAN,server/src/blockchain/node_modules/micro-eth-signer/node_modules/@noble/curves/abstract/curve.d.ts:1,3.3,109 lines read
server/src/blockchain/node_modules/micro-eth-signer/node_modules/@noble/curves/abstract/edwards.d.ts,CLEAN,server/src/blockchain/node_modules/micro-eth-signer/node_modules/@noble/curves/abstract/edwards.d.ts:1,3.3,92 lines read
server/src/blockchain/node_modules/micro-eth-signer/node_modules/@noble/curves/abstract/hash-to-curve.d.ts,CLEAN,server/src/blockchain/node_modules/micro-eth-signer/node_modules/@noble/curves/abstract/hash-to-curve.d.ts:1,3.3,79 lines read
server/src/blockchain/node_modules/micro-eth-signer/node_modules/@noble/curves/abstract/modular.d.ts,CLEAN,server/src/blockchain/node_modules/micro-eth-signer/node_modules/@noble/curves/abstract/modular.d.ts:1,3.3,152 lines read
server/src/blockchain/node_modules/micro-eth-signer/node_modules/@noble/curves/abstract/montgomery.d.ts,CLEAN,server/src/blockchain/node_modules/micro-eth-signer/node_modules/@noble/curves/abstract/montgomery.d.ts:1,3.3,26 lines read
server/src/blockchain/node_modules/micro-eth-signer/node_modules/@noble/curves/abstract/poseidon.d.ts,CLEAN,server/src/blockchain/node_modules/micro-eth-signer/node_modules/@noble/curves/abstract/poseidon.d.ts:1,3.3,39 lines read
server/src/blockchain/node_modules/micro-eth-signer/node_modules/@noble/curves/abstract/tower.d.ts,CLEAN,server/src/blockchain/node_modules/micro-eth-signer/node_modules/@noble/curves/abstract/tower.d.ts:1,3.3,119 lines read
server/src/blockchain/node_modules/micro-eth-signer/node_modules/@noble/curves/abstract/utils.d.ts,CLEAN,server/src/blockchain/node_modules/micro-eth-signer/node_modules/@noble/curves/abstract/utils.d.ts:1,3.3,118 lines read
server/src/blockchain/node_modules/micro-eth-signer/node_modules/@noble/curves/abstract/weierstrass.d.ts,CLEAN,server/src/blockchain/node_modules/micro-eth-signer/node_modules/@noble/curves/abstract/weierstrass.d.ts:1,3.3,238 lines read
server/src/blockchain/node_modules/micro-eth-signer/node_modules/@noble/curves/bls12-381.d.ts,CLEAN,server/src/blockchain/node_modules/micro-eth-signer/node_modules/@noble/curves/bls12-381.d.ts:1,3.3,14 lines read
server/src/blockchain/node_modules/micro-eth-signer/node_modules/@noble/curves/bn254.d.ts,CLEAN,server/src/blockchain/node_modules/micro-eth-signer/node_modules/@noble/curves/bn254.d.ts:1,3.3,15 lines read
server/src/blockchain/node_modules/micro-eth-signer/node_modules/@noble/curves/ed25519.d.ts,CLEAN,server/src/blockchain/node_modules/micro-eth-signer/node_modules/@noble/curves/ed25519.d.ts:1,3.3,103 lines read
server/src/blockchain/node_modules/micro-eth-signer/node_modules/@noble/curves/ed448.d.ts,CLEAN,server/src/blockchain/node_modules/micro-eth-signer/node_modules/@noble/curves/ed448.d.ts:1,3.3,82 lines read
server/src/blockchain/node_modules/micro-eth-signer/node_modules/@noble/curves/esm/_shortw_utils.d.ts,CLEAN,server/src/blockchain/node_modules/micro-eth-signer/node_modules/@noble/curves/esm/_shortw_utils.d.ts:1,3.3,16 lines read
server/src/blockchain/node_modules/micro-eth-signer/node_modules/@noble/curves/esm/abstract/bls.d.ts,CLEAN,server/src/blockchain/node_modules/micro-eth-signer/node_modules/@noble/curves/esm/abstract/bls.d.ts:1,3.3,129 lines read
server/src/blockchain/node_modules/micro-eth-signer/node_modules/@noble/curves/esm/abstract/curve.d.ts,CLEAN,server/src/blockchain/node_modules/micro-eth-signer/node_modules/@noble/curves/esm/abstract/curve.d.ts:1,3.3,109 lines read
server/src/blockchain/node_modules/micro-eth-signer/node_modules/@noble/curves/esm/abstract/edwards.d.ts,CLEAN,server/src/blockchain/node_modules/micro-eth-signer/node_modules/@noble/curves/esm/abstract/edwards.d.ts:1,3.3,92 lines read
server/src/blockchain/node_modules/micro-eth-signer/node_modules/@noble/curves/esm/abstract/hash-to-curve.d.ts,CLEAN,server/src/blockchain/node_modules/micro-eth-signer/node_modules/@noble/curves/esm/abstract/hash-to-curve.d.ts:1,3.3,79 lines read
server/src/blockchain/node_modules/micro-eth-signer/node_modules/@noble/curves/esm/abstract/modular.d.ts,CLEAN,server/src/blockchain/node_modules/micro-eth-signer/node_modules/@noble/curves/esm/abstract/modular.d.ts:1,3.3,152 lines read
server/src/blockchain/node_modules/micro-eth-signer/node_modules/@noble/curves/esm/abstract/montgomery.d.ts,CLEAN,server/src/blockchain/node_modules/micro-eth-signer/node_modules/@noble/curves/esm/abstract/montgomery.d.ts:1,3.3,26 lines read
server/src/blockchain/node_modules/micro-eth-signer/node_modules/@noble/curves/esm/abstract/poseidon.d.ts,CLEAN,server/src/blockchain/node_modules/micro-eth-signer/node_modules/@noble/curves/esm/abstract/poseidon.d.ts:1,3.3,39 lines read
server/src/blockchain/node_modules/micro-eth-signer/node_modules/@noble/curves/esm/abstract/tower.d.ts,CLEAN,server/src/blockchain/node_modules/micro-eth-signer/node_modules/@noble/curves/esm/abstract/tower.d.ts:1,3.3,119 lines read
server/src/blockchain/node_modules/micro-eth-signer/node_modules/@noble/curves/esm/abstract/utils.d.ts,CLEAN,server/src/blockchain/node_modules/micro-eth-signer/node_modules/@noble/curves/esm/abstract/utils.d.ts:1,3.3,118 lines read
server/src/blockchain/node_modules/micro-eth-signer/node_modules/@noble/curves/esm/abstract/weierstrass.d.ts,CLEAN,server/src/blockchain/node_modules/micro-eth-signer/node_modules/@noble/curves/esm/abstract/weierstrass.d.ts:1,3.3,238 lines read
server/src/blockchain/node_modules/micro-eth-signer/node_modules/@noble/curves/esm/bls12-381.d.ts,CLEAN,server/src/blockchain/node_modules/micro-eth-signer/node_modules/@noble/curves/esm/bls12-381.d.ts:1,3.3,14 lines read
server/src/blockchain/node_modules/micro-eth-signer/node_modules/@noble/curves/esm/bn254.d.ts,CLEAN,server/src/blockchain/node_modules/micro-eth-signer/node_modules/@noble/curves/esm/bn254.d.ts:1,3.3,15 lines read
server/src/blockchain/node_modules/micro-eth-signer/node_modules/@noble/curves/esm/ed25519.d.ts,CLEAN,server/src/blockchain/node_modules/micro-eth-signer/node_modules/@noble/curves/esm/ed25519.d.ts:1,3.3,103 lines read
server/src/blockchain/node_modules/micro-eth-signer/node_modules/@noble/curves/esm/ed448.d.ts,CLEAN,server/src/blockchain/node_modules/micro-eth-signer/node_modules/@noble/curves/esm/ed448.d.ts:1,3.3,82 lines read
server/src/blockchain/node_modules/micro-eth-signer/node_modules/@noble/curves/esm/index.d.ts,CLEAN,server/src/blockchain/node_modules/micro-eth-signer/node_modules/@noble/curves/esm/index.d.ts:1,3.3,2 lines read
server/src/blockchain/node_modules/micro-eth-signer/node_modules/@noble/curves/esm/jubjub.d.ts,CLEAN,server/src/blockchain/node_modules/micro-eth-signer/node_modules/@noble/curves/esm/jubjub.d.ts:1,3.3,2 lines read
server/src/blockchain/node_modules/micro-eth-signer/node_modules/@noble/curves/esm/misc.d.ts,CLEAN,server/src/blockchain/node_modules/micro-eth-signer/node_modules/@noble/curves/esm/misc.d.ts:1,3.3,15 lines read
server/src/blockchain/node_modules/micro-eth-signer/node_modules/@noble/curves/esm/p256.d.ts,CLEAN,server/src/blockchain/node_modules/micro-eth-signer/node_modules/@noble/curves/esm/p256.d.ts:1,3.3,14 lines read
server/src/blockchain/node_modules/micro-eth-signer/node_modules/@noble/curves/esm/p384.d.ts,CLEAN,server/src/blockchain/node_modules/micro-eth-signer/node_modules/@noble/curves/esm/p384.d.ts:1,3.3,14 lines read
server/src/blockchain/node_modules/micro-eth-signer/node_modules/@noble/curves/esm/p521.d.ts,CLEAN,server/src/blockchain/node_modules/micro-eth-signer/node_modules/@noble/curves/esm/p521.d.ts:1,3.3,13 lines read
server/src/blockchain/node_modules/micro-eth-signer/node_modules/@noble/curves/esm/pasta.d.ts,CLEAN,server/src/blockchain/node_modules/micro-eth-signer/node_modules/@noble/curves/esm/pasta.d.ts:1,3.3,2 lines read
server/src/blockchain/node_modules/micro-eth-signer/node_modules/@noble/curves/esm/secp256k1.d.ts,CLEAN,server/src/blockchain/node_modules/micro-eth-signer/node_modules/@noble/curves/esm/secp256k1.d.ts:1,3.3,76 lines read
server/src/blockchain/node_modules/micro-eth-signer/node_modules/@noble/curves/index.d.ts,CLEAN,server/src/blockchain/node_modules/micro-eth-signer/node_modules/@noble/curves/index.d.ts:1,3.3,1 lines read
server/src/blockchain/node_modules/micro-eth-signer/node_modules/@noble/curves/jubjub.d.ts,CLEAN,server/src/blockchain/node_modules/micro-eth-signer/node_modules/@noble/curves/jubjub.d.ts:1,3.3,2 lines read
server/src/blockchain/node_modules/micro-eth-signer/node_modules/@noble/curves/misc.d.ts,CLEAN,server/src/blockchain/node_modules/micro-eth-signer/node_modules/@noble/curves/misc.d.ts:1,3.3,15 lines read
server/src/blockchain/node_modules/micro-eth-signer/node_modules/@noble/curves/p256.d.ts,CLEAN,server/src/blockchain/node_modules/micro-eth-signer/node_modules/@noble/curves/p256.d.ts:1,3.3,14 lines read
server/src/blockchain/node_modules/micro-eth-signer/node_modules/@noble/curves/p384.d.ts,CLEAN,server/src/blockchain/node_modules/micro-eth-signer/node_modules/@noble/curves/p384.d.ts:1,3.3,14 lines read
server/src/blockchain/node_modules/micro-eth-signer/node_modules/@noble/curves/p521.d.ts,CLEAN,server/src/blockchain/node_modules/micro-eth-signer/node_modules/@noble/curves/p521.d.ts:1,3.3,13 lines read
server/src/blockchain/node_modules/micro-eth-signer/node_modules/@noble/curves/pasta.d.ts,CLEAN,server/src/blockchain/node_modules/micro-eth-signer/node_modules/@noble/curves/pasta.d.ts:1,3.3,2 lines read
server/src/blockchain/node_modules/micro-eth-signer/node_modules/@noble/curves/secp256k1.d.ts,CLEAN,server/src/blockchain/node_modules/micro-eth-signer/node_modules/@noble/curves/secp256k1.d.ts:1,3.3,76 lines read
server/src/blockchain/node_modules/micro-eth-signer/node_modules/@noble/curves/src/_shortw_utils.ts,CLEAN,server/src/blockchain/node_modules/micro-eth-signer/node_modules/@noble/curves/src/_shortw_utils.ts:1,3.3,30 lines read
server/src/blockchain/node_modules/micro-eth-signer/node_modules/@noble/curves/src/abstract/bls.ts,GAP_FOUND,server/src/blockchain/node_modules/micro-eth-signer/node_modules/@noble/curves/src/abstract/bls.ts:1,3.3,throw new Error@228; throw new Error@323; throw new Error@448; throw new Error@506
server/src/blockchain/node_modules/micro-eth-signer/node_modules/@noble/curves/src/abstract/curve.ts,GAP_FOUND,server/src/blockchain/node_modules/micro-eth-signer/node_modules/@noble/curves/src/abstract/curve.ts:1,3.3,throw new Error@40; throw new Error@88; throw new Error@90; throw new Error@94; throw new Error@96
server/src/blockchain/node_modules/micro-eth-signer/node_modules/@noble/curves/src/abstract/edwards.ts,GAP_FOUND,server/src/blockchain/node_modules/micro-eth-signer/node_modules/@noble/curves/src/abstract/edwards.ts:1,3.3,throw new Error@163; throw new Error@174; throw new Error@186; throw new Error@191; throw new Error@202
server/src/blockchain/node_modules/micro-eth-signer/node_modules/@noble/curves/src/abstract/hash-to-curve.ts,GAP_FOUND,server/src/blockchain/node_modules/micro-eth-signer/node_modules/@noble/curves/src/abstract/hash-to-curve.ts:1,3.3,throw new Error@39; throw new Error@57; throw new Error@77; throw new Error@116; throw new Error@160
server/src/blockchain/node_modules/micro-eth-signer/node_modules/@noble/curves/src/abstract/modular.ts,GAP_FOUND,server/src/blockchain/node_modules/micro-eth-signer/node_modules/@noble/curves/src/abstract/modular.ts:1,3.3,throw new Error@38; throw new Error@39; throw new Error@65; throw new Error@66; throw new Error@82
server/src/blockchain/node_modules/micro-eth-signer/node_modules/@noble/curves/src/abstract/montgomery.ts,GAP_FOUND,server/src/blockchain/node_modules/micro-eth-signer/node_modules/@noble/curves/src/abstract/montgomery.ts:1,3.3,throw new Error@169; throw new Error@179
server/src/blockchain/node_modules/micro-eth-signer/node_modules/@noble/curves/src/abstract/poseidon.ts,GAP_FOUND,server/src/blockchain/node_modules/micro-eth-signer/node_modules/@noble/curves/src/abstract/poseidon.ts:1,3.3,throw new Error@41; throw new Error@45; throw new Error@48; throw new Error@50; throw new Error@56
server/src/blockchain/node_modules/micro-eth-signer/node_modules/@noble/curves/src/abstract/tower.ts,GAP_FOUND,server/src/blockchain/node_modules/micro-eth-signer/node_modules/@noble/curves/src/abstract/tower.ts:1,3.3,throw new Error@105; throw new Error@209; throw new Error@278; throw new Error@297; throw new Error@426
server/src/blockchain/node_modules/micro-eth-signer/node_modules/@noble/curves/src/abstract/utils.ts,GAP_FOUND,server/src/blockchain/node_modules/micro-eth-signer/node_modules/@noble/curves/src/abstract/utils.ts:1,3.3,throw new Error@28; throw new Error@32; throw new Error@41; throw new Error@85; throw new Error@90
server/src/blockchain/node_modules/micro-eth-signer/node_modules/@noble/curves/src/abstract/weierstrass.ts,GAP_FOUND,server/src/blockchain/node_modules/micro-eth-signer/node_modules/@noble/curves/src/abstract/weierstrass.ts:1,3.3,throw new Error@151; throw new Error@158; throw new Error@310; throw new Error@331; throw new Error@345
server/src/blockchain/node_modules/micro-eth-signer/node_modules/@noble/curves/src/bls12-381.ts,GAP_FOUND,server/src/blockchain/node_modules/micro-eth-signer/node_modules/@noble/curves/src/bls12-381.ts:1,3.3,throw new Error@399; throw new Error@521; throw new Error@526; throw new Error@534; throw new Error@539
server/src/blockchain/node_modules/micro-eth-signer/node_modules/@noble/curves/src/bn254.ts,CLEAN,server/src/blockchain/node_modules/micro-eth-signer/node_modules/@noble/curves/src/bn254.ts:1,3.3,252 lines read
server/src/blockchain/node_modules/micro-eth-signer/node_modules/@noble/curves/src/ed25519.ts,GAP_FOUND,server/src/blockchain/node_modules/micro-eth-signer/node_modules/@noble/curves/src/ed25519.ts:1,3.3,throw new Error@146; throw new Error@315; throw new Error@422; throw new Error@436
server/src/blockchain/node_modules/micro-eth-signer/node_modules/@noble/curves/src/ed448.ts,GAP_FOUND,server/src/blockchain/node_modules/micro-eth-signer/node_modules/@noble/curves/src/ed448.ts:1,3.3,throw new Error@127; throw new Error@288; throw new Error@397; throw new Error@413
server/src/blockchain/node_modules/micro-eth-signer/node_modules/@noble/curves/src/index.ts,GAP_FOUND,server/src/blockchain/node_modules/micro-eth-signer/node_modules/@noble/curves/src/index.ts:1,3.3,throw new Error@17
server/src/blockchain/node_modules/micro-eth-signer/node_modules/@noble/curves/src/jubjub.ts,CLEAN,server/src/blockchain/node_modules/micro-eth-signer/node_modules/@noble/curves/src/jubjub.ts:1,3.3,5 lines read
server/src/blockchain/node_modules/micro-eth-signer/node_modules/@noble/curves/src/misc.ts,GAP_FOUND,server/src/blockchain/node_modules/micro-eth-signer/node_modules/@noble/curves/src/misc.ts:1,3.3,throw new Error@67; empty catch@81; throw new Error@83
server/src/blockchain/node_modules/micro-eth-signer/node_modules/@noble/curves/src/p256.ts,CLEAN,server/src/blockchain/node_modules/micro-eth-signer/node_modules/@noble/curves/src/p256.ts:1,3.3,55 lines read
server/src/blockchain/node_modules/micro-eth-signer/node_modules/@noble/curves/src/p384.ts,CLEAN,server/src/blockchain/node_modules/micro-eth-signer/node_modules/@noble/curves/src/p384.ts:1,3.3,61 lines read
server/src/blockchain/node_modules/micro-eth-signer/node_modules/@noble/curves/src/p521.ts,CLEAN,server/src/blockchain/node_modules/micro-eth-signer/node_modules/@noble/curves/src/p521.ts:1,3.3,70 lines read
server/src/blockchain/node_modules/micro-eth-signer/node_modules/@noble/curves/src/pasta.ts,CLEAN,server/src/blockchain/node_modules/micro-eth-signer/node_modules/@noble/curves/src/pasta.ts:1,3.3,1 lines read
server/src/blockchain/node_modules/micro-eth-signer/node_modules/@noble/curves/src/secp256k1.ts,GAP_FOUND,server/src/blockchain/node_modules/micro-eth-signer/node_modules/@noble/curves/src/secp256k1.ts:1,3.3,throw new Error@60; throw new Error@111; throw new Error@195; throw new Error@202
server/src/blockchain/node_modules/micro-eth-signer/node_modules/@noble/hashes/_assert.d.ts,CLEAN,server/src/blockchain/node_modules/micro-eth-signer/node_modules/@noble/hashes/_assert.d.ts:1,3.3,23 lines read
server/src/blockchain/node_modules/micro-eth-signer/node_modules/@noble/hashes/_blake.d.ts,CLEAN,server/src/blockchain/node_modules/micro-eth-signer/node_modules/@noble/hashes/_blake.d.ts:1,3.3,34 lines read
server/src/blockchain/node_modules/micro-eth-signer/node_modules/@noble/hashes/_md.d.ts,CLEAN,server/src/blockchain/node_modules/micro-eth-signer/node_modules/@noble/hashes/_md.d.ts:1,3.3,34 lines read
server/src/blockchain/node_modules/micro-eth-signer/node_modules/@noble/hashes/_u64.d.ts,CLEAN,server/src/blockchain/node_modules/micro-eth-signer/node_modules/@noble/hashes/_u64.d.ts:1,3.3,55 lines read
server/src/blockchain/node_modules/micro-eth-signer/node_modules/@noble/hashes/argon2.d.ts,CLEAN,server/src/blockchain/node_modules/micro-eth-signer/node_modules/@noble/hashes/argon2.d.ts:1,3.3,32 lines read
server/src/blockchain/node_modules/micro-eth-signer/node_modules/@noble/hashes/blake1.d.ts,CLEAN,server/src/blockchain/node_modules/micro-eth-signer/node_modules/@noble/hashes/blake1.d.ts:1,3.3,125 lines read
server/src/blockchain/node_modules/micro-eth-signer/node_modules/@noble/hashes/blake2b.d.ts,CLEAN,server/src/blockchain/node_modules/micro-eth-signer/node_modules/@noble/hashes/blake2b.d.ts:1,3.3,53 lines read
server/src/blockchain/node_modules/micro-eth-signer/node_modules/@noble/hashes/blake2s.d.ts,CLEAN,server/src/blockchain/node_modules/micro-eth-signer/node_modules/@noble/hashes/blake2s.d.ts:1,3.3,61 lines read
server/src/blockchain/node_modules/micro-eth-signer/node_modules/@noble/hashes/blake3.d.ts,CLEAN,server/src/blockchain/node_modules/micro-eth-signer/node_modules/@noble/hashes/blake3.d.ts:1,3.3,54 lines read
server/src/blockchain/node_modules/micro-eth-signer/node_modules/@noble/hashes/crypto.d.ts,CLEAN,server/src/blockchain/node_modules/micro-eth-signer/node_modules/@noble/hashes/crypto.d.ts:1,3.3,2 lines read
server/src/blockchain/node_modules/micro-eth-signer/node_modules/@noble/hashes/cryptoNode.d.ts,CLEAN,server/src/blockchain/node_modules/micro-eth-signer/node_modules/@noble/hashes/cryptoNode.d.ts:1,3.3,2 lines read
server/src/blockchain/node_modules/micro-eth-signer/node_modules/@noble/hashes/eskdf.d.ts,GAP_FOUND,server/src/blockchain/node_modules/micro-eth-signer/node_modules/@noble/hashes/eskdf.d.ts:1,3.3,console@42
server/src/blockchain/node_modules/micro-eth-signer/node_modules/@noble/hashes/esm/_assert.d.ts,CLEAN,server/src/blockchain/node_modules/micro-eth-signer/node_modules/@noble/hashes/esm/_assert.d.ts:1,3.3,23 lines read
server/src/blockchain/node_modules/micro-eth-signer/node_modules/@noble/hashes/esm/_blake.d.ts,CLEAN,server/src/blockchain/node_modules/micro-eth-signer/node_modules/@noble/hashes/esm/_blake.d.ts:1,3.3,34 lines read
server/src/blockchain/node_modules/micro-eth-signer/node_modules/@noble/hashes/esm/_md.d.ts,CLEAN,server/src/blockchain/node_modules/micro-eth-signer/node_modules/@noble/hashes/esm/_md.d.ts:1,3.3,34 lines read
server/src/blockchain/node_modules/micro-eth-signer/node_modules/@noble/hashes/esm/_u64.d.ts,CLEAN,server/src/blockchain/node_modules/micro-eth-signer/node_modules/@noble/hashes/esm/_u64.d.ts:1,3.3,55 lines read
server/src/blockchain/node_modules/micro-eth-signer/node_modules/@noble/hashes/esm/argon2.d.ts,CLEAN,server/src/blockchain/node_modules/micro-eth-signer/node_modules/@noble/hashes/esm/argon2.d.ts:1,3.3,32 lines read
server/src/blockchain/node_modules/micro-eth-signer/node_modules/@noble/hashes/esm/blake1.d.ts,CLEAN,server/src/blockchain/node_modules/micro-eth-signer/node_modules/@noble/hashes/esm/blake1.d.ts:1,3.3,125 lines read
server/src/blockchain/node_modules/micro-eth-signer/node_modules/@noble/hashes/esm/blake2b.d.ts,CLEAN,server/src/blockchain/node_modules/micro-eth-signer/node_modules/@noble/hashes/esm/blake2b.d.ts:1,3.3,53 lines read
server/src/blockchain/node_modules/micro-eth-signer/node_modules/@noble/hashes/esm/blake2s.d.ts,CLEAN,server/src/blockchain/node_modules/micro-eth-signer/node_modules/@noble/hashes/esm/blake2s.d.ts:1,3.3,61 lines read
server/src/blockchain/node_modules/micro-eth-signer/node_modules/@noble/hashes/esm/blake3.d.ts,CLEAN,server/src/blockchain/node_modules/micro-eth-signer/node_modules/@noble/hashes/esm/blake3.d.ts:1,3.3,54 lines read
server/src/blockchain/node_modules/micro-eth-signer/node_modules/@noble/hashes/esm/crypto.d.ts,CLEAN,server/src/blockchain/node_modules/micro-eth-signer/node_modules/@noble/hashes/esm/crypto.d.ts:1,3.3,2 lines read
server/src/blockchain/node_modules/micro-eth-signer/node_modules/@noble/hashes/esm/cryptoNode.d.ts,CLEAN,server/src/blockchain/node_modules/micro-eth-signer/node_modules/@noble/hashes/esm/cryptoNode.d.ts:1,3.3,2 lines read
server/src/blockchain/node_modules/micro-eth-signer/node_modules/@noble/hashes/esm/eskdf.d.ts,GAP_FOUND,server/src/blockchain/node_modules/micro-eth-signer/node_modules/@noble/hashes/esm/eskdf.d.ts:1,3.3,console@42
server/src/blockchain/node_modules/micro-eth-signer/node_modules/@noble/hashes/esm/hkdf.d.ts,CLEAN,server/src/blockchain/node_modules/micro-eth-signer/node_modules/@noble/hashes/esm/hkdf.d.ts:1,3.3,36 lines read
server/src/blockchain/node_modules/micro-eth-signer/node_modules/@noble/hashes/esm/hmac.d.ts,CLEAN,server/src/blockchain/node_modules/micro-eth-signer/node_modules/@noble/hashes/esm/hmac.d.ts:1,3.3,30 lines read
server/src/blockchain/node_modules/micro-eth-signer/node_modules/@noble/hashes/esm/index.d.ts,CLEAN,server/src/blockchain/node_modules/micro-eth-signer/node_modules/@noble/hashes/esm/index.d.ts:1,3.3,2 lines read
server/src/blockchain/node_modules/micro-eth-signer/node_modules/@noble/hashes/esm/legacy.d.ts,CLEAN,server/src/blockchain/node_modules/micro-eth-signer/node_modules/@noble/hashes/esm/legacy.d.ts:1,3.3,51 lines read
server/src/blockchain/node_modules/micro-eth-signer/node_modules/@noble/hashes/esm/pbkdf2.d.ts,CLEAN,server/src/blockchain/node_modules/micro-eth-signer/node_modules/@noble/hashes/esm/pbkdf2.d.ts:1,3.3,23 lines read
server/src/blockchain/node_modules/micro-eth-signer/node_modules/@noble/hashes/esm/ripemd160.d.ts,CLEAN,server/src/blockchain/node_modules/micro-eth-signer/node_modules/@noble/hashes/esm/ripemd160.d.ts:1,3.3,24 lines read
server/src/blockchain/node_modules/micro-eth-signer/node_modules/@noble/hashes/esm/scrypt.d.ts,CLEAN,server/src/blockchain/node_modules/micro-eth-signer/node_modules/@noble/hashes/esm/scrypt.d.ts:1,3.3,34 lines read
server/src/blockchain/node_modules/micro-eth-signer/node_modules/@noble/hashes/esm/sha1.d.ts,CLEAN,server/src/blockchain/node_modules/micro-eth-signer/node_modules/@noble/hashes/esm/sha1.d.ts:1,3.3,7 lines read
server/src/blockchain/node_modules/micro-eth-signer/node_modules/@noble/hashes/esm/sha2.d.ts,CLEAN,server/src/blockchain/node_modules/micro-eth-signer/node_modules/@noble/hashes/esm/sha2.d.ts:1,3.3,7 lines read
server/src/blockchain/node_modules/micro-eth-signer/node_modules/@noble/hashes/esm/sha256.d.ts,CLEAN,server/src/blockchain/node_modules/micro-eth-signer/node_modules/@noble/hashes/esm/sha256.d.ts:1,3.3,32 lines read
server/src/blockchain/node_modules/micro-eth-signer/node_modules/@noble/hashes/esm/sha3-addons.d.ts,CLEAN,server/src/blockchain/node_modules/micro-eth-signer/node_modules/@noble/hashes/esm/sha3-addons.d.ts:1,3.3,130 lines read
server/src/blockchain/node_modules/micro-eth-signer/node_modules/@noble/hashes/esm/sha3.d.ts,CLEAN,server/src/blockchain/node_modules/micro-eth-signer/node_modules/@noble/hashes/esm/sha3.d.ts:1,3.3,52 lines read
server/src/blockchain/node_modules/micro-eth-signer/node_modules/@noble/hashes/esm/sha512.d.ts,CLEAN,server/src/blockchain/node_modules/micro-eth-signer/node_modules/@noble/hashes/esm/sha512.d.ts:1,3.3,116 lines read
server/src/blockchain/node_modules/micro-eth-signer/node_modules/@noble/hashes/esm/utils.d.ts,CLEAN,server/src/blockchain/node_modules/micro-eth-signer/node_modules/@noble/hashes/esm/utils.d.ts:1,3.3,120 lines read
server/src/blockchain/node_modules/micro-eth-signer/node_modules/@noble/hashes/hkdf.d.ts,CLEAN,server/src/blockchain/node_modules/micro-eth-signer/node_modules/@noble/hashes/hkdf.d.ts:1,3.3,36 lines read
server/src/blockchain/node_modules/micro-eth-signer/node_modules/@noble/hashes/hmac.d.ts,CLEAN,server/src/blockchain/node_modules/micro-eth-signer/node_modules/@noble/hashes/hmac.d.ts:1,3.3,30 lines read
server/src/blockchain/node_modules/micro-eth-signer/node_modules/@noble/hashes/index.d.ts,CLEAN,server/src/blockchain/node_modules/micro-eth-signer/node_modules/@noble/hashes/index.d.ts:1,3.3,1 lines read
server/src/blockchain/node_modules/micro-eth-signer/node_modules/@noble/hashes/legacy.d.ts,CLEAN,server/src/blockchain/node_modules/micro-eth-signer/node_modules/@noble/hashes/legacy.d.ts:1,3.3,51 lines read
server/src/blockchain/node_modules/micro-eth-signer/node_modules/@noble/hashes/pbkdf2.d.ts,CLEAN,server/src/blockchain/node_modules/micro-eth-signer/node_modules/@noble/hashes/pbkdf2.d.ts:1,3.3,23 lines read
server/src/blockchain/node_modules/micro-eth-signer/node_modules/@noble/hashes/ripemd160.d.ts,CLEAN,server/src/blockchain/node_modules/micro-eth-signer/node_modules/@noble/hashes/ripemd160.d.ts:1,3.3,24 lines read
server/src/blockchain/node_modules/micro-eth-signer/node_modules/@noble/hashes/scrypt.d.ts,CLEAN,server/src/blockchain/node_modules/micro-eth-signer/node_modules/@noble/hashes/scrypt.d.ts:1,3.3,34 lines read
server/src/blockchain/node_modules/micro-eth-signer/node_modules/@noble/hashes/sha1.d.ts,CLEAN,server/src/blockchain/node_modules/micro-eth-signer/node_modules/@noble/hashes/sha1.d.ts:1,3.3,7 lines read
server/src/blockchain/node_modules/micro-eth-signer/node_modules/@noble/hashes/sha2.d.ts,CLEAN,server/src/blockchain/node_modules/micro-eth-signer/node_modules/@noble/hashes/sha2.d.ts:1,3.3,7 lines read
server/src/blockchain/node_modules/micro-eth-signer/node_modules/@noble/hashes/sha256.d.ts,CLEAN,server/src/blockchain/node_modules/micro-eth-signer/node_modules/@noble/hashes/sha256.d.ts:1,3.3,32 lines read
server/src/blockchain/node_modules/micro-eth-signer/node_modules/@noble/hashes/sha3-addons.d.ts,CLEAN,server/src/blockchain/node_modules/micro-eth-signer/node_modules/@noble/hashes/sha3-addons.d.ts:1,3.3,130 lines read
server/src/blockchain/node_modules/micro-eth-signer/node_modules/@noble/hashes/sha3.d.ts,CLEAN,server/src/blockchain/node_modules/micro-eth-signer/node_modules/@noble/hashes/sha3.d.ts:1,3.3,52 lines read
server/src/blockchain/node_modules/micro-eth-signer/node_modules/@noble/hashes/sha512.d.ts,CLEAN,server/src/blockchain/node_modules/micro-eth-signer/node_modules/@noble/hashes/sha512.d.ts:1,3.3,116 lines read
server/src/blockchain/node_modules/micro-eth-signer/node_modules/@noble/hashes/src/_assert.ts,GAP_FOUND,server/src/blockchain/node_modules/micro-eth-signer/node_modules/@noble/hashes/src/_assert.ts:1,3.3,throw new Error@8; throw new Error@18; throw new Error@20; throw new Error@34; throw new Error@41
server/src/blockchain/node_modules/micro-eth-signer/node_modules/@noble/hashes/src/_blake.ts,GAP_FOUND,server/src/blockchain/node_modules/micro-eth-signer/node_modules/@noble/hashes/src/_blake.ts:1,3.3,throw new Error@68; throw new Error@70; throw new Error@72; throw new Error@74
server/src/blockchain/node_modules/micro-eth-signer/node_modules/@noble/hashes/src/_md.ts,GAP_FOUND,server/src/blockchain/node_modules/micro-eth-signer/node_modules/@noble/hashes/src/_md.ts:1,3.3,throw new Error@122; throw new Error@125
server/src/blockchain/node_modules/micro-eth-signer/node_modules/@noble/hashes/src/_u64.ts,CLEAN,server/src/blockchain/node_modules/micro-eth-signer/node_modules/@noble/hashes/src/_u64.ts:1,3.3,95 lines read
server/src/blockchain/node_modules/micro-eth-signer/node_modules/@noble/hashes/src/argon2.ts,GAP_FOUND,server/src/blockchain/node_modules/micro-eth-signer/node_modules/@noble/hashes/src/argon2.ts:1,3.3,throw new Error@206; throw new Error@208; throw new Error@209; throw new Error@211; throw new Error@213
server/src/blockchain/node_modules/micro-eth-signer/node_modules/@noble/hashes/src/blake1.ts,GAP_FOUND,server/src/blockchain/node_modules/micro-eth-signer/node_modules/@noble/hashes/src/blake1.ts:1,3.3,throw new Error@77
server/src/blockchain/node_modules/micro-eth-signer/node_modules/@noble/hashes/src/blake2b.ts,CLEAN,server/src/blockchain/node_modules/micro-eth-signer/node_modules/@noble/hashes/src/blake2b.ts:1,3.3,209 lines read
server/src/blockchain/node_modules/micro-eth-signer/node_modules/@noble/hashes/src/blake2s.ts,CLEAN,server/src/blockchain/node_modules/micro-eth-signer/node_modules/@noble/hashes/src/blake2s.ts:1,3.3,154 lines read
server/src/blockchain/node_modules/micro-eth-signer/node_modules/@noble/hashes/src/blake3.ts,GAP_FOUND,server/src/blockchain/node_modules/micro-eth-signer/node_modules/@noble/hashes/src/blake3.ts:1,3.3,throw new Error@79; throw new Error@82; throw new Error@249; throw new Error@258
server/src/blockchain/node_modules/micro-eth-signer/node_modules/@noble/hashes/src/crypto.ts,CLEAN,server/src/blockchain/node_modules/micro-eth-signer/node_modules/@noble/hashes/src/crypto.ts:1,3.3,9 lines read
server/src/blockchain/node_modules/micro-eth-signer/node_modules/@noble/hashes/src/cryptoNode.ts,CLEAN,server/src/blockchain/node_modules/micro-eth-signer/node_modules/@noble/hashes/src/cryptoNode.ts:1,3.3,15 lines read
server/src/blockchain/node_modules/micro-eth-signer/node_modules/@noble/hashes/src/eskdf.ts,GAP_FOUND,server/src/blockchain/node_modules/micro-eth-signer/node_modules/@noble/hashes/src/eskdf.ts:1,3.3,throw new Error@47; throw new Error@48; throw new Error@70; throw new Error@77; throw new Error@79
server/src/blockchain/node_modules/micro-eth-signer/node_modules/@noble/hashes/src/hkdf.ts,GAP_FOUND,server/src/blockchain/node_modules/micro-eth-signer/node_modules/@noble/hashes/src/hkdf.ts:1,3.3,throw new Error@39
server/src/blockchain/node_modules/micro-eth-signer/node_modules/@noble/hashes/src/hmac.ts,GAP_FOUND,server/src/blockchain/node_modules/micro-eth-signer/node_modules/@noble/hashes/src/hmac.ts:1,3.3,throw new Error@22
server/src/blockchain/node_modules/micro-eth-signer/node_modules/@noble/hashes/src/index.ts,GAP_FOUND,server/src/blockchain/node_modules/micro-eth-signer/node_modules/@noble/hashes/src/index.ts:1,3.3,throw new Error@33
server/src/blockchain/node_modules/micro-eth-signer/node_modules/@noble/hashes/src/legacy.ts,CLEAN,server/src/blockchain/node_modules/micro-eth-signer/node_modules/@noble/hashes/src/legacy.ts:1,3.3,176 lines read
server/src/blockchain/node_modules/micro-eth-signer/node_modules/@noble/hashes/src/pbkdf2.ts,GAP_FOUND,server/src/blockchain/node_modules/micro-eth-signer/node_modules/@noble/hashes/src/pbkdf2.ts:1,3.3,throw new Error@30
server/src/blockchain/node_modules/micro-eth-signer/node_modules/@noble/hashes/src/ripemd160.ts,CLEAN,server/src/blockchain/node_modules/micro-eth-signer/node_modules/@noble/hashes/src/ripemd160.ts:1,3.3,109 lines read
server/src/blockchain/node_modules/micro-eth-signer/node_modules/@noble/hashes/src/scrypt.ts,GAP_FOUND,server/src/blockchain/node_modules/micro-eth-signer/node_modules/@noble/hashes/src/scrypt.ts:1,3.3,throw new Error@108; throw new Error@117; throw new Error@120; throw new Error@125; throw new Error@131
server/src/blockchain/node_modules/micro-eth-signer/node_modules/@noble/hashes/src/sha1.ts,CLEAN,server/src/blockchain/node_modules/micro-eth-signer/node_modules/@noble/hashes/src/sha1.ts:1,3.3,7 lines read
server/src/blockchain/node_modules/micro-eth-signer/node_modules/@noble/hashes/src/sha2.ts,CLEAN,server/src/blockchain/node_modules/micro-eth-signer/node_modules/@noble/hashes/src/sha2.ts:1,3.3,7 lines read
server/src/blockchain/node_modules/micro-eth-signer/node_modules/@noble/hashes/src/sha256.ts,CLEAN,server/src/blockchain/node_modules/micro-eth-signer/node_modules/@noble/hashes/src/sha256.ts:1,3.3,135 lines read
server/src/blockchain/node_modules/micro-eth-signer/node_modules/@noble/hashes/src/sha3-addons.ts,GAP_FOUND,server/src/blockchain/node_modules/micro-eth-signer/node_modules/@noble/hashes/src/sha3-addons.ts:1,3.3,throw new Error@324; throw new Error@441; throw new Error@465; throw new Error@472
server/src/blockchain/node_modules/micro-eth-signer/node_modules/@noble/hashes/src/sha3.ts,GAP_FOUND,server/src/blockchain/node_modules/micro-eth-signer/node_modules/@noble/hashes/src/sha3.ts:1,3.3,throw new Error@136; throw new Error@186; throw new Error@195
server/src/blockchain/node_modules/micro-eth-signer/node_modules/@noble/hashes/src/sha512.ts,CLEAN,server/src/blockchain/node_modules/micro-eth-signer/node_modules/@noble/hashes/src/sha512.ts:1,3.3,254 lines read
server/src/blockchain/node_modules/micro-eth-signer/node_modules/@noble/hashes/src/utils.ts,GAP_FOUND,server/src/blockchain/node_modules/micro-eth-signer/node_modules/@noble/hashes/src/utils.ts:1,3.3,throw new Error@111; throw new Error@116; throw new Error@123; throw new Error@163; throw new Error@244
server/src/blockchain/node_modules/micro-eth-signer/node_modules/@noble/hashes/utils.d.ts,CLEAN,server/src/blockchain/node_modules/micro-eth-signer/node_modules/@noble/hashes/utils.d.ts:1,3.3,120 lines read
server/src/blockchain/node_modules/micro-eth-signer/rlp.d.ts,CLEAN,server/src/blockchain/node_modules/micro-eth-signer/rlp.d.ts:1,3.3,22 lines read
server/src/blockchain/node_modules/micro-eth-signer/src/_type_test.ts,CLEAN,server/src/blockchain/node_modules/micro-eth-signer/src/_type_test.ts:1,3.3,381 lines read
server/src/blockchain/node_modules/micro-eth-signer/src/abi/common.ts,CLEAN,server/src/blockchain/node_modules/micro-eth-signer/src/abi/common.ts:1,3.3,29 lines read
server/src/blockchain/node_modules/micro-eth-signer/src/abi/decoder.ts,GAP_FOUND,server/src/blockchain/node_modules/micro-eth-signer/src/abi/decoder.ts:1,3.3,throw new Error@44; throw new Error@152; throw new Error@156; throw new Error@179; throw new Error@198
server/src/blockchain/node_modules/micro-eth-signer/src/abi/erc1155.ts,CLEAN,server/src/blockchain/node_modules/micro-eth-signer/src/abi/erc1155.ts:1,3.3,7 lines read
server/src/blockchain/node_modules/micro-eth-signer/src/abi/erc20.ts,GAP_FOUND,server/src/blockchain/node_modules/micro-eth-signer/src/abi/erc20.ts:1,3.3,throw new Error@14; throw new Error@22; throw new Error@30; throw new Error@37; throw new Error@44
server/src/blockchain/node_modules/micro-eth-signer/src/abi/erc721.ts,CLEAN,server/src/blockchain/node_modules/micro-eth-signer/src/abi/erc721.ts:1,3.3,7 lines read
server/src/blockchain/node_modules/micro-eth-signer/src/abi/index.ts,GAP_FOUND,server/src/blockchain/node_modules/micro-eth-signer/src/abi/index.ts:1,3.3,throw new Error@77; throw new Error@84; throw new Error@107; throw new Error@110; throw new Error@112
server/src/blockchain/node_modules/micro-eth-signer/src/abi/kyber.ts,CLEAN,server/src/blockchain/node_modules/micro-eth-signer/src/abi/kyber.ts:1,3.3,41 lines read
server/src/blockchain/node_modules/micro-eth-signer/src/abi/uniswap-v2.ts,GAP_FOUND,server/src/blockchain/node_modules/micro-eth-signer/src/abi/uniswap-v2.ts:1,3.3,throw new Error@27; throw new Error@33; throw new Error@39; throw new Error@45; throw new Error@53
server/src/blockchain/node_modules/micro-eth-signer/src/abi/uniswap-v3.ts,GAP_FOUND,server/src/blockchain/node_modules/micro-eth-signer/src/abi/uniswap-v3.ts:1,3.3,throw new Error@44; throw new Error@52; throw new Error@61; throw new Error@70
server/src/blockchain/node_modules/micro-eth-signer/src/abi/weth.ts,CLEAN,server/src/blockchain/node_modules/micro-eth-signer/src/abi/weth.ts:1,3.3,11 lines read
server/src/blockchain/node_modules/micro-eth-signer/src/address.ts,GAP_FOUND,server/src/blockchain/node_modules/micro-eth-signer/src/address.ts:1,3.3,throw new Error@26; throw new Error@54
server/src/blockchain/node_modules/micro-eth-signer/src/index.ts,GAP_FOUND,server/src/blockchain/node_modules/micro-eth-signer/src/index.ts:1,3.3,throw new Error@128; throw new Error@166; throw new Error@169; throw new Error@191; throw new Error@275
server/src/blockchain/node_modules/micro-eth-signer/src/kzg.ts,GAP_FOUND,server/src/blockchain/node_modules/micro-eth-signer/src/kzg.ts:1,3.3,throw new Error@45; throw new Error@48; throw new Error@69; throw new Error@77; throw new Error@87
server/src/blockchain/node_modules/micro-eth-signer/src/net/archive.ts,GAP_FOUND,server/src/blockchain/node_modules/micro-eth-signer/src/net/archive.ts:1,3.3,throw new Error@342; throw new Error@349; throw new Error@359; throw new Error@365; throw new Error@374
server/src/blockchain/node_modules/micro-eth-signer/src/net/chainlink.ts,GAP_FOUND,server/src/blockchain/node_modules/micro-eth-signer/src/net/chainlink.ts:1,3.3,throw new Error@292; throw new Error@307; throw new Error@313
server/src/blockchain/node_modules/micro-eth-signer/src/net/ens.ts,CLEAN,server/src/blockchain/node_modules/micro-eth-signer/src/net/ens.ts:1,3.3,76 lines read
server/src/blockchain/node_modules/micro-eth-signer/src/net/index.ts,CLEAN,server/src/blockchain/node_modules/micro-eth-signer/src/net/index.ts:1,3.3,8 lines read
server/src/blockchain/node_modules/micro-eth-signer/src/net/uniswap-common.ts,GAP_FOUND,server/src/blockchain/node_modules/micro-eth-signer/src/net/uniswap-common.ts:1,3.3,throw new Error@96; throw new Error@106; console@210
server/src/blockchain/node_modules/micro-eth-signer/src/net/uniswap-v2.ts,GAP_FOUND,server/src/blockchain/node_modules/micro-eth-signer/src/net/uniswap-v2.ts:1,3.3,throw new Error@52; throw new Error@54; throw new Error@59; throw new Error@65; throw new Error@78
server/src/blockchain/node_modules/micro-eth-signer/src/net/uniswap-v3.ts,GAP_FOUND,server/src/blockchain/node_modules/micro-eth-signer/src/net/uniswap-v3.ts:1,3.3,throw new Error@91; throw new Error@106; throw new Error@141; throw new Error@142; throw new Error@143
server/src/blockchain/node_modules/micro-eth-signer/src/rlp.ts,GAP_FOUND,server/src/blockchain/node_modules/micro-eth-signer/src/rlp.ts:1,3.3,throw new Error@24; throw new Error@27; throw new Error@66; throw new Error@70; throw new Error@74
server/src/blockchain/node_modules/micro-eth-signer/src/ssz.ts,GAP_FOUND,server/src/blockchain/node_modules/micro-eth-signer/src/ssz.ts:1,3.3,throw new Error@80; throw new Error@108; console@155; throw new Error@191; throw new Error@197
server/src/blockchain/node_modules/micro-eth-signer/src/tx.ts,GAP_FOUND,server/src/blockchain/node_modules/micro-eth-signer/src/tx.ts:1,3.3,throw new Error@32; throw new Error@39; throw new Error@41; throw new Error@43; throw new Error@65
server/src/blockchain/node_modules/micro-eth-signer/src/typed-data.ts,GAP_FOUND,server/src/blockchain/node_modules/micro-eth-signer/src/typed-data.ts:1,3.3,throw new Error@23; throw new Error@41; throw new Error@44; throw new Error@47; throw new Error@117
server/src/blockchain/node_modules/micro-eth-signer/src/utils.ts,GAP_FOUND,server/src/blockchain/node_modules/micro-eth-signer/src/utils.ts:1,3.3,throw new Error@77; throw new Error@116; throw new Error@127; throw new Error@136
server/src/blockchain/node_modules/micro-eth-signer/src/verkle.ts,GAP_FOUND,server/src/blockchain/node_modules/micro-eth-signer/src/verkle.ts:1,3.3,throw new Error@50; throw new Error@55; throw new Error@81; empty catch@114; throw new Error@281
server/src/blockchain/node_modules/micro-eth-signer/ssz.d.ts,CLEAN,server/src/blockchain/node_modules/micro-eth-signer/ssz.d.ts:1,3.3,3589 lines read
server/src/blockchain/node_modules/micro-eth-signer/tx.d.ts,CLEAN,server/src/blockchain/node_modules/micro-eth-signer/tx.d.ts:1,3.3,293 lines read
server/src/blockchain/node_modules/micro-eth-signer/typed-data.d.ts,CLEAN,server/src/blockchain/node_modules/micro-eth-signer/typed-data.d.ts:1,3.3,78 lines read
server/src/blockchain/node_modules/micro-eth-signer/utils.d.ts,CLEAN,server/src/blockchain/node_modules/micro-eth-signer/utils.d.ts:1,3.3,64 lines read
server/src/blockchain/node_modules/micro-eth-signer/verkle.d.ts,CLEAN,server/src/blockchain/node_modules/micro-eth-signer/verkle.d.ts:1,3.3,27 lines read
server/src/blockchain/node_modules/micro-packed/lib/debugger.d.ts,CLEAN,server/src/blockchain/node_modules/micro-packed/lib/debugger.d.ts:1,3.3,13 lines read
server/src/blockchain/node_modules/micro-packed/lib/esm/debugger.d.ts,CLEAN,server/src/blockchain/node_modules/micro-packed/lib/esm/debugger.d.ts:1,3.3,13 lines read
server/src/blockchain/node_modules/micro-packed/lib/esm/index.d.ts,GAP_FOUND,server/src/blockchain/node_modules/micro-packed/lib/esm/index.d.ts:1,3.3,throw new Error@306; throw new Error@326
server/src/blockchain/node_modules/micro-packed/lib/index.d.ts,GAP_FOUND,server/src/blockchain/node_modules/micro-packed/lib/index.d.ts:1,3.3,throw new Error@306; throw new Error@326
server/src/blockchain/node_modules/micro-packed/node_modules/@scure/base/index.ts,GAP_FOUND,server/src/blockchain/node_modules/micro-packed/node_modules/@scure/base/index.ts:1,3.3,throw new Error@18; throw new Error@20; throw new Error@36; throw new Error@41; throw new Error@46
server/src/blockchain/node_modules/micro-packed/node_modules/@scure/base/lib/esm/index.d.ts,CLEAN,server/src/blockchain/node_modules/micro-packed/node_modules/@scure/base/lib/esm/index.d.ts:1,3.3,294 lines read
server/src/blockchain/node_modules/micro-packed/node_modules/@scure/base/lib/index.d.ts,CLEAN,server/src/blockchain/node_modules/micro-packed/node_modules/@scure/base/lib/index.d.ts:1,3.3,294 lines read
server/src/blockchain/node_modules/micro-packed/src/debugger.ts,GAP_FOUND,server/src/blockchain/node_modules/micro-packed/src/debugger.ts:1,3.3,throw new Error@79; empty catch@82; empty catch@85; throw new Error@86; throw new Error@94
server/src/blockchain/node_modules/micro-packed/src/index.ts,GAP_FOUND,server/src/blockchain/node_modules/micro-packed/src/index.ts:1,3.3,throw new Error@66; throw new Error@176; throw new Error@255; throw new Error@258; throw new Error@259
server/src/blockchain/node_modules/p-map/index.d.ts,GAP_FOUND,server/src/blockchain/node_modules/p-map/index.d.ts:1,3.3,console@94; console@115; console@151
server/src/blockchain/node_modules/readdirp/esm/index.d.ts,GAP_FOUND,server/src/blockchain/node_modules/readdirp/esm/index.d.ts:1,3.3,console@11
server/src/blockchain/node_modules/readdirp/index.d.ts,GAP_FOUND,server/src/blockchain/node_modules/readdirp/index.d.ts:1,3.3,console@11
server/src/blockchain/node_modules/resolve.exports/index.d.ts,CLEAN,server/src/blockchain/node_modules/resolve.exports/index.d.ts:1,3.3,100 lines read
server/src/blockchain/node_modules/rfdc/index.d.ts,CLEAN,server/src/blockchain/node_modules/rfdc/index.d.ts:1,3.3,13 lines read
server/src/blockchain/node_modules/rfdc/index.test-d.ts,CLEAN,server/src/blockchain/node_modules/rfdc/index.test-d.ts:1,3.3,13 lines read
server/src/blockchain/node_modules/strip-ansi/index.d.ts,CLEAN,server/src/blockchain/node_modules/strip-ansi/index.d.ts:1,3.3,17 lines read
server/src/blockchain/node_modules/tsx/dist/types-Cxp8y2TL.d.ts,CLEAN,server/src/blockchain/node_modules/tsx/dist/types-Cxp8y2TL.d.ts:1,3.3,5 lines read
server/src/blockchain/node_modules/undici/index.d.ts,CLEAN,server/src/blockchain/node_modules/undici/index.d.ts:1,3.3,3 lines read
server/src/blockchain/node_modules/undici/types/agent.d.ts,CLEAN,server/src/blockchain/node_modules/undici/types/agent.d.ts:1,3.3,31 lines read
server/src/blockchain/node_modules/undici/types/api.d.ts,CLEAN,server/src/blockchain/node_modules/undici/types/api.d.ts:1,3.3,43 lines read
server/src/blockchain/node_modules/undici/types/balanced-pool.d.ts,CLEAN,server/src/blockchain/node_modules/undici/types/balanced-pool.d.ts:1,3.3,29 lines read
server/src/blockchain/node_modules/undici/types/cache.d.ts,CLEAN,server/src/blockchain/node_modules/undici/types/cache.d.ts:1,3.3,36 lines read
server/src/blockchain/node_modules/undici/types/client.d.ts,CLEAN,server/src/blockchain/node_modules/undici/types/client.d.ts:1,3.3,108 lines read
server/src/blockchain/node_modules/undici/types/connector.d.ts,CLEAN,server/src/blockchain/node_modules/undici/types/connector.d.ts:1,3.3,34 lines read
server/src/blockchain/node_modules/undici/types/content-type.d.ts,CLEAN,server/src/blockchain/node_modules/undici/types/content-type.d.ts:1,3.3,21 lines read
server/src/blockchain/node_modules/undici/types/cookies.d.ts,CLEAN,server/src/blockchain/node_modules/undici/types/cookies.d.ts:1,3.3,28 lines read
server/src/blockchain/node_modules/undici/types/diagnostics-channel.d.ts,CLEAN,server/src/blockchain/node_modules/undici/types/diagnostics-channel.d.ts:1,3.3,66 lines read
server/src/blockchain/node_modules/undici/types/dispatcher.d.ts,CLEAN,server/src/blockchain/node_modules/undici/types/dispatcher.d.ts:1,3.3,256 lines read
server/src/blockchain/node_modules/undici/types/env-http-proxy-agent.d.ts,CLEAN,server/src/blockchain/node_modules/undici/types/env-http-proxy-agent.d.ts:1,3.3,21 lines read
server/src/blockchain/node_modules/undici/types/errors.d.ts,CLEAN,server/src/blockchain/node_modules/undici/types/errors.d.ts:1,3.3,149 lines read
server/src/blockchain/node_modules/undici/types/eventsource.d.ts,CLEAN,server/src/blockchain/node_modules/undici/types/eventsource.d.ts:1,3.3,61 lines read
server/src/blockchain/node_modules/undici/types/fetch.d.ts,CLEAN,server/src/blockchain/node_modules/undici/types/fetch.d.ts:1,3.3,209 lines read
server/src/blockchain/node_modules/undici/types/file.d.ts,CLEAN,server/src/blockchain/node_modules/undici/types/file.d.ts:1,3.3,39 lines read
server/src/blockchain/node_modules/undici/types/filereader.d.ts,CLEAN,server/src/blockchain/node_modules/undici/types/filereader.d.ts:1,3.3,54 lines read
server/src/blockchain/node_modules/undici/types/formdata.d.ts,CLEAN,server/src/blockchain/node_modules/undici/types/formdata.d.ts:1,3.3,108 lines read
server/src/blockchain/node_modules/undici/types/global-dispatcher.d.ts,CLEAN,server/src/blockchain/node_modules/undici/types/global-dispatcher.d.ts:1,3.3,9 lines read
server/src/blockchain/node_modules/undici/types/global-origin.d.ts,CLEAN,server/src/blockchain/node_modules/undici/types/global-origin.d.ts:1,3.3,7 lines read
server/src/blockchain/node_modules/undici/types/handlers.d.ts,CLEAN,server/src/blockchain/node_modules/undici/types/handlers.d.ts:1,3.3,15 lines read
server/src/blockchain/node_modules/undici/types/header.d.ts,CLEAN,server/src/blockchain/node_modules/undici/types/header.d.ts:1,3.3,4 lines read
server/src/blockchain/node_modules/undici/types/index.d.ts,CLEAN,server/src/blockchain/node_modules/undici/types/index.d.ts:1,3.3,71 lines read
server/src/blockchain/node_modules/undici/types/interceptors.d.ts,CLEAN,server/src/blockchain/node_modules/undici/types/interceptors.d.ts:1,3.3,32 lines read
server/src/blockchain/node_modules/undici/types/mock-agent.d.ts,CLEAN,server/src/blockchain/node_modules/undici/types/mock-agent.d.ts:1,3.3,50 lines read
server/src/blockchain/node_modules/undici/types/mock-client.d.ts,CLEAN,server/src/blockchain/node_modules/undici/types/mock-client.d.ts:1,3.3,25 lines read
server/src/blockchain/node_modules/undici/types/mock-errors.d.ts,CLEAN,server/src/blockchain/node_modules/undici/types/mock-errors.d.ts:1,3.3,12 lines read
server/src/blockchain/node_modules/undici/types/mock-interceptor.d.ts,CLEAN,server/src/blockchain/node_modules/undici/types/mock-interceptor.d.ts:1,3.3,93 lines read
server/src/blockchain/node_modules/undici/types/mock-pool.d.ts,CLEAN,server/src/blockchain/node_modules/undici/types/mock-pool.d.ts:1,3.3,25 lines read
server/src/blockchain/node_modules/undici/types/patch.d.ts,CLEAN,server/src/blockchain/node_modules/undici/types/patch.d.ts:1,3.3,33 lines read
server/src/blockchain/node_modules/undici/types/pool-stats.d.ts,CLEAN,server/src/blockchain/node_modules/undici/types/pool-stats.d.ts:1,3.3,19 lines read
server/src/blockchain/node_modules/undici/types/pool.d.ts,CLEAN,server/src/blockchain/node_modules/undici/types/pool.d.ts:1,3.3,39 lines read
server/src/blockchain/node_modules/undici/types/proxy-agent.d.ts,CLEAN,server/src/blockchain/node_modules/undici/types/proxy-agent.d.ts:1,3.3,29 lines read
server/src/blockchain/node_modules/undici/types/readable.d.ts,CLEAN,server/src/blockchain/node_modules/undici/types/readable.d.ts:1,3.3,65 lines read
server/src/blockchain/node_modules/undici/types/retry-agent.d.ts,CLEAN,server/src/blockchain/node_modules/undici/types/retry-agent.d.ts:1,3.3,8 lines read
server/src/blockchain/node_modules/undici/types/retry-handler.d.ts,CLEAN,server/src/blockchain/node_modules/undici/types/retry-handler.d.ts:1,3.3,116 lines read
server/src/blockchain/node_modules/undici/types/util.d.ts,CLEAN,server/src/blockchain/node_modules/undici/types/util.d.ts:1,3.3,18 lines read
server/src/blockchain/node_modules/undici/types/webidl.d.ts,CLEAN,server/src/blockchain/node_modules/undici/types/webidl.d.ts:1,3.3,228 lines read
server/src/blockchain/node_modules/undici/types/websocket.d.ts,CLEAN,server/src/blockchain/node_modules/undici/types/websocket.d.ts:1,3.3,150 lines read
server/src/blockchain/node_modules/zod/index.d.ts,CLEAN,server/src/blockchain/node_modules/zod/index.d.ts:1,3.3,4 lines read
server/src/blockchain/node_modules/zod/src/index.ts,CLEAN,server/src/blockchain/node_modules/zod/src/index.ts:1,3.3,4 lines read
server/src/blockchain/node_modules/zod/src/v3/ZodError.ts,GAP_FOUND,server/src/blockchain/node_modules/zod/src/v3/ZodError.ts:1,3.3,throw new Error@273
server/src/blockchain/node_modules/zod/src/v3/benchmarks/datetime.ts,GAP_FOUND,server/src/blockchain/node_modules/zod/src/v3/benchmarks/datetime.ts:1,3.3,console@53
server/src/blockchain/node_modules/zod/src/v3/benchmarks/discriminatedUnion.ts,GAP_FOUND,server/src/blockchain/node_modules/zod/src/v3/benchmarks/discriminatedUnion.ts:1,3.3,empty catch@46; empty catch@51; console@54; empty catch@67; empty catch@72
server/src/blockchain/node_modules/zod/src/v3/benchmarks/index.ts,GAP_FOUND,server/src/blockchain/node_modules/zod/src/v3/benchmarks/index.ts:1,3.3,console@57
server/src/blockchain/node_modules/zod/src/v3/benchmarks/ipv4.ts,GAP_FOUND,server/src/blockchain/node_modules/zod/src/v3/benchmarks/ipv4.ts:1,3.3,console@48
server/src/blockchain/node_modules/zod/src/v3/benchmarks/object.ts,GAP_FOUND,server/src/blockchain/node_modules/zod/src/v3/benchmarks/object.ts:1,3.3,empty catch@29; console@32; empty catch@45; console@48; empty catch@61
server/src/blockchain/node_modules/zod/src/v3/benchmarks/primitives.ts,GAP_FOUND,server/src/blockchain/node_modules/zod/src/v3/benchmarks/primitives.ts:1,3.3,empty catch@18; console@21; empty catch@52; console@55; empty catch@68
server/src/blockchain/node_modules/zod/src/v3/benchmarks/realworld.ts,GAP_FOUND,server/src/blockchain/node_modules/zod/src/v3/benchmarks/realworld.ts:1,3.3,console@58
server/src/blockchain/node_modules/zod/src/v3/benchmarks/string.ts,GAP_FOUND,server/src/blockchain/node_modules/zod/src/v3/benchmarks/string.ts:1,3.3,throw new Error@13; empty catch@44; console@50
server/src/blockchain/node_modules/zod/src/v3/benchmarks/union.ts,GAP_FOUND,server/src/blockchain/node_modules/zod/src/v3/benchmarks/union.ts:1,3.3,empty catch@46; empty catch@51; console@54; empty catch@67; empty catch@72
server/src/blockchain/node_modules/zod/src/v3/errors.ts,CLEAN,server/src/blockchain/node_modules/zod/src/v3/errors.ts:1,3.3,13 lines read
server/src/blockchain/node_modules/zod/src/v3/external.ts,CLEAN,server/src/blockchain/node_modules/zod/src/v3/external.ts:1,3.3,6 lines read
server/src/blockchain/node_modules/zod/src/v3/helpers/enumUtil.ts,CLEAN,server/src/blockchain/node_modules/zod/src/v3/helpers/enumUtil.ts:1,3.3,17 lines read
server/src/blockchain/node_modules/zod/src/v3/helpers/errorUtil.ts,CLEAN,server/src/blockchain/node_modules/zod/src/v3/helpers/errorUtil.ts:1,3.3,8 lines read
server/src/blockchain/node_modules/zod/src/v3/helpers/parseUtil.ts,CLEAN,server/src/blockchain/node_modules/zod/src/v3/helpers/parseUtil.ts:1,3.3,176 lines read
server/src/blockchain/node_modules/zod/src/v3/helpers/partialUtil.ts,CLEAN,server/src/blockchain/node_modules/zod/src/v3/helpers/partialUtil.ts:1,3.3,34 lines read
server/src/blockchain/node_modules/zod/src/v3/helpers/typeAliases.ts,CLEAN,server/src/blockchain/node_modules/zod/src/v3/helpers/typeAliases.ts:1,3.3,2 lines read
server/src/blockchain/node_modules/zod/src/v3/helpers/util.ts,GAP_FOUND,server/src/blockchain/node_modules/zod/src/v3/helpers/util.ts:1,3.3,throw new Error@8
server/src/blockchain/node_modules/zod/src/v3/index.ts,CLEAN,server/src/blockchain/node_modules/zod/src/v3/index.ts:1,3.3,4 lines read
server/src/blockchain/node_modules/zod/src/v3/locales/en.ts,CLEAN,server/src/blockchain/node_modules/zod/src/v3/locales/en.ts:1,3.3,124 lines read
server/src/blockchain/node_modules/zod/src/v3/standard-schema.ts,CLEAN,server/src/blockchain/node_modules/zod/src/v3/standard-schema.ts:1,3.3,113 lines read
server/src/blockchain/node_modules/zod/src/v3/tests/Mocker.ts,CLEAN,server/src/blockchain/node_modules/zod/src/v3/tests/Mocker.ts:1,3.3,54 lines read
server/src/blockchain/node_modules/zod/src/v3/tests/all-errors.test.ts,CLEAN,server/src/blockchain/node_modules/zod/src/v3/tests/all-errors.test.ts:1,3.3,157 lines read
server/src/blockchain/node_modules/zod/src/v3/tests/anyunknown.test.ts,CLEAN,server/src/blockchain/node_modules/zod/src/v3/tests/anyunknown.test.ts:1,3.3,28 lines read
server/src/blockchain/node_modules/zod/src/v3/tests/array.test.ts,CLEAN,server/src/blockchain/node_modules/zod/src/v3/tests/array.test.ts:1,3.3,71 lines read
server/src/blockchain/node_modules/zod/src/v3/tests/async-parsing.test.ts,GAP_FOUND,server/src/blockchain/node_modules/zod/src/v3/tests/async-parsing.test.ts:1,3.3,throw new Error@295; throw new Error@306
server/src/blockchain/node_modules/zod/src/v3/tests/async-refinements.test.ts,CLEAN,server/src/blockchain/node_modules/zod/src/v3/tests/async-refinements.test.ts:1,3.3,46 lines read
server/src/blockchain/node_modules/zod/src/v3/tests/base.test.ts,CLEAN,server/src/blockchain/node_modules/zod/src/v3/tests/base.test.ts:1,3.3,29 lines read
server/src/blockchain/node_modules/zod/src/v3/tests/bigint.test.ts,CLEAN,server/src/blockchain/node_modules/zod/src/v3/tests/bigint.test.ts:1,3.3,55 lines read
server/src/blockchain/node_modules/zod/src/v3/tests/branded.test.ts,CLEAN,server/src/blockchain/node_modules/zod/src/v3/tests/branded.test.ts:1,3.3,53 lines read
server/src/blockchain/node_modules/zod/src/v3/tests/catch.test.ts,CLEAN,server/src/blockchain/node_modules/zod/src/v3/tests/catch.test.ts:1,3.3,220 lines read
server/src/blockchain/node_modules/zod/src/v3/tests/coerce.test.ts,CLEAN,server/src/blockchain/node_modules/zod/src/v3/tests/coerce.test.ts:1,3.3,133 lines read
server/src/blockchain/node_modules/zod/src/v3/tests/complex.test.ts,CLEAN,server/src/blockchain/node_modules/zod/src/v3/tests/complex.test.ts:1,3.3,56 lines read
server/src/blockchain/node_modules/zod/src/v3/tests/custom.test.ts,CLEAN,server/src/blockchain/node_modules/zod/src/v3/tests/custom.test.ts:1,3.3,31 lines read
server/src/blockchain/node_modules/zod/src/v3/tests/date.test.ts,CLEAN,server/src/blockchain/node_modules/zod/src/v3/tests/date.test.ts:1,3.3,32 lines read
server/src/blockchain/node_modules/zod/src/v3/tests/deepmasking.test.ts,CLEAN,server/src/blockchain/node_modules/zod/src/v3/tests/deepmasking.test.ts:1,3.3,186 lines read
server/src/blockchain/node_modules/zod/src/v3/tests/default.test.ts,CLEAN,server/src/blockchain/node_modules/zod/src/v3/tests/default.test.ts:1,3.3,112 lines read
server/src/blockchain/node_modules/zod/src/v3/tests/description.test.ts,CLEAN,server/src/blockchain/node_modules/zod/src/v3/tests/description.test.ts:1,3.3,33 lines read
server/src/blockchain/node_modules/zod/src/v3/tests/discriminated-unions.test.ts,GAP_FOUND,server/src/blockchain/node_modules/zod/src/v3/tests/discriminated-unions.test.ts:1,3.3,throw new Error@71; throw new Error@91; throw new Error@110; throw new Error@130; throw new Error@142
server/src/blockchain/node_modules/zod/src/v3/tests/enum.test.ts,CLEAN,server/src/blockchain/node_modules/zod/src/v3/tests/enum.test.ts:1,3.3,80 lines read
server/src/blockchain/node_modules/zod/src/v3/tests/error.test.ts,GAP_FOUND,server/src/blockchain/node_modules/zod/src/v3/tests/error.test.ts:1,3.3,throw new Error@143; throw new Error@149
server/src/blockchain/node_modules/zod/src/v3/tests/firstparty.test.ts,CLEAN,server/src/blockchain/node_modules/zod/src/v3/tests/firstparty.test.ts:1,3.3,87 lines read
server/src/blockchain/node_modules/zod/src/v3/tests/firstpartyschematypes.test.ts,CLEAN,server/src/blockchain/node_modules/zod/src/v3/tests/firstpartyschematypes.test.ts:1,3.3,21 lines read
server/src/blockchain/node_modules/zod/src/v3/tests/function.test.ts,GAP_FOUND,server/src/blockchain/node_modules/zod/src/v3/tests/function.test.ts:1,3.3,throw new Error@153; throw new Error@163
server/src/blockchain/node_modules/zod/src/v3/tests/generics.test.ts,CLEAN,server/src/blockchain/node_modules/zod/src/v3/tests/generics.test.ts:1,3.3,48 lines read
server/src/blockchain/node_modules/zod/src/v3/tests/instanceof.test.ts,CLEAN,server/src/blockchain/node_modules/zod/src/v3/tests/instanceof.test.ts:1,3.3,37 lines read
server/src/blockchain/node_modules/zod/src/v3/tests/intersection.test.ts,CLEAN,server/src/blockchain/node_modules/zod/src/v3/tests/intersection.test.ts:1,3.3,110 lines read
server/src/blockchain/node_modules/zod/src/v3/tests/language-server.source.ts,CLEAN,server/src/blockchain/node_modules/zod/src/v3/tests/language-server.source.ts:1,3.3,76 lines read
server/src/blockchain/node_modules/zod/src/v3/tests/language-server.test.ts,CLEAN,server/src/blockchain/node_modules/zod/src/v3/tests/language-server.test.ts:1,3.3,207 lines read
server/src/blockchain/node_modules/zod/src/v3/tests/literal.test.ts,CLEAN,server/src/blockchain/node_modules/zod/src/v3/tests/literal.test.ts:1,3.3,36 lines read
server/src/blockchain/node_modules/zod/src/v3/tests/map.test.ts,CLEAN,server/src/blockchain/node_modules/zod/src/v3/tests/map.test.ts:1,3.3,110 lines read
server/src/blockchain/node_modules/zod/src/v3/tests/masking.test.ts,CLEAN,server/src/blockchain/node_modules/zod/src/v3/tests/masking.test.ts:1,3.3,4 lines read
server/src/blockchain/node_modules/zod/src/v3/tests/mocker.test.ts,CLEAN,server/src/blockchain/node_modules/zod/src/v3/tests/mocker.test.ts:1,3.3,19 lines read
server/src/blockchain/node_modules/zod/src/v3/tests/nan.test.ts,CLEAN,server/src/blockchain/node_modules/zod/src/v3/tests/nan.test.ts:1,3.3,21 lines read
server/src/blockchain/node_modules/zod/src/v3/tests/nativeEnum.test.ts,CLEAN,server/src/blockchain/node_modules/zod/src/v3/tests/nativeEnum.test.ts:1,3.3,87 lines read
server/src/blockchain/node_modules/zod/src/v3/tests/nullable.test.ts,CLEAN,server/src/blockchain/node_modules/zod/src/v3/tests/nullable.test.ts:1,3.3,42 lines read
server/src/blockchain/node_modules/zod/src/v3/tests/number.test.ts,CLEAN,server/src/blockchain/node_modules/zod/src/v3/tests/number.test.ts:1,3.3,176 lines read
server/src/blockchain/node_modules/zod/src/v3/tests/object-augmentation.test.ts,CLEAN,server/src/blockchain/node_modules/zod/src/v3/tests/object-augmentation.test.ts:1,3.3,29 lines read
server/src/blockchain/node_modules/zod/src/v3/tests/object-in-es5-env.test.ts,CLEAN,server/src/blockchain/node_modules/zod/src/v3/tests/object-in-es5-env.test.ts:1,3.3,29 lines read
server/src/blockchain/node_modules/zod/src/v3/tests/object.test.ts,CLEAN,server/src/blockchain/node_modules/zod/src/v3/tests/object.test.ts:1,3.3,434 lines read
server/src/blockchain/node_modules/zod/src/v3/tests/optional.test.ts,CLEAN,server/src/blockchain/node_modules/zod/src/v3/tests/optional.test.ts:1,3.3,42 lines read
server/src/blockchain/node_modules/zod/src/v3/tests/parseUtil.test.ts,CLEAN,server/src/blockchain/node_modules/zod/src/v3/tests/parseUtil.test.ts:1,3.3,23 lines read
server/src/blockchain/node_modules/zod/src/v3/tests/parser.test.ts,CLEAN,server/src/blockchain/node_modules/zod/src/v3/tests/parser.test.ts:1,3.3,41 lines read
server/src/blockchain/node_modules/zod/src/v3/tests/partials.test.ts,CLEAN,server/src/blockchain/node_modules/zod/src/v3/tests/partials.test.ts:1,3.3,243 lines read
server/src/blockchain/node_modules/zod/src/v3/tests/pickomit.test.ts,CLEAN,server/src/blockchain/node_modules/zod/src/v3/tests/pickomit.test.ts:1,3.3,111 lines read
server/src/blockchain/node_modules/zod/src/v3/tests/pipeline.test.ts,CLEAN,server/src/blockchain/node_modules/zod/src/v3/tests/pipeline.test.ts:1,3.3,29 lines read
server/src/blockchain/node_modules/zod/src/v3/tests/preprocess.test.ts,CLEAN,server/src/blockchain/node_modules/zod/src/v3/tests/preprocess.test.ts:1,3.3,186 lines read
server/src/blockchain/node_modules/zod/src/v3/tests/primitive.test.ts,CLEAN,server/src/blockchain/node_modules/zod/src/v3/tests/primitive.test.ts:1,3.3,440 lines read
server/src/blockchain/node_modules/zod/src/v3/tests/promise.test.ts,CLEAN,server/src/blockchain/node_modules/zod/src/v3/tests/promise.test.ts:1,3.3,90 lines read
server/src/blockchain/node_modules/zod/src/v3/tests/readonly.test.ts,CLEAN,server/src/blockchain/node_modules/zod/src/v3/tests/readonly.test.ts:1,3.3,194 lines read
server/src/blockchain/node_modules/zod/src/v3/tests/record.test.ts,CLEAN,server/src/blockchain/node_modules/zod/src/v3/tests/record.test.ts:1,3.3,171 lines read
server/src/blockchain/node_modules/zod/src/v3/tests/recursive.test.ts,CLEAN,server/src/blockchain/node_modules/zod/src/v3/tests/recursive.test.ts:1,3.3,197 lines read
server/src/blockchain/node_modules/zod/src/v3/tests/refine.test.ts,GAP_FOUND,server/src/blockchain/node_modules/zod/src/v3/tests/refine.test.ts:1,3.3,throw new Error@306
server/src/blockchain/node_modules/zod/src/v3/tests/safeparse.test.ts,GAP_FOUND,server/src/blockchain/node_modules/zod/src/v3/tests/safeparse.test.ts:1,3.3,throw new Error@23
server/src/blockchain/node_modules/zod/src/v3/tests/set.test.ts,CLEAN,server/src/blockchain/node_modules/zod/src/v3/tests/set.test.ts:1,3.3,142 lines read
server/src/blockchain/node_modules/zod/src/v3/tests/standard-schema.test.ts,GAP_FOUND,server/src/blockchain/node_modules/zod/src/v3/tests/standard-schema.test.ts:1,3.3,throw new Error@29; throw new Error@33; throw new Error@43; throw new Error@47; throw new Error@60
server/src/blockchain/node_modules/zod/src/v3/tests/string.test.ts,GAP_FOUND,server/src/blockchain/node_modules/zod/src/v3/tests/string.test.ts:1,3.3,throw new Error@449
server/src/blockchain/node_modules/zod/src/v3/tests/transformer.test.ts,CLEAN,server/src/blockchain/node_modules/zod/src/v3/tests/transformer.test.ts:1,3.3,233 lines read
server/src/blockchain/node_modules/zod/src/v3/tests/tuple.test.ts,CLEAN,server/src/blockchain/node_modules/zod/src/v3/tests/tuple.test.ts:1,3.3,90 lines read
server/src/blockchain/node_modules/zod/src/v3/tests/unions.test.ts,CLEAN,server/src/blockchain/node_modules/zod/src/v3/tests/unions.test.ts:1,3.3,57 lines read
server/src/blockchain/node_modules/zod/src/v3/tests/validations.test.ts,CLEAN,server/src/blockchain/node_modules/zod/src/v3/tests/validations.test.ts:1,3.3,133 lines read
server/src/blockchain/node_modules/zod/src/v3/tests/void.test.ts,CLEAN,server/src/blockchain/node_modules/zod/src/v3/tests/void.test.ts:1,3.3,15 lines read
server/src/blockchain/node_modules/zod/src/v3/types.ts,GAP_FOUND,server/src/blockchain/node_modules/zod/src/v3/types.ts:1,3.3,throw new Error@95; throw new Error@127; throw new Error@213; throw new Error@2527; throw new Error@3198
server/src/blockchain/node_modules/zod/src/v4-mini/index.ts,CLEAN,server/src/blockchain/node_modules/zod/src/v4-mini/index.ts:1,3.3,1 lines read
server/src/blockchain/node_modules/zod/src/v4/classic/checks.ts,CLEAN,server/src/blockchain/node_modules/zod/src/v4/classic/checks.ts:1,3.3,30 lines read
server/src/blockchain/node_modules/zod/src/v4/classic/coerce.ts,CLEAN,server/src/blockchain/node_modules/zod/src/v4/classic/coerce.ts:1,3.3,27 lines read
server/src/blockchain/node_modules/zod/src/v4/classic/compat.ts,CLEAN,server/src/blockchain/node_modules/zod/src/v4/classic/compat.ts:1,3.3,66 lines read
server/src/blockchain/node_modules/zod/src/v4/classic/errors.ts,CLEAN,server/src/blockchain/node_modules/zod/src/v4/classic/errors.ts:1,3.3,75 lines read
server/src/blockchain/node_modules/zod/src/v4/classic/external.ts,CLEAN,server/src/blockchain/node_modules/zod/src/v4/classic/external.ts:1,3.3,50 lines read
server/src/blockchain/node_modules/zod/src/v4/classic/index.ts,CLEAN,server/src/blockchain/node_modules/zod/src/v4/classic/index.ts:1,3.3,5 lines read
server/src/blockchain/node_modules/zod/src/v4/classic/iso.ts,CLEAN,server/src/blockchain/node_modules/zod/src/v4/classic/iso.ts:1,3.3,90 lines read
server/src/blockchain/node_modules/zod/src/v4/classic/parse.ts,CLEAN,server/src/blockchain/node_modules/zod/src/v4/classic/parse.ts:1,3.3,33 lines read
server/src/blockchain/node_modules/zod/src/v4/classic/schemas.ts,GAP_FOUND,server/src/blockchain/node_modules/zod/src/v4/classic/schemas.ts:1,3.3,throw new Error@1461; throw new Error@1476; throw new Error@1533
server/src/blockchain/node_modules/zod/src/v4/classic/tests/anyunknown.test.ts,CLEAN,server/src/blockchain/node_modules/zod/src/v4/classic/tests/anyunknown.test.ts:1,3.3,26 lines read
server/src/blockchain/node_modules/zod/src/v4/classic/tests/array.test.ts,CLEAN,server/src/blockchain/node_modules/zod/src/v4/classic/tests/array.test.ts:1,3.3,264 lines read
server/src/blockchain/node_modules/zod/src/v4/classic/tests/assignability.test.ts,CLEAN,server/src/blockchain/node_modules/zod/src/v4/classic/tests/assignability.test.ts:1,3.3,210 lines read
server/src/blockchain/node_modules/zod/src/v4/classic/tests/async-parsing.test.ts,CLEAN,server/src/blockchain/node_modules/zod/src/v4/classic/tests/async-parsing.test.ts:1,3.3,381 lines read
server/src/blockchain/node_modules/zod/src/v4/classic/tests/async-refinements.test.ts,CLEAN,server/src/blockchain/node_modules/zod/src/v4/classic/tests/async-refinements.test.ts:1,3.3,68 lines read
server/src/blockchain/node_modules/zod/src/v4/classic/tests/base.test.ts,CLEAN,server/src/blockchain/node_modules/zod/src/v4/classic/tests/base.test.ts:1,3.3,7 lines read
server/src/blockchain/node_modules/zod/src/v4/classic/tests/bigint.test.ts,CLEAN,server/src/blockchain/node_modules/zod/src/v4/classic/tests/bigint.test.ts:1,3.3,54 lines read
server/src/blockchain/node_modules/zod/src/v4/classic/tests/brand.test.ts,CLEAN,server/src/blockchain/node_modules/zod/src/v4/classic/tests/brand.test.ts:1,3.3,63 lines read
server/src/blockchain/node_modules/zod/src/v4/classic/tests/catch.test.ts,CLEAN,server/src/blockchain/node_modules/zod/src/v4/classic/tests/catch.test.ts:1,3.3,252 lines read
server/src/blockchain/node_modules/zod/src/v4/classic/tests/coalesce.test.ts,CLEAN,server/src/blockchain/node_modules/zod/src/v4/classic/tests/coalesce.test.ts:1,3.3,20 lines read
server/src/blockchain/node_modules/zod/src/v4/classic/tests/coerce.test.ts,CLEAN,server/src/blockchain/node_modules/zod/src/v4/classic/tests/coerce.test.ts:1,3.3,160 lines read
server/src/blockchain/node_modules/zod/src/v4/classic/tests/continuability.test.ts,CLEAN,server/src/blockchain/node_modules/zod/src/v4/classic/tests/continuability.test.ts:1,3.3,352 lines read
server/src/blockchain/node_modules/zod/src/v4/classic/tests/custom.test.ts,GAP_FOUND,server/src/blockchain/node_modules/zod/src/v4/classic/tests/custom.test.ts:1,3.3,throw new Error@29
server/src/blockchain/node_modules/zod/src/v4/classic/tests/date.test.ts,CLEAN,server/src/blockchain/node_modules/zod/src/v4/classic/tests/date.test.ts:1,3.3,31 lines read
server/src/blockchain/node_modules/zod/src/v4/classic/tests/datetime.test.ts,CLEAN,server/src/blockchain/node_modules/zod/src/v4/classic/tests/datetime.test.ts:1,3.3,296 lines read
server/src/blockchain/node_modules/zod/src/v4/classic/tests/default.test.ts,CLEAN,server/src/blockchain/node_modules/zod/src/v4/classic/tests/default.test.ts:1,3.3,313 lines read
server/src/blockchain/node_modules/zod/src/v4/classic/tests/description.test.ts,CLEAN,server/src/blockchain/node_modules/zod/src/v4/classic/tests/description.test.ts:1,3.3,32 lines read
server/src/blockchain/node_modules/zod/src/v4/classic/tests/discriminated-unions.test.ts,GAP_FOUND,server/src/blockchain/node_modules/zod/src/v4/classic/tests/discriminated-unions.test.ts:1,3.3,throw new Error@120; throw new Error@267; throw new Error@280; console@463
server/src/blockchain/node_modules/zod/src/v4/classic/tests/enum.test.ts,CLEAN,server/src/blockchain/node_modules/zod/src/v4/classic/tests/enum.test.ts:1,3.3,285 lines read
server/src/blockchain/node_modules/zod/src/v4/classic/tests/error-utils.test.ts,CLEAN,server/src/blockchain/node_modules/zod/src/v4/classic/tests/error-utils.test.ts:1,3.3,527 lines read
server/src/blockchain/node_modules/zod/src/v4/classic/tests/error.test.ts,GAP_FOUND,server/src/blockchain/node_modules/zod/src/v4/classic/tests/error.test.ts:1,3.3,throw new Error@340
server/src/blockchain/node_modules/zod/src/v4/classic/tests/file.test.ts,CLEAN,server/src/blockchain/node_modules/zod/src/v4/classic/tests/file.test.ts:1,3.3,91 lines read
server/src/blockchain/node_modules/zod/src/v4/classic/tests/firstparty.test.ts,CLEAN,server/src/blockchain/node_modules/zod/src/v4/classic/tests/firstparty.test.ts:1,3.3,175 lines read
server/src/blockchain/node_modules/zod/src/v4/classic/tests/function.test.ts,CLEAN,server/src/blockchain/node_modules/zod/src/v4/classic/tests/function.test.ts:1,3.3,268 lines read
server/src/blockchain/node_modules/zod/src/v4/classic/tests/generics.test.ts,CLEAN,server/src/blockchain/node_modules/zod/src/v4/classic/tests/generics.test.ts:1,3.3,72 lines read
server/src/blockchain/node_modules/zod/src/v4/classic/tests/index.test.ts,CLEAN,server/src/blockchain/node_modules/zod/src/v4/classic/tests/index.test.ts:1,3.3,829 lines read
server/src/blockchain/node_modules/zod/src/v4/classic/tests/instanceof.test.ts,CLEAN,server/src/blockchain/node_modules/zod/src/v4/classic/tests/instanceof.test.ts:1,3.3,34 lines read
server/src/blockchain/node_modules/zod/src/v4/classic/tests/intersection.test.ts,CLEAN,server/src/blockchain/node_modules/zod/src/v4/classic/tests/intersection.test.ts:1,3.3,171 lines read
server/src/blockchain/node_modules/zod/src/v4/classic/tests/json.test.ts,CLEAN,server/src/blockchain/node_modules/zod/src/v4/classic/tests/json.test.ts:1,3.3,108 lines read
server/src/blockchain/node_modules/zod/src/v4/classic/tests/lazy.test.ts,CLEAN,server/src/blockchain/node_modules/zod/src/v4/classic/tests/lazy.test.ts:1,3.3,227 lines read
server/src/blockchain/node_modules/zod/src/v4/classic/tests/literal.test.ts,CLEAN,server/src/blockchain/node_modules/zod/src/v4/classic/tests/literal.test.ts:1,3.3,92 lines read
server/src/blockchain/node_modules/zod/src/v4/classic/tests/map.test.ts,CLEAN,server/src/blockchain/node_modules/zod/src/v4/classic/tests/map.test.ts:1,3.3,196 lines read
server/src/blockchain/node_modules/zod/src/v4/classic/tests/nan.test.ts,CLEAN,server/src/blockchain/node_modules/zod/src/v4/classic/tests/nan.test.ts:1,3.3,21 lines read
server/src/blockchain/node_modules/zod/src/v4/classic/tests/nested-refine.test.ts,CLEAN,server/src/blockchain/node_modules/zod/src/v4/classic/tests/nested-refine.test.ts:1,3.3,168 lines read
server/src/blockchain/node_modules/zod/src/v4/classic/tests/nonoptional.test.ts,CLEAN,server/src/blockchain/node_modules/zod/src/v4/classic/tests/nonoptional.test.ts:1,3.3,86 lines read
server/src/blockchain/node_modules/zod/src/v4/classic/tests/nullable.test.ts,CLEAN,server/src/blockchain/node_modules/zod/src/v4/classic/tests/nullable.test.ts:1,3.3,22 lines read
server/src/blockchain/node_modules/zod/src/v4/classic/tests/number.test.ts,CLEAN,server/src/blockchain/node_modules/zod/src/v4/classic/tests/number.test.ts:1,3.3,247 lines read
server/src/blockchain/node_modules/zod/src/v4/classic/tests/object.test.ts,CLEAN,server/src/blockchain/node_modules/zod/src/v4/classic/tests/object.test.ts:1,3.3,563 lines read
server/src/blockchain/node_modules/zod/src/v4/classic/tests/optional.test.ts,CLEAN,server/src/blockchain/node_modules/zod/src/v4/classic/tests/optional.test.ts:1,3.3,123 lines read
server/src/blockchain/node_modules/zod/src/v4/classic/tests/partial.test.ts,CLEAN,server/src/blockchain/node_modules/zod/src/v4/classic/tests/partial.test.ts:1,3.3,147 lines read
server/src/blockchain/node_modules/zod/src/v4/classic/tests/pickomit.test.ts,CLEAN,server/src/blockchain/node_modules/zod/src/v4/classic/tests/pickomit.test.ts:1,3.3,127 lines read
server/src/blockchain/node_modules/zod/src/v4/classic/tests/pipe.test.ts,CLEAN,server/src/blockchain/node_modules/zod/src/v4/classic/tests/pipe.test.ts:1,3.3,81 lines read
server/src/blockchain/node_modules/zod/src/v4/classic/tests/prefault.test.ts,CLEAN,server/src/blockchain/node_modules/zod/src/v4/classic/tests/prefault.test.ts:1,3.3,37 lines read
server/src/blockchain/node_modules/zod/src/v4/classic/tests/preprocess.test.ts,CLEAN,server/src/blockchain/node_modules/zod/src/v4/classic/tests/preprocess.test.ts:1,3.3,298 lines read
server/src/blockchain/node_modules/zod/src/v4/classic/tests/primitive.test.ts,CLEAN,server/src/blockchain/node_modules/zod/src/v4/classic/tests/primitive.test.ts:1,3.3,175 lines read
server/src/blockchain/node_modules/zod/src/v4/classic/tests/promise.test.ts,CLEAN,server/src/blockchain/node_modules/zod/src/v4/classic/tests/promise.test.ts:1,3.3,81 lines read
server/src/blockchain/node_modules/zod/src/v4/classic/tests/prototypes.test.ts,CLEAN,server/src/blockchain/node_modules/zod/src/v4/classic/tests/prototypes.test.ts:1,3.3,23 lines read
server/src/blockchain/node_modules/zod/src/v4/classic/tests/readonly.test.ts,CLEAN,server/src/blockchain/node_modules/zod/src/v4/classic/tests/readonly.test.ts:1,3.3,252 lines read
server/src/blockchain/node_modules/zod/src/v4/classic/tests/record.test.ts,CLEAN,server/src/blockchain/node_modules/zod/src/v4/classic/tests/record.test.ts:1,3.3,342 lines read
server/src/blockchain/node_modules/zod/src/v4/classic/tests/recursive-types.test.ts,CLEAN,server/src/blockchain/node_modules/zod/src/v4/classic/tests/recursive-types.test.ts:1,3.3,356 lines read
server/src/blockchain/node_modules/zod/src/v4/classic/tests/refine.test.ts,GAP_FOUND,server/src/blockchain/node_modules/zod/src/v4/classic/tests/refine.test.ts:1,3.3,console@434; console@435; console@436
server/src/blockchain/node_modules/zod/src/v4/classic/tests/registries.test.ts,CLEAN,server/src/blockchain/node_modules/zod/src/v4/classic/tests/registries.test.ts:1,3.3,204 lines read
server/src/blockchain/node_modules/zod/src/v4/classic/tests/set.test.ts,CLEAN,server/src/blockchain/node_modules/zod/src/v4/classic/tests/set.test.ts:1,3.3,179 lines read
server/src/blockchain/node_modules/zod/src/v4/classic/tests/standard-schema.test.ts,CLEAN,server/src/blockchain/node_modules/zod/src/v4/classic/tests/standard-schema.test.ts:1,3.3,57 lines read
server/src/blockchain/node_modules/zod/src/v4/classic/tests/string-formats.test.ts,CLEAN,server/src/blockchain/node_modules/zod/src/v4/classic/tests/string-formats.test.ts:1,3.3,109 lines read
server/src/blockchain/node_modules/zod/src/v4/classic/tests/string.test.ts,CLEAN,server/src/blockchain/node_modules/zod/src/v4/classic/tests/string.test.ts:1,3.3,881 lines read
server/src/blockchain/node_modules/zod/src/v4/classic/tests/stringbool.test.ts,CLEAN,server/src/blockchain/node_modules/zod/src/v4/classic/tests/stringbool.test.ts:1,3.3,66 lines read
server/src/blockchain/node_modules/zod/src/v4/classic/tests/template-literal.test.ts,CLEAN,server/src/blockchain/node_modules/zod/src/v4/classic/tests/template-literal.test.ts:1,3.3,758 lines read
server/src/blockchain/node_modules/zod/src/v4/classic/tests/to-json-schema.test.ts,GAP_FOUND,server/src/blockchain/node_modules/zod/src/v4/classic/tests/to-json-schema.test.ts:1,3.3,console@2163
server/src/blockchain/node_modules/zod/src/v4/classic/tests/transform.test.ts,CLEAN,server/src/blockchain/node_modules/zod/src/v4/classic/tests/transform.test.ts:1,3.3,250 lines read
server/src/blockchain/node_modules/zod/src/v4/classic/tests/tuple.test.ts,CLEAN,server/src/blockchain/node_modules/zod/src/v4/classic/tests/tuple.test.ts:1,3.3,163 lines read
server/src/blockchain/node_modules/zod/src/v4/classic/tests/union.test.ts,CLEAN,server/src/blockchain/node_modules/zod/src/v4/classic/tests/union.test.ts:1,3.3,94 lines read
server/src/blockchain/node_modules/zod/src/v4/classic/tests/validations.test.ts,CLEAN,server/src/blockchain/node_modules/zod/src/v4/classic/tests/validations.test.ts:1,3.3,283 lines read
server/src/blockchain/node_modules/zod/src/v4/classic/tests/void.test.ts,CLEAN,server/src/blockchain/node_modules/zod/src/v4/classic/tests/void.test.ts:1,3.3,12 lines read
server/src/blockchain/node_modules/zod/src/v4/core/api.ts,CLEAN,server/src/blockchain/node_modules/zod/src/v4/core/api.ts:1,3.3,1594 lines read
server/src/blockchain/node_modules/zod/src/v4/core/checks.ts,GAP_FOUND,server/src/blockchain/node_modules/zod/src/v4/core/checks.ts:1,3.3,throw new Error@178
server/src/blockchain/node_modules/zod/src/v4/core/config.ts,CLEAN,server/src/blockchain/node_modules/zod/src/v4/core/config.ts:1,3.3,15 lines read
server/src/blockchain/node_modules/zod/src/v4/core/core.ts,CLEAN,server/src/blockchain/node_modules/zod/src/v4/core/core.ts:1,3.3,134 lines read
server/src/blockchain/node_modules/zod/src/v4/core/doc.ts,GAP_FOUND,server/src/blockchain/node_modules/zod/src/v4/core/doc.ts:1,3.3,console@41
server/src/blockchain/node_modules/zod/src/v4/core/errors.ts,CLEAN,server/src/blockchain/node_modules/zod/src/v4/core/errors.ts:1,3.3,424 lines read
server/src/blockchain/node_modules/zod/src/v4/core/function.ts,GAP_FOUND,server/src/blockchain/node_modules/zod/src/v4/core/function.ts:1,3.3,throw new Error@67; throw new Error@72; throw new Error@84; throw new Error@90
server/src/blockchain/node_modules/zod/src/v4/core/index.ts,CLEAN,server/src/blockchain/node_modules/zod/src/v4/core/index.ts:1,3.3,15 lines read
server/src/blockchain/node_modules/zod/src/v4/core/json-schema.ts,CLEAN,server/src/blockchain/node_modules/zod/src/v4/core/json-schema.ts:1,3.3,143 lines read
server/src/blockchain/node_modules/zod/src/v4/core/parse.ts,CLEAN,server/src/blockchain/node_modules/zod/src/v4/core/parse.ts:1,3.3,94 lines read
server/src/blockchain/node_modules/zod/src/v4/core/regexes.ts,CLEAN,server/src/blockchain/node_modules/zod/src/v4/core/regexes.ts:1,3.3,135 lines read
server/src/blockchain/node_modules/zod/src/v4/core/registries.ts,GAP_FOUND,server/src/blockchain/node_modules/zod/src/v4/core/registries.ts:1,3.3,throw new Error@41
server/src/blockchain/node_modules/zod/src/v4/core/schemas.ts,GAP_FOUND,server/src/blockchain/node_modules/zod/src/v4/core/schemas.ts:1,3.3,empty catch@312; throw new Error@390; throw new Error@781; throw new Error@783; throw new Error@784
server/src/blockchain/node_modules/zod/src/v4/core/standard-schema.ts,CLEAN,server/src/blockchain/node_modules/zod/src/v4/core/standard-schema.ts:1,3.3,64 lines read
server/src/blockchain/node_modules/zod/src/v4/core/tests/index.test.ts,CLEAN,server/src/blockchain/node_modules/zod/src/v4/core/tests/index.test.ts:1,3.3,46 lines read
server/src/blockchain/node_modules/zod/src/v4/core/tests/locales/be.test.ts,CLEAN,server/src/blockchain/node_modules/zod/src/v4/core/tests/locales/be.test.ts:1,3.3,124 lines read
server/src/blockchain/node_modules/zod/src/v4/core/tests/locales/en.test.ts,CLEAN,server/src/blockchain/node_modules/zod/src/v4/core/tests/locales/en.test.ts:1,3.3,22 lines read
server/src/blockchain/node_modules/zod/src/v4/core/tests/locales/ru.test.ts,CLEAN,server/src/blockchain/node_modules/zod/src/v4/core/tests/locales/ru.test.ts:1,3.3,128 lines read
server/src/blockchain/node_modules/zod/src/v4/core/tests/locales/tr.test.ts,CLEAN,server/src/blockchain/node_modules/zod/src/v4/core/tests/locales/tr.test.ts:1,3.3,69 lines read
server/src/blockchain/node_modules/zod/src/v4/core/to-json-schema.ts,GAP_FOUND,server/src/blockchain/node_modules/zod/src/v4/core/to-json-schema.ts:1,3.3,throw new Error@210; throw new Error@216; throw new Error@232; throw new Error@238; throw new Error@248
server/src/blockchain/node_modules/zod/src/v4/core/util.ts,GAP_FOUND,server/src/blockchain/node_modules/zod/src/v4/core/util.ts:1,3.3,throw new Error@197; throw new Error@227; throw new Error@260; throw new Error@418; throw new Error@459
server/src/blockchain/node_modules/zod/src/v4/core/versions.ts,CLEAN,server/src/blockchain/node_modules/zod/src/v4/core/versions.ts:1,3.3,5 lines read
server/src/blockchain/node_modules/zod/src/v4/core/zsf.ts,CLEAN,server/src/blockchain/node_modules/zod/src/v4/core/zsf.ts:1,3.3,323 lines read
server/src/blockchain/node_modules/zod/src/v4/index.ts,CLEAN,server/src/blockchain/node_modules/zod/src/v4/index.ts:1,3.3,4 lines read
server/src/blockchain/node_modules/zod/src/v4/locales/ar.ts,CLEAN,server/src/blockchain/node_modules/zod/src/v4/locales/ar.ts:1,3.3,125 lines read
server/src/blockchain/node_modules/zod/src/v4/locales/az.ts,CLEAN,server/src/blockchain/node_modules/zod/src/v4/locales/az.ts:1,3.3,121 lines read
server/src/blockchain/node_modules/zod/src/v4/locales/be.ts,CLEAN,server/src/blockchain/node_modules/zod/src/v4/locales/be.ts:1,3.3,184 lines read
server/src/blockchain/node_modules/zod/src/v4/locales/ca.ts,CLEAN,server/src/blockchain/node_modules/zod/src/v4/locales/ca.ts:1,3.3,127 lines read
server/src/blockchain/node_modules/zod/src/v4/locales/cs.ts,CLEAN,server/src/blockchain/node_modules/zod/src/v4/locales/cs.ts:1,3.3,142 lines read
server/src/blockchain/node_modules/zod/src/v4/locales/de.ts,CLEAN,server/src/blockchain/node_modules/zod/src/v4/locales/de.ts:1,3.3,124 lines read
server/src/blockchain/node_modules/zod/src/v4/locales/en.ts,CLEAN,server/src/blockchain/node_modules/zod/src/v4/locales/en.ts:1,3.3,127 lines read
server/src/blockchain/node_modules/zod/src/v4/locales/eo.ts,CLEAN,server/src/blockchain/node_modules/zod/src/v4/locales/eo.ts:1,3.3,125 lines read
server/src/blockchain/node_modules/zod/src/v4/locales/es.ts,CLEAN,server/src/blockchain/node_modules/zod/src/v4/locales/es.ts:1,3.3,125 lines read
server/src/blockchain/node_modules/zod/src/v4/locales/fa.ts,CLEAN,server/src/blockchain/node_modules/zod/src/v4/locales/fa.ts:1,3.3,134 lines read
server/src/blockchain/node_modules/zod/src/v4/locales/fi.ts,CLEAN,server/src/blockchain/node_modules/zod/src/v4/locales/fi.ts:1,3.3,131 lines read
server/src/blockchain/node_modules/zod/src/v4/locales/fr-CA.ts,CLEAN,server/src/blockchain/node_modules/zod/src/v4/locales/fr-CA.ts:1,3.3,126 lines read
server/src/blockchain/node_modules/zod/src/v4/locales/fr.ts,CLEAN,server/src/blockchain/node_modules/zod/src/v4/locales/fr.ts:1,3.3,124 lines read
server/src/blockchain/node_modules/zod/src/v4/locales/he.ts,CLEAN,server/src/blockchain/node_modules/zod/src/v4/locales/he.ts:1,3.3,125 lines read
server/src/blockchain/node_modules/zod/src/v4/locales/hu.ts,CLEAN,server/src/blockchain/node_modules/zod/src/v4/locales/hu.ts:1,3.3,126 lines read
server/src/blockchain/node_modules/zod/src/v4/locales/id.ts,CLEAN,server/src/blockchain/node_modules/zod/src/v4/locales/id.ts:1,3.3,125 lines read
server/src/blockchain/node_modules/zod/src/v4/locales/index.ts,CLEAN,server/src/blockchain/node_modules/zod/src/v4/locales/index.ts:1,3.3,39 lines read
server/src/blockchain/node_modules/zod/src/v4/locales/it.ts,CLEAN,server/src/blockchain/node_modules/zod/src/v4/locales/it.ts:1,3.3,125 lines read
server/src/blockchain/node_modules/zod/src/v4/locales/ja.ts,CLEAN,server/src/blockchain/node_modules/zod/src/v4/locales/ja.ts:1,3.3,122 lines read
server/src/blockchain/node_modules/zod/src/v4/locales/kh.ts,CLEAN,server/src/blockchain/node_modules/zod/src/v4/locales/kh.ts:1,3.3,126 lines read
server/src/blockchain/node_modules/zod/src/v4/locales/ko.ts,CLEAN,server/src/blockchain/node_modules/zod/src/v4/locales/ko.ts:1,3.3,131 lines read
server/src/blockchain/node_modules/zod/src/v4/locales/mk.ts,CLEAN,server/src/blockchain/node_modules/zod/src/v4/locales/mk.ts:1,3.3,127 lines read
server/src/blockchain/node_modules/zod/src/v4/locales/ms.ts,CLEAN,server/src/blockchain/node_modules/zod/src/v4/locales/ms.ts:1,3.3,124 lines read
server/src/blockchain/node_modules/zod/src/v4/locales/nl.ts,CLEAN,server/src/blockchain/node_modules/zod/src/v4/locales/nl.ts:1,3.3,126 lines read
server/src/blockchain/node_modules/zod/src/v4/locales/no.ts,CLEAN,server/src/blockchain/node_modules/zod/src/v4/locales/no.ts:1,3.3,124 lines read
server/src/blockchain/node_modules/zod/src/v4/locales/ota.ts,CLEAN,server/src/blockchain/node_modules/zod/src/v4/locales/ota.ts:1,3.3,125 lines read
server/src/blockchain/node_modules/zod/src/v4/locales/pl.ts,CLEAN,server/src/blockchain/node_modules/zod/src/v4/locales/pl.ts:1,3.3,126 lines read
server/src/blockchain/node_modules/zod/src/v4/locales/ps.ts,CLEAN,server/src/blockchain/node_modules/zod/src/v4/locales/ps.ts:1,3.3,133 lines read
server/src/blockchain/node_modules/zod/src/v4/locales/pt.ts,CLEAN,server/src/blockchain/node_modules/zod/src/v4/locales/pt.ts:1,3.3,123 lines read
server/src/blockchain/node_modules/zod/src/v4/locales/ru.ts,CLEAN,server/src/blockchain/node_modules/zod/src/v4/locales/ru.ts:1,3.3,184 lines read
server/src/blockchain/node_modules/zod/src/v4/locales/sl.ts,CLEAN,server/src/blockchain/node_modules/zod/src/v4/locales/sl.ts:1,3.3,126 lines read
server/src/blockchain/node_modules/zod/src/v4/locales/sv.ts,CLEAN,server/src/blockchain/node_modules/zod/src/v4/locales/sv.ts:1,3.3,127 lines read
server/src/blockchain/node_modules/zod/src/v4/locales/ta.ts,CLEAN,server/src/blockchain/node_modules/zod/src/v4/locales/ta.ts:1,3.3,125 lines read
server/src/blockchain/node_modules/zod/src/v4/locales/th.ts,CLEAN,server/src/blockchain/node_modules/zod/src/v4/locales/th.ts:1,3.3,126 lines read
server/src/blockchain/node_modules/zod/src/v4/locales/tr.ts,CLEAN,server/src/blockchain/node_modules/zod/src/v4/locales/tr.ts:1,3.3,121 lines read
server/src/blockchain/node_modules/zod/src/v4/locales/ua.ts,CLEAN,server/src/blockchain/node_modules/zod/src/v4/locales/ua.ts:1,3.3,126 lines read
server/src/blockchain/node_modules/zod/src/v4/locales/ur.ts,CLEAN,server/src/blockchain/node_modules/zod/src/v4/locales/ur.ts:1,3.3,126 lines read
server/src/blockchain/node_modules/zod/src/v4/locales/vi.ts,CLEAN,server/src/blockchain/node_modules/zod/src/v4/locales/vi.ts:1,3.3,125 lines read
server/src/blockchain/node_modules/zod/src/v4/locales/zh-CN.ts,CLEAN,server/src/blockchain/node_modules/zod/src/v4/locales/zh-CN.ts:1,3.3,123 lines read
server/src/blockchain/node_modules/zod/src/v4/locales/zh-TW.ts,CLEAN,server/src/blockchain/node_modules/zod/src/v4/locales/zh-TW.ts:1,3.3,125 lines read
server/src/blockchain/node_modules/zod/src/v4/mini/checks.ts,CLEAN,server/src/blockchain/node_modules/zod/src/v4/mini/checks.ts:1,3.3,32 lines read
server/src/blockchain/node_modules/zod/src/v4/mini/coerce.ts,CLEAN,server/src/blockchain/node_modules/zod/src/v4/mini/coerce.ts:1,3.3,22 lines read
server/src/blockchain/node_modules/zod/src/v4/mini/external.ts,CLEAN,server/src/blockchain/node_modules/zod/src/v4/mini/external.ts:1,3.3,40 lines read
server/src/blockchain/node_modules/zod/src/v4/mini/index.ts,CLEAN,server/src/blockchain/node_modules/zod/src/v4/mini/index.ts:1,3.3,3 lines read
server/src/blockchain/node_modules/zod/src/v4/mini/iso.ts,CLEAN,server/src/blockchain/node_modules/zod/src/v4/mini/iso.ts:1,3.3,62 lines read
server/src/blockchain/node_modules/zod/src/v4/mini/parse.ts,CLEAN,server/src/blockchain/node_modules/zod/src/v4/mini/parse.ts:1,3.3,1 lines read
server/src/blockchain/node_modules/zod/src/v4/mini/schemas.ts,GAP_FOUND,server/src/blockchain/node_modules/zod/src/v4/mini/schemas.ts:1,3.3,throw new Error@43
server/src/blockchain/node_modules/zod/src/v4/mini/tests/assignability.test.ts,CLEAN,server/src/blockchain/node_modules/zod/src/v4/mini/tests/assignability.test.ts:1,3.3,129 lines read
server/src/blockchain/node_modules/zod/src/v4/mini/tests/brand.test.ts,CLEAN,server/src/blockchain/node_modules/zod/src/v4/mini/tests/brand.test.ts:1,3.3,51 lines read
server/src/blockchain/node_modules/zod/src/v4/mini/tests/checks.test.ts,CLEAN,server/src/blockchain/node_modules/zod/src/v4/mini/tests/checks.test.ts:1,3.3,144 lines read
server/src/blockchain/node_modules/zod/src/v4/mini/tests/computed.test.ts,CLEAN,server/src/blockchain/node_modules/zod/src/v4/mini/tests/computed.test.ts:1,3.3,36 lines read
server/src/blockchain/node_modules/zod/src/v4/mini/tests/error.test.ts,CLEAN,server/src/blockchain/node_modules/zod/src/v4/mini/tests/error.test.ts:1,3.3,22 lines read
server/src/blockchain/node_modules/zod/src/v4/mini/tests/functions.test.ts,CLEAN,server/src/blockchain/node_modules/zod/src/v4/mini/tests/functions.test.ts:1,3.3,43 lines read
server/src/blockchain/node_modules/zod/src/v4/mini/tests/index.test.ts,CLEAN,server/src/blockchain/node_modules/zod/src/v4/mini/tests/index.test.ts:1,3.3,871 lines read
server/src/blockchain/node_modules/zod/src/v4/mini/tests/number.test.ts,CLEAN,server/src/blockchain/node_modules/zod/src/v4/mini/tests/number.test.ts:1,3.3,95 lines read
server/src/blockchain/node_modules/zod/src/v4/mini/tests/object.test.ts,CLEAN,server/src/blockchain/node_modules/zod/src/v4/mini/tests/object.test.ts:1,3.3,185 lines read
server/src/blockchain/node_modules/zod/src/v4/mini/tests/prototypes.test.ts,CLEAN,server/src/blockchain/node_modules/zod/src/v4/mini/tests/prototypes.test.ts:1,3.3,43 lines read
server/src/blockchain/node_modules/zod/src/v4/mini/tests/recursive-types.test.ts,CLEAN,server/src/blockchain/node_modules/zod/src/v4/mini/tests/recursive-types.test.ts:1,3.3,275 lines read
server/src/blockchain/node_modules/zod/src/v4/mini/tests/string.test.ts,CLEAN,server/src/blockchain/node_modules/zod/src/v4/mini/tests/string.test.ts:1,3.3,299 lines read
server/src/blockchain/node_modules/zod/v3/ZodError.d.ts,CLEAN,server/src/blockchain/node_modules/zod/v3/ZodError.d.ts:1,3.3,164 lines read
server/src/blockchain/node_modules/zod/v3/errors.d.ts,CLEAN,server/src/blockchain/node_modules/zod/v3/errors.d.ts:1,3.3,5 lines read
server/src/blockchain/node_modules/zod/v3/external.d.ts,CLEAN,server/src/blockchain/node_modules/zod/v3/external.d.ts:1,3.3,6 lines read
server/src/blockchain/node_modules/zod/v3/helpers/enumUtil.d.ts,CLEAN,server/src/blockchain/node_modules/zod/v3/helpers/enumUtil.d.ts:1,3.3,8 lines read
server/src/blockchain/node_modules/zod/v3/helpers/errorUtil.d.ts,CLEAN,server/src/blockchain/node_modules/zod/v3/helpers/errorUtil.d.ts:1,3.3,9 lines read
server/src/blockchain/node_modules/zod/v3/helpers/parseUtil.d.ts,CLEAN,server/src/blockchain/node_modules/zod/v3/helpers/parseUtil.d.ts:1,3.3,78 lines read
server/src/blockchain/node_modules/zod/v3/helpers/partialUtil.d.ts,CLEAN,server/src/blockchain/node_modules/zod/v3/helpers/partialUtil.d.ts:1,3.3,8 lines read
server/src/blockchain/node_modules/zod/v3/helpers/typeAliases.d.ts,CLEAN,server/src/blockchain/node_modules/zod/v3/helpers/typeAliases.d.ts:1,3.3,2 lines read
server/src/blockchain/node_modules/zod/v3/helpers/util.d.ts,CLEAN,server/src/blockchain/node_modules/zod/v3/helpers/util.d.ts:1,3.3,85 lines read
server/src/blockchain/node_modules/zod/v3/index.d.ts,CLEAN,server/src/blockchain/node_modules/zod/v3/index.d.ts:1,3.3,4 lines read
server/src/blockchain/node_modules/zod/v3/locales/en.d.ts,CLEAN,server/src/blockchain/node_modules/zod/v3/locales/en.d.ts:1,3.3,3 lines read
server/src/blockchain/node_modules/zod/v3/standard-schema.d.ts,CLEAN,server/src/blockchain/node_modules/zod/v3/standard-schema.d.ts:1,3.3,102 lines read
server/src/blockchain/node_modules/zod/v3/types.d.ts,CLEAN,server/src/blockchain/node_modules/zod/v3/types.d.ts:1,3.3,1031 lines read
server/src/blockchain/node_modules/zod/v4-mini/index.d.ts,CLEAN,server/src/blockchain/node_modules/zod/v4-mini/index.d.ts:1,3.3,1 lines read
server/src/blockchain/node_modules/zod/v4/classic/checks.d.ts,CLEAN,server/src/blockchain/node_modules/zod/v4/classic/checks.d.ts:1,3.3,1 lines read
server/src/blockchain/node_modules/zod/v4/classic/coerce.d.ts,CLEAN,server/src/blockchain/node_modules/zod/v4/classic/coerce.d.ts:1,3.3,17 lines read
server/src/blockchain/node_modules/zod/v4/classic/compat.d.ts,CLEAN,server/src/blockchain/node_modules/zod/v4/classic/compat.d.ts:1,3.3,46 lines read
server/src/blockchain/node_modules/zod/v4/classic/errors.d.ts,CLEAN,server/src/blockchain/node_modules/zod/v4/classic/errors.d.ts:1,3.3,30 lines read
server/src/blockchain/node_modules/zod/v4/classic/external.d.ts,CLEAN,server/src/blockchain/node_modules/zod/v4/classic/external.d.ts:1,3.3,13 lines read
server/src/blockchain/node_modules/zod/v4/classic/index.d.ts,CLEAN,server/src/blockchain/node_modules/zod/v4/classic/index.d.ts:1,3.3,4 lines read
server/src/blockchain/node_modules/zod/v4/classic/iso.d.ts,CLEAN,server/src/blockchain/node_modules/zod/v4/classic/iso.d.ts:1,3.3,22 lines read
server/src/blockchain/node_modules/zod/v4/classic/parse.d.ts,CLEAN,server/src/blockchain/node_modules/zod/v4/classic/parse.d.ts:1,3.3,23 lines read
server/src/blockchain/node_modules/zod/v4/classic/schemas.d.ts,CLEAN,server/src/blockchain/node_modules/zod/v4/classic/schemas.d.ts:1,3.3,630 lines read
server/src/blockchain/node_modules/zod/v4/core/api.d.ts,CLEAN,server/src/blockchain/node_modules/zod/v4/core/api.d.ts:1,3.3,284 lines read
server/src/blockchain/node_modules/zod/v4/core/checks.d.ts,CLEAN,server/src/blockchain/node_modules/zod/v4/core/checks.d.ts:1,3.3,278 lines read
server/src/blockchain/node_modules/zod/v4/core/core.d.ts,CLEAN,server/src/blockchain/node_modules/zod/v4/core/core.d.ts:1,3.3,49 lines read
server/src/blockchain/node_modules/zod/v4/core/doc.d.ts,CLEAN,server/src/blockchain/node_modules/zod/v4/core/doc.d.ts:1,3.3,14 lines read
server/src/blockchain/node_modules/zod/v4/core/errors.d.ts,CLEAN,server/src/blockchain/node_modules/zod/v4/core/errors.d.ts:1,3.3,208 lines read
server/src/blockchain/node_modules/zod/v4/core/function.d.ts,CLEAN,server/src/blockchain/node_modules/zod/v4/core/function.d.ts:1,3.3,52 lines read
server/src/blockchain/node_modules/zod/v4/core/index.d.ts,CLEAN,server/src/blockchain/node_modules/zod/v4/core/index.d.ts:1,3.3,15 lines read
server/src/blockchain/node_modules/zod/v4/core/json-schema.d.ts,CLEAN,server/src/blockchain/node_modules/zod/v4/core/json-schema.d.ts:1,3.3,87 lines read
server/src/blockchain/node_modules/zod/v4/core/parse.d.ts,CLEAN,server/src/blockchain/node_modules/zod/v4/core/parse.d.ts:1,3.3,25 lines read
server/src/blockchain/node_modules/zod/v4/core/regexes.d.ts,CLEAN,server/src/blockchain/node_modules/zod/v4/core/regexes.d.ts:1,3.3,62 lines read
server/src/blockchain/node_modules/zod/v4/core/registries.d.ts,CLEAN,server/src/blockchain/node_modules/zod/v4/core/registries.d.ts:1,3.3,35 lines read
server/src/blockchain/node_modules/zod/v4/core/schemas.d.ts,CLEAN,server/src/blockchain/node_modules/zod/v4/core/schemas.d.ts:1,3.3,1041 lines read
server/src/blockchain/node_modules/zod/v4/core/standard-schema.d.ts,CLEAN,server/src/blockchain/node_modules/zod/v4/core/standard-schema.d.ts:1,3.3,55 lines read
server/src/blockchain/node_modules/zod/v4/core/to-json-schema.d.ts,CLEAN,server/src/blockchain/node_modules/zod/v4/core/to-json-schema.d.ts:1,3.3,88 lines read
server/src/blockchain/node_modules/zod/v4/core/util.d.ts,CLEAN,server/src/blockchain/node_modules/zod/v4/core/util.d.ts:1,3.3,183 lines read
server/src/blockchain/node_modules/zod/v4/core/versions.d.ts,CLEAN,server/src/blockchain/node_modules/zod/v4/core/versions.d.ts:1,3.3,5 lines read
server/src/blockchain/node_modules/zod/v4/index.d.ts,CLEAN,server/src/blockchain/node_modules/zod/v4/index.d.ts:1,3.3,3 lines read
server/src/blockchain/node_modules/zod/v4/locales/ar.d.ts,CLEAN,server/src/blockchain/node_modules/zod/v4/locales/ar.d.ts:1,3.3,4 lines read
server/src/blockchain/node_modules/zod/v4/locales/az.d.ts,CLEAN,server/src/blockchain/node_modules/zod/v4/locales/az.d.ts:1,3.3,4 lines read
server/src/blockchain/node_modules/zod/v4/locales/be.d.ts,CLEAN,server/src/blockchain/node_modules/zod/v4/locales/be.d.ts:1,3.3,4 lines read
server/src/blockchain/node_modules/zod/v4/locales/ca.d.ts,CLEAN,server/src/blockchain/node_modules/zod/v4/locales/ca.d.ts:1,3.3,4 lines read
server/src/blockchain/node_modules/zod/v4/locales/cs.d.ts,CLEAN,server/src/blockchain/node_modules/zod/v4/locales/cs.d.ts:1,3.3,4 lines read
server/src/blockchain/node_modules/zod/v4/locales/de.d.ts,CLEAN,server/src/blockchain/node_modules/zod/v4/locales/de.d.ts:1,3.3,4 lines read
server/src/blockchain/node_modules/zod/v4/locales/en.d.ts,CLEAN,server/src/blockchain/node_modules/zod/v4/locales/en.d.ts:1,3.3,5 lines read
server/src/blockchain/node_modules/zod/v4/locales/eo.d.ts,CLEAN,server/src/blockchain/node_modules/zod/v4/locales/eo.d.ts:1,3.3,5 lines read
server/src/blockchain/node_modules/zod/v4/locales/es.d.ts,CLEAN,server/src/blockchain/node_modules/zod/v4/locales/es.d.ts:1,3.3,4 lines read
server/src/blockchain/node_modules/zod/v4/locales/fa.d.ts,CLEAN,server/src/blockchain/node_modules/zod/v4/locales/fa.d.ts:1,3.3,4 lines read
server/src/blockchain/node_modules/zod/v4/locales/fi.d.ts,CLEAN,server/src/blockchain/node_modules/zod/v4/locales/fi.d.ts:1,3.3,4 lines read
server/src/blockchain/node_modules/zod/v4/locales/fr-CA.d.ts,CLEAN,server/src/blockchain/node_modules/zod/v4/locales/fr-CA.d.ts:1,3.3,4 lines read
server/src/blockchain/node_modules/zod/v4/locales/fr.d.ts,CLEAN,server/src/blockchain/node_modules/zod/v4/locales/fr.d.ts:1,3.3,4 lines read
server/src/blockchain/node_modules/zod/v4/locales/he.d.ts,CLEAN,server/src/blockchain/node_modules/zod/v4/locales/he.d.ts:1,3.3,4 lines read
server/src/blockchain/node_modules/zod/v4/locales/hu.d.ts,CLEAN,server/src/blockchain/node_modules/zod/v4/locales/hu.d.ts:1,3.3,4 lines read
server/src/blockchain/node_modules/zod/v4/locales/id.d.ts,CLEAN,server/src/blockchain/node_modules/zod/v4/locales/id.d.ts:1,3.3,4 lines read
server/src/blockchain/node_modules/zod/v4/locales/index.d.ts,CLEAN,server/src/blockchain/node_modules/zod/v4/locales/index.d.ts:1,3.3,39 lines read
server/src/blockchain/node_modules/zod/v4/locales/it.d.ts,CLEAN,server/src/blockchain/node_modules/zod/v4/locales/it.d.ts:1,3.3,4 lines read
server/src/blockchain/node_modules/zod/v4/locales/ja.d.ts,CLEAN,server/src/blockchain/node_modules/zod/v4/locales/ja.d.ts:1,3.3,4 lines read
server/src/blockchain/node_modules/zod/v4/locales/kh.d.ts,CLEAN,server/src/blockchain/node_modules/zod/v4/locales/kh.d.ts:1,3.3,4 lines read
server/src/blockchain/node_modules/zod/v4/locales/ko.d.ts,CLEAN,server/src/blockchain/node_modules/zod/v4/locales/ko.d.ts:1,3.3,4 lines read
server/src/blockchain/node_modules/zod/v4/locales/mk.d.ts,CLEAN,server/src/blockchain/node_modules/zod/v4/locales/mk.d.ts:1,3.3,4 lines read
server/src/blockchain/node_modules/zod/v4/locales/ms.d.ts,CLEAN,server/src/blockchain/node_modules/zod/v4/locales/ms.d.ts:1,3.3,4 lines read
server/src/blockchain/node_modules/zod/v4/locales/nl.d.ts,CLEAN,server/src/blockchain/node_modules/zod/v4/locales/nl.d.ts:1,3.3,4 lines read
server/src/blockchain/node_modules/zod/v4/locales/no.d.ts,CLEAN,server/src/blockchain/node_modules/zod/v4/locales/no.d.ts:1,3.3,4 lines read
server/src/blockchain/node_modules/zod/v4/locales/ota.d.ts,CLEAN,server/src/blockchain/node_modules/zod/v4/locales/ota.d.ts:1,3.3,4 lines read
server/src/blockchain/node_modules/zod/v4/locales/pl.d.ts,CLEAN,server/src/blockchain/node_modules/zod/v4/locales/pl.d.ts:1,3.3,4 lines read
server/src/blockchain/node_modules/zod/v4/locales/ps.d.ts,CLEAN,server/src/blockchain/node_modules/zod/v4/locales/ps.d.ts:1,3.3,4 lines read
server/src/blockchain/node_modules/zod/v4/locales/pt.d.ts,CLEAN,server/src/blockchain/node_modules/zod/v4/locales/pt.d.ts:1,3.3,4 lines read
server/src/blockchain/node_modules/zod/v4/locales/ru.d.ts,CLEAN,server/src/blockchain/node_modules/zod/v4/locales/ru.d.ts:1,3.3,4 lines read
server/src/blockchain/node_modules/zod/v4/locales/sl.d.ts,CLEAN,server/src/blockchain/node_modules/zod/v4/locales/sl.d.ts:1,3.3,4 lines read
server/src/blockchain/node_modules/zod/v4/locales/sv.d.ts,CLEAN,server/src/blockchain/node_modules/zod/v4/locales/sv.d.ts:1,3.3,4 lines read
server/src/blockchain/node_modules/zod/v4/locales/ta.d.ts,CLEAN,server/src/blockchain/node_modules/zod/v4/locales/ta.d.ts:1,3.3,4 lines read
server/src/blockchain/node_modules/zod/v4/locales/th.d.ts,CLEAN,server/src/blockchain/node_modules/zod/v4/locales/th.d.ts:1,3.3,4 lines read
server/src/blockchain/node_modules/zod/v4/locales/tr.d.ts,CLEAN,server/src/blockchain/node_modules/zod/v4/locales/tr.d.ts:1,3.3,5 lines read
server/src/blockchain/node_modules/zod/v4/locales/ua.d.ts,CLEAN,server/src/blockchain/node_modules/zod/v4/locales/ua.d.ts:1,3.3,4 lines read
server/src/blockchain/node_modules/zod/v4/locales/ur.d.ts,CLEAN,server/src/blockchain/node_modules/zod/v4/locales/ur.d.ts:1,3.3,4 lines read
server/src/blockchain/node_modules/zod/v4/locales/vi.d.ts,CLEAN,server/src/blockchain/node_modules/zod/v4/locales/vi.d.ts:1,3.3,4 lines read
server/src/blockchain/node_modules/zod/v4/locales/zh-CN.d.ts,CLEAN,server/src/blockchain/node_modules/zod/v4/locales/zh-CN.d.ts:1,3.3,4 lines read
server/src/blockchain/node_modules/zod/v4/locales/zh-TW.d.ts,CLEAN,server/src/blockchain/node_modules/zod/v4/locales/zh-TW.d.ts:1,3.3,4 lines read
server/src/blockchain/node_modules/zod/v4/mini/checks.d.ts,CLEAN,server/src/blockchain/node_modules/zod/v4/mini/checks.d.ts:1,3.3,1 lines read
server/src/blockchain/node_modules/zod/v4/mini/coerce.d.ts,CLEAN,server/src/blockchain/node_modules/zod/v4/mini/coerce.d.ts:1,3.3,7 lines read
server/src/blockchain/node_modules/zod/v4/mini/external.d.ts,CLEAN,server/src/blockchain/node_modules/zod/v4/mini/external.d.ts:1,3.3,11 lines read
server/src/blockchain/node_modules/zod/v4/mini/index.d.ts,CLEAN,server/src/blockchain/node_modules/zod/v4/mini/index.d.ts:1,3.3,3 lines read
server/src/blockchain/node_modules/zod/v4/mini/iso.d.ts,CLEAN,server/src/blockchain/node_modules/zod/v4/mini/iso.d.ts:1,3.3,22 lines read
server/src/blockchain/node_modules/zod/v4/mini/parse.d.ts,CLEAN,server/src/blockchain/node_modules/zod/v4/mini/parse.d.ts:1,3.3,1 lines read
server/src/blockchain/node_modules/zod/v4/mini/schemas.d.ts,CLEAN,server/src/blockchain/node_modules/zod/v4/mini/schemas.d.ts:1,3.3,356 lines read
server/src/blockchain/scripts/contractInteraction.ts,GAP_FOUND,server/src/blockchain/scripts/contractInteraction.ts:1,3.3,throw new Error@165; throw new Error@212; console@271; console@309; throw new Error@824
server/src/blockchain/scripts/deploy.ts,GAP_FOUND,server/src/blockchain/scripts/deploy.ts:1,3.3,throw new Error@132; console@170; console@179; console@183; console@184
server/src/config/database.ts,CLEAN,server/src/config/database.ts:1,3.3,191 lines read
server/src/config/elasticsearch.ts,CLEAN,server/src/config/elasticsearch.ts:1,3.3,138 lines read
server/src/config/features.ts,CLEAN,server/src/config/features.ts:1,3.3,700 lines read
server/src/config/index.ts,GAP_FOUND,server/src/config/index.ts:1,3.3,throw new Error@319
server/src/config/logger.ts,CLEAN,server/src/config/logger.ts:1,3.3,111 lines read
server/src/config/monitoring.ts,CLEAN,server/src/config/monitoring.ts:1,3.3,309 lines read
server/src/config/performanceMonitoring.ts,CLEAN,server/src/config/performanceMonitoring.ts:1,3.3,314 lines read
server/src/config/regions/multiRegionConfig.ts,CLEAN,server/src/config/regions/multiRegionConfig.ts:1,3.3,592 lines read
server/src/config/swagger-paths.ts,CLEAN,server/src/config/swagger-paths.ts:1,3.3,1496 lines read
server/src/config/swagger.ts,CLEAN,server/src/config/swagger.ts:1,3.3,318 lines read
server/src/config/tiers.ts,CLEAN,server/src/config/tiers.ts:1,3.3,1075 lines read
server/src/controllers/acosController.ts,CLEAN,server/src/controllers/acosController.ts:1,3.2,controller 3191 lines
server/src/controllers/aiController.ts,CLEAN,server/src/controllers/aiController.ts:1,3.2,controller 432 lines
server/src/controllers/aiRmfController.ts,CLEAN,server/src/controllers/aiRmfController.ts:1,3.2,controller 471 lines
server/src/controllers/auditController.ts,CLEAN,server/src/controllers/auditController.ts:1,3.2,controller 250 lines
server/src/controllers/authController.ts,CLEAN,server/src/controllers/authController.ts:1,3.2,controller 1368 lines
server/src/controllers/billingController.ts,CLEAN,server/src/controllers/billingController.ts:1,3.2,controller 825 lines
server/src/controllers/controlMappingsController.ts,CLEAN,server/src/controllers/controlMappingsController.ts:1,3.2,controller 365 lines
server/src/controllers/demoController.ts,CLEAN,server/src/controllers/demoController.ts:1,3.2,controller 875 lines
server/src/controllers/euRegulationsController.ts,CLEAN,server/src/controllers/euRegulationsController.ts:1,3.2,controller 398 lines
server/src/controllers/evidenceVersioningController.ts,CLEAN,server/src/controllers/evidenceVersioningController.ts:1,3.2,controller 301 lines
server/src/controllers/featureModulesController.ts,CLEAN,server/src/controllers/featureModulesController.ts:1,3.2,controller 1421 lines
server/src/controllers/frameworksController.ts,CLEAN,server/src/controllers/frameworksController.ts:1,3.2,controller 1329 lines
server/src/controllers/integrationsController.ts,CLEAN,server/src/controllers/integrationsController.ts:1,3.2,controller 1981 lines
server/src/controllers/onboardingController.ts,CLEAN,server/src/controllers/onboardingController.ts:1,3.2,controller 506 lines
server/src/controllers/organizationController.ts,CLEAN,server/src/controllers/organizationController.ts:1,3.2,controller 106 lines
server/src/controllers/risksController.ts,CLEAN,server/src/controllers/risksController.ts:1,3.2,controller 615 lines
server/src/controllers/securityController.ts,CLEAN,server/src/controllers/securityController.ts:1,3.2,controller 1363 lines
server/src/controllers/twoFactorController.ts,CLEAN,server/src/controllers/twoFactorController.ts:1,3.2,controller 213 lines
server/src/controllers/webhookController.ts,CLEAN,server/src/controllers/webhookController.ts:1,3.2,controller 664 lines
server/src/data/frameworks/additionalStatePrivacyControls.ts,CLEAN,server/src/data/frameworks/additionalStatePrivacyControls.ts:1,3.3,273 lines read
server/src/data/frameworks/appiControls.ts,CLEAN,server/src/data/frameworks/appiControls.ts:1,3.3,590 lines read
server/src/data/frameworks/automotiveIoTControls.ts,CLEAN,server/src/data/frameworks/automotiveIoTControls.ts:1,3.3,308 lines read
server/src/data/frameworks/californiaAiTransparencyControls.ts,CLEAN,server/src/data/frameworks/californiaAiTransparencyControls.ts:1,3.3,259 lines read
server/src/data/frameworks/ccpaControls.ts,CLEAN,server/src/data/frameworks/ccpaControls.ts:1,3.3,2949 lines read
server/src/data/frameworks/cfr42Part2Controls.ts,CLEAN,server/src/data/frameworks/cfr42Part2Controls.ts:1,3.3,486 lines read
server/src/data/frameworks/cisControls.ts,CLEAN,server/src/data/frameworks/cisControls.ts:1,3.3,2685 lines read
server/src/data/frameworks/cjisControls.ts,CLEAN,server/src/data/frameworks/cjisControls.ts:1,3.3,293 lines read
server/src/data/frameworks/cloudTechControls.ts,CLEAN,server/src/data/frameworks/cloudTechControls.ts:1,3.3,530 lines read
server/src/data/frameworks/cmmc2FinalControls.ts,CLEAN,server/src/data/frameworks/cmmc2FinalControls.ts:1,3.3,201 lines read
server/src/data/frameworks/cmmcControls.ts,CLEAN,server/src/data/frameworks/cmmcControls.ts:1,3.3,3584 lines read
server/src/data/frameworks/cobitControls.ts,CLEAN,server/src/data/frameworks/cobitControls.ts:1,3.3,820 lines read
server/src/data/frameworks/coloradoAiActControls.ts,CLEAN,server/src/data/frameworks/coloradoAiActControls.ts:1,3.3,254 lines read
server/src/data/frameworks/controlCrosswalk.ts,CLEAN,server/src/data/frameworks/controlCrosswalk.ts:1,3.3,837 lines read
server/src/data/frameworks/coppaControls.ts,CLEAN,server/src/data/frameworks/coppaControls.ts:1,3.3,181 lines read
server/src/data/frameworks/csaCcmControls.ts,CLEAN,server/src/data/frameworks/csaCcmControls.ts:1,3.3,1747 lines read
server/src/data/frameworks/csrdControls.ts,CLEAN,server/src/data/frameworks/csrdControls.ts:1,3.3,501 lines read
server/src/data/frameworks/dataActControls.ts,CLEAN,server/src/data/frameworks/dataActControls.ts:1,3.3,401 lines read
server/src/data/frameworks/dataGovernanceActControls.ts,CLEAN,server/src/data/frameworks/dataGovernanceActControls.ts:1,3.3,337 lines read
server/src/data/frameworks/dmaControls.ts,CLEAN,server/src/data/frameworks/dmaControls.ts:1,3.3,354 lines read
server/src/data/frameworks/doraControls.ts,CLEAN,server/src/data/frameworks/doraControls.ts:1,3.3,1161 lines read
server/src/data/frameworks/dsaControls.ts,CLEAN,server/src/data/frameworks/dsaControls.ts:1,3.3,475 lines read
server/src/data/frameworks/ecodesignControls.ts,CLEAN,server/src/data/frameworks/ecodesignControls.ts:1,3.3,439 lines read
server/src/data/frameworks/euAiActControls.ts,CLEAN,server/src/data/frameworks/euAiActControls.ts:1,3.3,1379 lines read
server/src/data/frameworks/euCraControls.ts,CLEAN,server/src/data/frameworks/euCraControls.ts:1,3.3,417 lines read
server/src/data/frameworks/euRegulationsControls.ts,CLEAN,server/src/data/frameworks/euRegulationsControls.ts:1,3.3,361 lines read
server/src/data/frameworks/fda21cfrPart11Controls.ts,CLEAN,server/src/data/frameworks/fda21cfrPart11Controls.ts:1,3.3,580 lines read
server/src/data/frameworks/fedRampControls.ts,CLEAN,server/src/data/frameworks/fedRampControls.ts:1,3.3,10336 lines read
server/src/data/frameworks/ferpaControls.ts,CLEAN,server/src/data/frameworks/ferpaControls.ts:1,3.3,167 lines read
server/src/data/frameworks/financialControls.ts,CLEAN,server/src/data/frameworks/financialControls.ts:1,3.3,1031 lines read
server/src/data/frameworks/fismaControls.ts,CLEAN,server/src/data/frameworks/fismaControls.ts:1,3.3,898 lines read
server/src/data/frameworks/gdprControls.ts,CLEAN,server/src/data/frameworks/gdprControls.ts:1,3.3,5399 lines read
server/src/data/frameworks/glbaControls.ts,CLEAN,server/src/data/frameworks/glbaControls.ts:1,3.3,612 lines read
server/src/data/frameworks/governmentDefenseControls.ts,CLEAN,server/src/data/frameworks/governmentDefenseControls.ts:1,3.3,307 lines read
server/src/data/frameworks/healthcareControls.ts,CLEAN,server/src/data/frameworks/healthcareControls.ts:1,3.3,457 lines read
server/src/data/frameworks/hipaaControls.ts,CLEAN,server/src/data/frameworks/hipaaControls.ts:1,3.3,294 lines read
server/src/data/frameworks/hipaaSecurityNprmControls.ts,CLEAN,server/src/data/frameworks/hipaaSecurityNprmControls.ts:1,3.3,274 lines read
server/src/data/frameworks/hitechControls.ts,CLEAN,server/src/data/frameworks/hitechControls.ts:1,3.3,508 lines read
server/src/data/frameworks/hitrustControls.ts,CLEAN,server/src/data/frameworks/hitrustControls.ts:1,3.3,5365 lines read
server/src/data/frameworks/iec62443Controls.ts,CLEAN,server/src/data/frameworks/iec62443Controls.ts:1,3.3,770 lines read
server/src/data/frameworks/industrialControls.ts,CLEAN,server/src/data/frameworks/industrialControls.ts:1,3.3,228 lines read
server/src/data/frameworks/internationalPrivacyControls.ts,CLEAN,server/src/data/frameworks/internationalPrivacyControls.ts:1,3.3,351 lines read
server/src/data/frameworks/iso13485Controls.ts,CLEAN,server/src/data/frameworks/iso13485Controls.ts:1,3.3,740 lines read
server/src/data/frameworks/iso14001Controls.ts,CLEAN,server/src/data/frameworks/iso14001Controls.ts:1,3.3,541 lines read
server/src/data/frameworks/iso21434Controls.ts,CLEAN,server/src/data/frameworks/iso21434Controls.ts:1,3.3,666 lines read
server/src/data/frameworks/iso22301Controls.ts,CLEAN,server/src/data/frameworks/iso22301Controls.ts:1,3.3,725 lines read
server/src/data/frameworks/iso23894Controls.ts,CLEAN,server/src/data/frameworks/iso23894Controls.ts:1,3.3,317 lines read
server/src/data/frameworks/iso27001Amd1Controls.ts,CLEAN,server/src/data/frameworks/iso27001Amd1Controls.ts:1,3.3,126 lines read
server/src/data/frameworks/iso27001Controls.ts,CLEAN,server/src/data/frameworks/iso27001Controls.ts:1,3.3,2019 lines read
server/src/data/frameworks/iso27017Controls.ts,CLEAN,server/src/data/frameworks/iso27017Controls.ts:1,3.3,982 lines read
server/src/data/frameworks/iso27018Controls.ts,CLEAN,server/src/data/frameworks/iso27018Controls.ts:1,3.3,832 lines read
server/src/data/frameworks/iso27701Controls.ts,CLEAN,server/src/data/frameworks/iso27701Controls.ts:1,3.3,1473 lines read
server/src/data/frameworks/iso27799Controls.ts,CLEAN,server/src/data/frameworks/iso27799Controls.ts:1,3.3,634 lines read
server/src/data/frameworks/iso38507Controls.ts,CLEAN,server/src/data/frameworks/iso38507Controls.ts:1,3.3,277 lines read
server/src/data/frameworks/iso45001Controls.ts,CLEAN,server/src/data/frameworks/iso45001Controls.ts:1,3.3,301 lines read
server/src/data/frameworks/iso5338Controls.ts,CLEAN,server/src/data/frameworks/iso5338Controls.ts:1,3.3,325 lines read
server/src/data/frameworks/iso9001Controls.ts,CLEAN,server/src/data/frameworks/iso9001Controls.ts:1,3.3,581 lines read
server/src/data/frameworks/isoAdditionalControls.ts,CLEAN,server/src/data/frameworks/isoAdditionalControls.ts:1,3.3,1117 lines read
server/src/data/frameworks/koreaAiBasicActControls.ts,CLEAN,server/src/data/frameworks/koreaAiBasicActControls.ts:1,3.3,292 lines read
server/src/data/frameworks/lgpdControls.ts,CLEAN,server/src/data/frameworks/lgpdControls.ts:1,3.3,528 lines read
server/src/data/frameworks/moreStatePrivacyControls.ts,CLEAN,server/src/data/frameworks/moreStatePrivacyControls.ts:1,3.3,878 lines read
server/src/data/frameworks/nerc_cipControls.ts,CLEAN,server/src/data/frameworks/nerc_cipControls.ts:1,3.3,754 lines read
server/src/data/frameworks/nis2Controls.ts,CLEAN,server/src/data/frameworks/nis2Controls.ts:1,3.3,951 lines read
server/src/data/frameworks/nist800171Controls.ts,CLEAN,server/src/data/frameworks/nist800171Controls.ts:1,3.3,2497 lines read
server/src/data/frameworks/nist80053Controls.ts,CLEAN,server/src/data/frameworks/nist80053Controls.ts:1,3.3,1076 lines read
server/src/data/frameworks/nist80063Controls.ts,CLEAN,server/src/data/frameworks/nist80063Controls.ts:1,3.3,643 lines read
server/src/data/frameworks/nist80066Controls.ts,CLEAN,server/src/data/frameworks/nist80066Controls.ts:1,3.3,904 lines read
server/src/data/frameworks/nist80082Controls.ts,CLEAN,server/src/data/frameworks/nist80082Controls.ts:1,3.3,608 lines read
server/src/data/frameworks/nistAi600Controls.ts,CLEAN,server/src/data/frameworks/nistAi600Controls.ts:1,3.3,336 lines read
server/src/data/frameworks/nistCsfControls.ts,CLEAN,server/src/data/frameworks/nistCsfControls.ts:1,3.3,2918 lines read
server/src/data/frameworks/nistSecurityControls.ts,CLEAN,server/src/data/frameworks/nistSecurityControls.ts:1,3.3,365 lines read
server/src/data/frameworks/nydfsAmd2Controls.ts,CLEAN,server/src/data/frameworks/nydfsAmd2Controls.ts:1,3.3,204 lines read
server/src/data/frameworks/nydfsControls.ts,CLEAN,server/src/data/frameworks/nydfsControls.ts:1,3.3,263 lines read
server/src/data/frameworks/owaspControls.ts,CLEAN,server/src/data/frameworks/owaspControls.ts:1,3.3,378 lines read
server/src/data/frameworks/pciDssControls.ts,CLEAN,server/src/data/frameworks/pciDssControls.ts:1,3.3,5629 lines read
server/src/data/frameworks/pcidss4Controls.ts,CLEAN,server/src/data/frameworks/pcidss4Controls.ts:1,3.3,714 lines read
server/src/data/frameworks/pdpaControls.ts,CLEAN,server/src/data/frameworks/pdpaControls.ts:1,3.3,492 lines read
server/src/data/frameworks/pipedaControls.ts,CLEAN,server/src/data/frameworks/pipedaControls.ts:1,3.3,752 lines read
server/src/data/frameworks/popiaControls.ts,CLEAN,server/src/data/frameworks/popiaControls.ts:1,3.3,654 lines read
server/src/data/frameworks/qualityFrameworkControls.ts,CLEAN,server/src/data/frameworks/qualityFrameworkControls.ts:1,3.3,292 lines read
server/src/data/frameworks/soc1Controls.ts,CLEAN,server/src/data/frameworks/soc1Controls.ts:1,3.3,712 lines read
server/src/data/frameworks/soc2Controls.ts,CLEAN,server/src/data/frameworks/soc2Controls.ts:1,3.3,2838 lines read
server/src/data/frameworks/soc2PlusControls.ts,CLEAN,server/src/data/frameworks/soc2PlusControls.ts:1,3.3,444 lines read
server/src/data/frameworks/soxControls.ts,CLEAN,server/src/data/frameworks/soxControls.ts:1,3.3,3873 lines read
server/src/data/frameworks/statePrivacyControls.ts,CLEAN,server/src/data/frameworks/statePrivacyControls.ts:1,3.3,1173 lines read
server/src/data/frameworks/tisaxControls.ts,CLEAN,server/src/data/frameworks/tisaxControls.ts:1,3.3,839 lines read
server/src/data/frameworks/traigaControls.ts,CLEAN,server/src/data/frameworks/traigaControls.ts:1,3.3,299 lines read
server/src/data/nistAiRmfData.ts,CLEAN,server/src/data/nistAiRmfData.ts:1,3.3,668 lines read
server/src/data/questionnaireTemplates.ts,CLEAN,server/src/data/questionnaireTemplates.ts:1,3.3,202 lines read
server/src/examples/newPagesExamples.ts,GAP_FOUND,server/src/examples/newPagesExamples.ts:1,3.3,throw new Error@295
server/src/generated/prisma/client/client.d.ts,CLEAN,server/src/generated/prisma/client/client.d.ts:1,3.3,1 lines read
server/src/generated/prisma/client/default.d.ts,CLEAN,server/src/generated/prisma/client/default.d.ts:1,3.3,1 lines read
server/src/generated/prisma/client/edge.d.ts,CLEAN,server/src/generated/prisma/client/edge.d.ts:1,3.3,1 lines read
server/src/generated/prisma/client/index.d.ts,CLEAN,server/src/generated/prisma/client/index.d.ts:1,3.3,732077 lines read
server/src/generated/prisma/client/runtime/client.d.ts,CLEAN,server/src/generated/prisma/client/runtime/client.d.ts:1,3.3,3386 lines read
server/src/generated/prisma/client/runtime/index-browser.d.ts,CLEAN,server/src/generated/prisma/client/runtime/index-browser.d.ts:1,3.3,90 lines read
server/src/graphql/index.ts,CLEAN,server/src/graphql/index.ts:1,3.3,395 lines read
server/src/graphql/resolvers/index.ts,GAP_FOUND,server/src/graphql/resolvers/index.ts:1,3.3,throw new Error@28; throw new Error@316; throw new Error@324; throw new Error@354; throw new Error@367
server/src/graphql/schemas/typeDefs.ts,CLEAN,server/src/graphql/schemas/typeDefs.ts:1,3.3,678 lines read
server/src/index.ts,CLEAN,server/src/index.ts:1,3.3,954 lines read
server/src/jobs/azureSyncJob.ts,GAP_FOUND,server/src/jobs/azureSyncJob.ts:1,3.3,throw new Error@177
server/src/middleware/apiVersioning.ts,CLEAN,server/src/middleware/apiVersioning.ts:1,3.3,229 lines read
server/src/middleware/auth.ts,CLEAN,server/src/middleware/auth.ts:1,3.3,221 lines read
server/src/middleware/correlationId.ts,CLEAN,server/src/middleware/correlationId.ts:1,3.3,92 lines read
server/src/middleware/csrf.ts,CLEAN,server/src/middleware/csrf.ts:1,3.3,388 lines read
server/src/middleware/errorHandler.ts,CLEAN,server/src/middleware/errorHandler.ts:1,3.3,138 lines read
server/src/middleware/monitoring.ts,CLEAN,server/src/middleware/monitoring.ts:1,3.3,175 lines read
server/src/middleware/paginationMiddleware.ts,CLEAN,server/src/middleware/paginationMiddleware.ts:1,3.3,285 lines read
server/src/middleware/rateLimiter.ts,CLEAN,server/src/middleware/rateLimiter.ts:1,3.3,116 lines read
server/src/middleware/standardResponse.ts,CLEAN,server/src/middleware/standardResponse.ts:1,3.3,421 lines read
server/src/middleware/tierMiddleware.ts,CLEAN,server/src/middleware/tierMiddleware.ts:1,3.3,469 lines read
server/src/middleware/validate.ts,CLEAN,server/src/middleware/validate.ts:1,3.3,108 lines read
server/src/routes/acos.ts,CLEAN,server/src/routes/acos.ts:1,3.3,293 lines read
server/src/routes/ai.ts,CLEAN,server/src/routes/ai.ts:1,3.3,60 lines read
server/src/routes/aiRmf.ts,CLEAN,server/src/routes/aiRmf.ts:1,3.3,86 lines read
server/src/routes/anonymization.ts,CLEAN,server/src/routes/anonymization.ts:1,3.3,65 lines read
server/src/routes/assets.ts,CLEAN,server/src/routes/assets.ts:1,3.3,325 lines read
server/src/routes/audit.ts,CLEAN,server/src/routes/audit.ts:1,3.3,25 lines read
server/src/routes/auditPrep.ts,CLEAN,server/src/routes/auditPrep.ts:1,3.3,827 lines read
server/src/routes/auditor.ts,CLEAN,server/src/routes/auditor.ts:1,3.3,364 lines read
server/src/routes/auth.ts,CLEAN,server/src/routes/auth.ts:1,3.3,35 lines read
server/src/routes/bia.ts,CLEAN,server/src/routes/bia.ts:1,3.3,504 lines read
server/src/routes/billing.ts,CLEAN,server/src/routes/billing.ts:1,3.3,197 lines read
server/src/routes/branding.ts,CLEAN,server/src/routes/branding.ts:1,3.3,323 lines read
server/src/routes/bulk.ts,CLEAN,server/src/routes/bulk.ts:1,3.3,435 lines read
server/src/routes/calendar.ts,CLEAN,server/src/routes/calendar.ts:1,3.3,365 lines read
server/src/routes/certifications.ts,CLEAN,server/src/routes/certifications.ts:1,3.3,412 lines read
server/src/routes/cicdGates.ts,CLEAN,server/src/routes/cicdGates.ts:1,3.3,504 lines read
server/src/routes/compliance.ts,CLEAN,server/src/routes/compliance.ts:1,3.3,88 lines read
server/src/routes/controlEffectiveness.ts,CLEAN,server/src/routes/controlEffectiveness.ts:1,3.3,440 lines read
server/src/routes/controlMappings.ts,CLEAN,server/src/routes/controlMappings.ts:1,3.3,19 lines read
server/src/routes/controlTesting.ts,CLEAN,server/src/routes/controlTesting.ts:1,3.3,519 lines read
server/src/routes/cookieConsent.ts,CLEAN,server/src/routes/cookieConsent.ts:1,3.3,466 lines read
server/src/routes/costs.ts,CLEAN,server/src/routes/costs.ts:1,3.3,452 lines read
server/src/routes/dashboards.ts,CLEAN,server/src/routes/dashboards.ts:1,3.3,616 lines read
server/src/routes/demo.ts,CLEAN,server/src/routes/demo.ts:1,3.3,149 lines read
server/src/routes/dora.ts,CLEAN,server/src/routes/dora.ts:1,3.3,501 lines read
server/src/routes/dpia.ts,CLEAN,server/src/routes/dpia.ts:1,3.3,803 lines read
server/src/routes/dpo.ts,CLEAN,server/src/routes/dpo.ts:1,3.3,549 lines read
server/src/routes/enterprise.ts,CLEAN,server/src/routes/enterprise.ts:1,3.3,1047 lines read
server/src/routes/euRegulations.ts,CLEAN,server/src/routes/euRegulations.ts:1,3.3,97 lines read
server/src/routes/evidenceCollection.ts,CLEAN,server/src/routes/evidenceCollection.ts:1,3.3,371 lines read
server/src/routes/evidenceVersions.ts,CLEAN,server/src/routes/evidenceVersions.ts:1,3.3,19 lines read
server/src/routes/exceptions.ts,CLEAN,server/src/routes/exceptions.ts:1,3.3,378 lines read
server/src/routes/executive.ts,CLEAN,server/src/routes/executive.ts:1,3.3,621 lines read
server/src/routes/export.ts,CLEAN,server/src/routes/export.ts:1,3.3,270 lines read
server/src/routes/featureModules.ts,CLEAN,server/src/routes/featureModules.ts:1,3.3,255 lines read
server/src/routes/frameworks.ts,CLEAN,server/src/routes/frameworks.ts:1,3.3,229 lines read
server/src/routes/hipaa.ts,CLEAN,server/src/routes/hipaa.ts:1,3.3,221 lines read
server/src/routes/incidents.ts,CLEAN,server/src/routes/incidents.ts:1,3.3,542 lines read
server/src/routes/integrations.ts,CLEAN,server/src/routes/integrations.ts:1,3.3,350 lines read
server/src/routes/iso27001.ts,CLEAN,server/src/routes/iso27001.ts:1,3.3,200 lines read
server/src/routes/marketplace/marketplaceRoutes.ts,CLEAN,server/src/routes/marketplace/marketplaceRoutes.ts:1,3.3,643 lines read
server/src/routes/maturity.ts,CLEAN,server/src/routes/maturity.ts:1,3.3,396 lines read
server/src/routes/mdm.ts,CLEAN,server/src/routes/mdm.ts:1,3.3,278 lines read
server/src/routes/nistCsf.ts,CLEAN,server/src/routes/nistCsf.ts:1,3.3,282 lines read
server/src/routes/notifications.ts,CLEAN,server/src/routes/notifications.ts:1,3.3,344 lines read
server/src/routes/nps.ts,CLEAN,server/src/routes/nps.ts:1,3.3,165 lines read
server/src/routes/onboarding.ts,CLEAN,server/src/routes/onboarding.ts:1,3.3,121 lines read
server/src/routes/organization.ts,CLEAN,server/src/routes/organization.ts:1,3.3,20 lines read
server/src/routes/pciDss.ts,CLEAN,server/src/routes/pciDss.ts:1,3.3,346 lines read
server/src/routes/personnel.ts,CLEAN,server/src/routes/personnel.ts:1,3.3,166 lines read
server/src/routes/privacy.ts,CLEAN,server/src/routes/privacy.ts:1,3.3,2482 lines read
server/src/routes/realTimeCompliance.ts,CLEAN,server/src/routes/realTimeCompliance.ts:1,3.3,114 lines read
server/src/routes/regulatoryChanges.ts,CLEAN,server/src/routes/regulatoryChanges.ts:1,3.3,527 lines read
server/src/routes/reports.ts,CLEAN,server/src/routes/reports.ts:1,3.3,646 lines read
server/src/routes/risks.ts,CLEAN,server/src/routes/risks.ts:1,3.3,475 lines read
server/src/routes/roles.ts,CLEAN,server/src/routes/roles.ts:1,3.3,539 lines read
server/src/routes/ropa.ts,CLEAN,server/src/routes/ropa.ts:1,3.3,504 lines read
server/src/routes/scim.ts,CLEAN,server/src/routes/scim.ts:1,3.3,805 lines read
server/src/routes/search.ts,CLEAN,server/src/routes/search.ts:1,3.3,497 lines read
server/src/routes/security.ts,CLEAN,server/src/routes/security.ts:1,3.3,98 lines read
server/src/routes/securityTraining.ts,CLEAN,server/src/routes/securityTraining.ts:1,3.3,673 lines read
server/src/routes/soc2.ts,CLEAN,server/src/routes/soc2.ts:1,3.3,343 lines read
server/src/routes/sod.ts,CLEAN,server/src/routes/sod.ts:1,3.3,274 lines read
server/src/routes/sox.ts,CLEAN,server/src/routes/sox.ts:1,3.3,267 lines read
server/src/routes/sso.ts,GAP_FOUND,server/src/routes/sso.ts:1,3.3,throw new Error@62; throw new Error@74; throw new Error@82
server/src/routes/team.ts,CLEAN,server/src/routes/team.ts:1,3.3,447 lines read
server/src/routes/ticketing.ts,CLEAN,server/src/routes/ticketing.ts:1,3.3,1375 lines read
server/src/routes/twoFactor.ts,CLEAN,server/src/routes/twoFactor.ts:1,3.3,42 lines read
server/src/routes/v1/index.ts,CLEAN,server/src/routes/v1/index.ts:1,3.3,80 lines read
server/src/routes/v2/batchRoutes.ts,GAP_FOUND,server/src/routes/v2/batchRoutes.ts:1,3.3,throw new Error@134; throw new Error@200; throw new Error@268; throw new Error@333
server/src/routes/v2/index.ts,CLEAN,server/src/routes/v2/index.ts:1,3.3,28 lines read
server/src/routes/vendorMonitoring.ts,CLEAN,server/src/routes/vendorMonitoring.ts:1,3.3,503 lines read
server/src/routes/vendors.ts,CLEAN,server/src/routes/vendors.ts:1,3.3,134 lines read
server/src/routes/webhooks.ts,CLEAN,server/src/routes/webhooks.ts:1,3.3,282 lines read
server/src/routes/workflow.ts,CLEAN,server/src/routes/workflow.ts:1,3.3,542 lines read
server/src/scripts/optimize-endpoints.ts,GAP_FOUND,server/src/scripts/optimize-endpoints.ts:1,3.3,console@163
server/src/scripts/performance-test.ts,GAP_FOUND,server/src/scripts/performance-test.ts:1,3.3,console@148
server/src/services/advanced/acosService.ts,CLEAN,server/src/services/advanced/acosService.ts:1,3.1,service 2359 lines
server/src/services/advanced/agenticAIService.ts,CLEAN,server/src/services/advanced/agenticAIService.ts:1,3.1,service 1474 lines
server/src/services/advanced/bayesian/bayesianNetwork.ts,GAP_FOUND,server/src/services/advanced/bayesian/bayesianNetwork.ts:1,3.1,throw new Error@41; throw new Error@46; throw new Error@72; throw new Error@91; throw new Error@110
server/src/services/advanced/bayesian/knowledgeGraphBuilder.ts,CLEAN,server/src/services/advanced/bayesian/knowledgeGraphBuilder.ts:1,3.1,service 370 lines
server/src/services/advanced/blockchainService.ts,CLEAN,server/src/services/advanced/blockchainService.ts:1,3.1,service 2697 lines
server/src/services/advanced/byokService.ts,CLEAN,server/src/services/advanced/byokService.ts:1,3.1,service 1251 lines
server/src/services/advanced/complianceAsCodeService.ts,CLEAN,server/src/services/advanced/complianceAsCodeService.ts:1,3.1,service 1313 lines
server/src/services/advanced/complianceDigitalTwinService.ts,CLEAN,server/src/services/advanced/complianceDigitalTwinService.ts:1,3.1,service 1547 lines
server/src/services/advanced/deepfakeDetectionService.ts,CLEAN,server/src/services/advanced/deepfakeDetectionService.ts:1,3.1,service 1073 lines
server/src/services/advanced/dp/budgetLedger.ts,CLEAN,server/src/services/advanced/dp/budgetLedger.ts:1,3.1,service 159 lines
server/src/services/advanced/dp/byzantineRobust.ts,GAP_FOUND,server/src/services/advanced/dp/byzantineRobust.ts:1,3.1,throw new Error@53; throw new Error@106; throw new Error@168; throw new Error@196
server/src/services/advanced/dp/rdpAccountant.ts,GAP_FOUND,server/src/services/advanced/dp/rdpAccountant.ts:1,3.1,throw new Error@136; throw new Error@139; throw new Error@212
server/src/services/advanced/dp/scaffold.ts,GAP_FOUND,server/src/services/advanced/dp/scaffold.ts:1,3.1,throw new Error@60; throw new Error@66
server/src/services/advanced/dp/secretSharing.ts,GAP_FOUND,server/src/services/advanced/dp/secretSharing.ts:1,3.1,throw new Error@69
server/src/services/advanced/evidenceTruthLayerService.ts,CLEAN,server/src/services/advanced/evidenceTruthLayerService.ts:1,3.1,service 2702 lines
server/src/services/advanced/federatedSwarmService.ts,CLEAN,server/src/services/advanced/federatedSwarmService.ts:1,3.1,service 2894 lines
server/src/services/advanced/graphNeuralNetworkService.ts,CLEAN,server/src/services/advanced/graphNeuralNetworkService.ts:1,3.1,service 2819 lines
server/src/services/advanced/homomorphicAIService.ts,CLEAN,server/src/services/advanced/homomorphicAIService.ts:1,3.1,service 1309 lines
server/src/services/advanced/jitAccessService.ts,CLEAN,server/src/services/advanced/jitAccessService.ts:1,3.1,service 1230 lines
server/src/services/advanced/ldapPermissionService.ts,CLEAN,server/src/services/advanced/ldapPermissionService.ts:1,3.1,service 1492 lines
server/src/services/advanced/livenessDetectionService.ts,CLEAN,server/src/services/advanced/livenessDetectionService.ts:1,3.1,service 1134 lines
server/src/services/advanced/mlModelsService.ts,CLEAN,server/src/services/advanced/mlModelsService.ts:1,3.1,service 1406 lines
server/src/services/advanced/mqttService.ts,CLEAN,server/src/services/advanced/mqttService.ts:1,3.1,service 385 lines
server/src/services/advanced/multimodalIntakeService.ts,CLEAN,server/src/services/advanced/multimodalIntakeService.ts:1,3.1,service 2207 lines
server/src/services/advanced/neuroSymbolicAIService.ts,CLEAN,server/src/services/advanced/neuroSymbolicAIService.ts:1,3.1,service 1847 lines
server/src/services/advanced/physicalAIService.ts,CLEAN,server/src/services/advanced/physicalAIService.ts:1,3.1,service 3193 lines
server/src/services/advanced/redTeamService.ts,CLEAN,server/src/services/advanced/redTeamService.ts:1,3.1,service 1655 lines
server/src/services/advanced/regulatoryIntelligenceFabricService.ts,CLEAN,server/src/services/advanced/regulatoryIntelligenceFabricService.ts:1,3.1,service 3365 lines
server/src/services/advanced/swarmTaskAllocationService.ts,CLEAN,server/src/services/advanced/swarmTaskAllocationService.ts:1,3.1,service 2122 lines
server/src/services/advanced/temporalGraphNetworkService.ts,CLEAN,server/src/services/advanced/temporalGraphNetworkService.ts:1,3.1,service 1713 lines
server/src/services/advanced/vrCollaborativeReviewService.ts,CLEAN,server/src/services/advanced/vrCollaborativeReviewService.ts:1,3.1,service 3887 lines
server/src/services/advanced/webrtcSignalingService.ts,CLEAN,server/src/services/advanced/webrtcSignalingService.ts:1,3.1,service 1820 lines
server/src/services/advanced/whisperService.ts,CLEAN,server/src/services/advanced/whisperService.ts:1,3.1,service 829 lines
server/src/services/advanced/zeroKnowledgeService.ts,CLEAN,server/src/services/advanced/zeroKnowledgeService.ts:1,3.1,service 639 lines
server/src/services/advanced/zeroTrustService.ts,CLEAN,server/src/services/advanced/zeroTrustService.ts:1,3.1,service 1369 lines
server/src/services/aiRmfService.ts,CLEAN,server/src/services/aiRmfService.ts:1,3.1,service 1536 lines
server/src/services/auditorService.ts,CLEAN,server/src/services/auditorService.ts:1,3.1,service 1338 lines
server/src/services/aws/s3ClientV3.ts,CLEAN,server/src/services/aws/s3ClientV3.ts:1,3.1,service 421 lines
server/src/services/aws/secretsManagerService.ts,CLEAN,server/src/services/aws/secretsManagerService.ts:1,3.1,service 492 lines
server/src/services/cache/redisCacheService.ts,CLEAN,server/src/services/cache/redisCacheService.ts:1,3.1,service 682 lines
server/src/services/dataAnonymizationService.ts,CLEAN,server/src/services/dataAnonymizationService.ts:1,3.1,service 121 lines
server/src/services/doraService.ts,CLEAN,server/src/services/doraService.ts:1,3.1,service 2488 lines
server/src/services/emailService.ts,CLEAN,server/src/services/emailService.ts:1,3.1,service 260 lines
server/src/services/euRegulations/controlTemplatesService.ts,CLEAN,server/src/services/euRegulations/controlTemplatesService.ts:1,3.1,service 599 lines
server/src/services/euRegulations/dmaService.ts,CLEAN,server/src/services/euRegulations/dmaService.ts:1,3.1,service 549 lines
server/src/services/euRegulations/dsaService.ts,CLEAN,server/src/services/euRegulations/dsaService.ts:1,3.1,service 1117 lines
server/src/services/euRegulations/euAiActService.ts,CLEAN,server/src/services/euRegulations/euAiActService.ts:1,3.1,service 714 lines
server/src/services/euRegulations/euAiDatabaseClient.ts,CLEAN,server/src/services/euRegulations/euAiDatabaseClient.ts:1,3.1,service 109 lines
server/src/services/featureService.ts,CLEAN,server/src/services/featureService.ts:1,3.1,service 508 lines
server/src/services/frameworkTemplateService.ts,CLEAN,server/src/services/frameworkTemplateService.ts:1,3.1,service 2154 lines
server/src/services/geminiService.ts,CLEAN,server/src/services/geminiService.ts:1,3.1,service 1423 lines
server/src/services/hipaaService.ts,CLEAN,server/src/services/hipaaService.ts:1,3.1,service 687 lines
server/src/services/integrations/awsService.ts,CLEAN,server/src/services/integrations/awsService.ts:1,3.1,service 546 lines
server/src/services/integrations/azureDevOpsService.ts,CLEAN,server/src/services/integrations/azureDevOpsService.ts:1,3.1,service 1133 lines
server/src/services/integrations/azureService.ts,CLEAN,server/src/services/integrations/azureService.ts:1,3.1,service 496 lines
server/src/services/integrations/azureSyncService.ts,CLEAN,server/src/services/integrations/azureSyncService.ts:1,3.1,service 612 lines
server/src/services/integrations/githubService.ts,CLEAN,server/src/services/integrations/githubService.ts:1,3.1,service 451 lines
server/src/services/integrations/googleService.ts,CLEAN,server/src/services/integrations/googleService.ts:1,3.1,service 497 lines
server/src/services/integrations/jiraService.ts,CLEAN,server/src/services/integrations/jiraService.ts:1,3.1,service 975 lines
server/src/services/integrations/patValidationService.ts,CLEAN,server/src/services/integrations/patValidationService.ts:1,3.1,service 1833 lines
server/src/services/integrations/providers/baseIntegration.ts,CLEAN,server/src/services/integrations/providers/baseIntegration.ts:1,3.1,service 232 lines
server/src/services/integrations/providers/businessProviders.ts,CLEAN,server/src/services/integrations/providers/businessProviders.ts:1,3.1,service 2109 lines
server/src/services/integrations/providers/cloudProviders.ts,CLEAN,server/src/services/integrations/providers/cloudProviders.ts:1,3.1,service 231 lines
server/src/services/integrations/providers/devProviders.ts,CLEAN,server/src/services/integrations/providers/devProviders.ts:1,3.1,service 747 lines
server/src/services/integrations/providers/identityProviders.ts,CLEAN,server/src/services/integrations/providers/identityProviders.ts:1,3.1,service 333 lines
server/src/services/integrations/providers/integrationRegistry.ts,CLEAN,server/src/services/integrations/providers/integrationRegistry.ts:1,3.1,service 175 lines
server/src/services/integrations/providers/monitoringProviders.ts,CLEAN,server/src/services/integrations/providers/monitoringProviders.ts:1,3.1,service 614 lines
server/src/services/integrations/providers/providerFactory.ts,CLEAN,server/src/services/integrations/providers/providerFactory.ts:1,3.1,service 222 lines
server/src/services/integrations/providers/securityProviders.ts,CLEAN,server/src/services/integrations/providers/securityProviders.ts:1,3.1,service 561 lines
server/src/services/integrations/servicenowService.ts,CLEAN,server/src/services/integrations/servicenowService.ts:1,3.1,service 1136 lines
server/src/services/integrations/slackService.ts,CLEAN,server/src/services/integrations/slackService.ts:1,3.1,service 813 lines
server/src/services/iso27001Service.ts,CLEAN,server/src/services/iso27001Service.ts:1,3.1,service 682 lines
server/src/services/issueManagementService.ts,CLEAN,server/src/services/issueManagementService.ts:1,3.1,service 529 lines
server/src/services/mdmService.ts,CLEAN,server/src/services/mdmService.ts:1,3.1,service 1249 lines
server/src/services/monitoring/anchorSLA.ts,CLEAN,server/src/services/monitoring/anchorSLA.ts:1,3.1,service 92 lines
server/src/services/monitoring/metrics.ts,CLEAN,server/src/services/monitoring/metrics.ts:1,3.1,service 99 lines
server/src/services/monitoringService.ts,CLEAN,server/src/services/monitoringService.ts:1,3.1,service 1193 lines
server/src/services/multiWorkspaceService.ts,CLEAN,server/src/services/multiWorkspaceService.ts:1,3.1,service 354 lines
server/src/services/nistCsfService.ts,CLEAN,server/src/services/nistCsfService.ts:1,3.1,service 1287 lines
server/src/services/notificationService.ts,GAP_FOUND,server/src/services/notificationService.ts:1,3.1,throw new Error@512
server/src/services/npsService.ts,CLEAN,server/src/services/npsService.ts:1,3.1,service 524 lines
server/src/services/pciDssService.ts,CLEAN,server/src/services/pciDssService.ts:1,3.1,service 1223 lines
server/src/services/personnelService.ts,CLEAN,server/src/services/personnelService.ts:1,3.1,service 574 lines
server/src/services/policyLibraryService.ts,CLEAN,server/src/services/policyLibraryService.ts:1,3.1,service 587 lines
server/src/services/questionnaireService.ts,CLEAN,server/src/services/questionnaireService.ts:1,3.1,service 743 lines
server/src/services/queue/anchorBlobStore.ts,GAP_FOUND,server/src/services/queue/anchorBlobStore.ts:1,3.1,throw new Error@88; throw new Error@92
server/src/services/queue/jobQueue.ts,CLEAN,server/src/services/queue/jobQueue.ts:1,3.1,service 842 lines
server/src/services/realTimeComplianceService.ts,CLEAN,server/src/services/realTimeComplianceService.ts:1,3.1,service 666 lines
server/src/services/reportingService.ts,CLEAN,server/src/services/reportingService.ts:1,3.1,service 488 lines
server/src/services/riskManagementService.ts,CLEAN,server/src/services/riskManagementService.ts:1,3.1,service 639 lines
server/src/services/s3Service.ts,CLEAN,server/src/services/s3Service.ts:1,3.1,service 400 lines
server/src/services/secureChatService.ts,CLEAN,server/src/services/secureChatService.ts:1,3.1,service 1852 lines
server/src/services/sessionManagementService.ts,CLEAN,server/src/services/sessionManagementService.ts:1,3.1,service 463 lines
server/src/services/soc2Service.ts,CLEAN,server/src/services/soc2Service.ts:1,3.1,service 1303 lines
server/src/services/sodService.ts,CLEAN,server/src/services/sodService.ts:1,3.1,service 1192 lines
server/src/services/soxService.ts,CLEAN,server/src/services/soxService.ts:1,3.1,service 1379 lines
server/src/services/stripeService.ts,CLEAN,server/src/services/stripeService.ts:1,3.1,service 1555 lines
server/src/services/tierService.ts,CLEAN,server/src/services/tierService.ts:1,3.1,service 749 lines
server/src/services/tokenBlacklistService.ts,CLEAN,server/src/services/tokenBlacklistService.ts:1,3.1,service 126 lines
server/src/services/trustCenterService.ts,CLEAN,server/src/services/trustCenterService.ts:1,3.1,service 234 lines
server/src/services/twoFactorService.ts,CLEAN,server/src/services/twoFactorService.ts:1,3.1,service 433 lines
server/src/services/vendorRiskService.ts,CLEAN,server/src/services/vendorRiskService.ts:1,3.1,service 750 lines
server/src/services/visionaryAIService.ts,CLEAN,server/src/services/visionaryAIService.ts:1,3.1,service 915 lines
server/src/services/webhookService.ts,CLEAN,server/src/services/webhookService.ts:1,3.1,service 728 lines
server/src/services/websocketService.ts,CLEAN,server/src/services/websocketService.ts:1,3.1,service 370 lines
server/src/services/workflowEngine.ts,CLEAN,server/src/services/workflowEngine.ts:1,3.1,service 1051 lines
server/src/types/express.d.ts,CLEAN,server/src/types/express.d.ts:1,3.3,52 lines read
server/src/types/express.ts,CLEAN,server/src/types/express.ts:1,3.3,58 lines read
server/src/types/external.d.ts,CLEAN,server/src/types/external.d.ts:1,3.3,165 lines read
server/src/types/module-augmentations.template.ts,CLEAN,server/src/types/module-augmentations.template.ts:1,3.3,129 lines read
server/src/types/module-augmentations.ts,CLEAN,server/src/types/module-augmentations.ts:1,3.3,9 lines read
server/src/utils/auditLogger.ts,CLEAN,server/src/utils/auditLogger.ts:1,3.3,334 lines read
server/src/utils/circuitBreaker.ts,CLEAN,server/src/utils/circuitBreaker.ts:1,3.3,457 lines read
server/src/utils/credentialEncryption.ts,CLEAN,server/src/utils/credentialEncryption.ts:1,3.3,147 lines read
server/src/utils/csvExport.ts,CLEAN,server/src/utils/csvExport.ts:1,3.3,346 lines read
server/src/utils/fipsEntropyHealthTest.ts,CLEAN,server/src/utils/fipsEntropyHealthTest.ts:1,3.3,186 lines read
server/src/utils/fipsIntegrityCheck.ts,GAP_FOUND,server/src/utils/fipsIntegrityCheck.ts:1,3.3,throw new Error@95; throw new Error@102
server/src/utils/fipsPasswordHashing.ts,CLEAN,server/src/utils/fipsPasswordHashing.ts:1,3.3,340 lines read
server/src/utils/fipsSelfTests.ts,GAP_FOUND,server/src/utils/fipsSelfTests.ts:1,3.3,throw new Error@96; throw new Error@125; throw new Error@152; throw new Error@195; throw new Error@200
server/src/utils/logSanitizer.ts,CLEAN,server/src/utils/logSanitizer.ts:1,3.3,134 lines read
server/src/utils/pagination.ts,CLEAN,server/src/utils/pagination.ts:1,3.3,249 lines read
server/src/utils/paginationApplier.ts,CLEAN,server/src/utils/paginationApplier.ts:1,3.3,471 lines read
server/src/utils/pick.ts,CLEAN,server/src/utils/pick.ts:1,3.3,17 lines read
server/src/utils/piiRedaction.ts,CLEAN,server/src/utils/piiRedaction.ts:1,3.3,61 lines read
server/src/utils/securityEventLogger.ts,CLEAN,server/src/utils/securityEventLogger.ts:1,3.3,208 lines read
server/src/utils/stateMachine.ts,CLEAN,server/src/utils/stateMachine.ts:1,3.3,336 lines read
server/src/utils/urlValidator.ts,CLEAN,server/src/utils/urlValidator.ts:1,3.3,184 lines read
server/src/validators/acosSchemas.ts,CLEAN,server/src/validators/acosSchemas.ts:1,3.3,459 lines read
server/src/validators/aiRmfSchemas.ts,CLEAN,server/src/validators/aiRmfSchemas.ts:1,3.3,19 lines read
server/src/validators/aiSchemas.ts,CLEAN,server/src/validators/aiSchemas.ts:1,3.3,127 lines read
server/src/validators/anonymizationSchemas.ts,CLEAN,server/src/validators/anonymizationSchemas.ts:1,3.3,24 lines read
server/src/validators/auditPrepSchemas.ts,CLEAN,server/src/validators/auditPrepSchemas.ts:1,3.3,23 lines read
server/src/validators/auditSchemas.ts,CLEAN,server/src/validators/auditSchemas.ts:1,3.3,20 lines read
server/src/validators/auditorSchemas.ts,CLEAN,server/src/validators/auditorSchemas.ts:1,3.3,149 lines read
server/src/validators/authSchemas.ts,CLEAN,server/src/validators/authSchemas.ts:1,3.3,48 lines read
server/src/validators/billingSchemas.ts,CLEAN,server/src/validators/billingSchemas.ts:1,3.3,29 lines read
server/src/validators/cicdGateSchemas.ts,CLEAN,server/src/validators/cicdGateSchemas.ts:1,3.3,37 lines read
server/src/validators/complianceSchemas.ts,CLEAN,server/src/validators/complianceSchemas.ts:1,3.3,10 lines read
server/src/validators/cookieConsentSchemas.ts,CLEAN,server/src/validators/cookieConsentSchemas.ts:1,3.3,32 lines read
server/src/validators/coreModulesSchemas.ts,CLEAN,server/src/validators/coreModulesSchemas.ts:1,3.3,1326 lines read
server/src/validators/dashboardSchemas.ts,CLEAN,server/src/validators/dashboardSchemas.ts:1,3.3,56 lines read
server/src/validators/demoSchemas.ts,CLEAN,server/src/validators/demoSchemas.ts:1,3.3,47 lines read
server/src/validators/dpiaSchemas.ts,CLEAN,server/src/validators/dpiaSchemas.ts:1,3.3,100 lines read
server/src/validators/dpoSchemas.ts,CLEAN,server/src/validators/dpoSchemas.ts:1,3.3,50 lines read
server/src/validators/enterpriseSchemas.ts,CLEAN,server/src/validators/enterpriseSchemas.ts:1,3.3,235 lines read
server/src/validators/euRegulationsSchemas.ts,CLEAN,server/src/validators/euRegulationsSchemas.ts:1,3.3,227 lines read
server/src/validators/evidenceVersionSchemas.ts,CLEAN,server/src/validators/evidenceVersionSchemas.ts:1,3.3,14 lines read
server/src/validators/executiveSchemas.ts,CLEAN,server/src/validators/executiveSchemas.ts:1,3.3,20 lines read
server/src/validators/featureModulesSchemas.ts,CLEAN,server/src/validators/featureModulesSchemas.ts:1,3.3,508 lines read
server/src/validators/frameworkSchemas.ts,CLEAN,server/src/validators/frameworkSchemas.ts:1,3.3,78 lines read
server/src/validators/hipaaSchemas.ts,CLEAN,server/src/validators/hipaaSchemas.ts:1,3.3,98 lines read
server/src/validators/integrationSchemas.ts,CLEAN,server/src/validators/integrationSchemas.ts:1,3.3,86 lines read
server/src/validators/iso27001Schemas.ts,CLEAN,server/src/validators/iso27001Schemas.ts:1,3.3,85 lines read
server/src/validators/marketplaceSchemas.ts,CLEAN,server/src/validators/marketplaceSchemas.ts:1,3.3,13 lines read
server/src/validators/nistCsfSchemas.ts,CLEAN,server/src/validators/nistCsfSchemas.ts:1,3.3,124 lines read
server/src/validators/notificationSchemas.ts,CLEAN,server/src/validators/notificationSchemas.ts:1,3.3,27 lines read
server/src/validators/npsSchemas.ts,CLEAN,server/src/validators/npsSchemas.ts:1,3.3,42 lines read
server/src/validators/organizationSchemas.ts,CLEAN,server/src/validators/organizationSchemas.ts:1,3.3,8 lines read
server/src/validators/pciDssSchemas.ts,CLEAN,server/src/validators/pciDssSchemas.ts:1,3.3,189 lines read
server/src/validators/realTimeComplianceSchemas.ts,CLEAN,server/src/validators/realTimeComplianceSchemas.ts:1,3.3,16 lines read
server/src/validators/regulatoryChangeSchemas.ts,CLEAN,server/src/validators/regulatoryChangeSchemas.ts:1,3.3,43 lines read
server/src/validators/reportSchemas.ts,CLEAN,server/src/validators/reportSchemas.ts:1,3.3,39 lines read
server/src/validators/riskSchemas.ts,CLEAN,server/src/validators/riskSchemas.ts:1,3.3,28 lines read
server/src/validators/roleSchemas.ts,CLEAN,server/src/validators/roleSchemas.ts:1,3.3,36 lines read
server/src/validators/scimSchemas.ts,CLEAN,server/src/validators/scimSchemas.ts:1,3.3,88 lines read
server/src/validators/searchSchemas.ts,CLEAN,server/src/validators/searchSchemas.ts:1,3.3,10 lines read
server/src/validators/securitySchemas.ts,CLEAN,server/src/validators/securitySchemas.ts:1,3.3,183 lines read
server/src/validators/soc2Schemas.ts,CLEAN,server/src/validators/soc2Schemas.ts:1,3.3,198 lines read
server/src/validators/ssoSchemas.ts,CLEAN,server/src/validators/ssoSchemas.ts:1,3.3,22 lines read
server/src/validators/teamSchemas.ts,CLEAN,server/src/validators/teamSchemas.ts:1,3.3,20 lines read
server/src/validators/twoFactorSchemas.ts,CLEAN,server/src/validators/twoFactorSchemas.ts:1,3.3,32 lines read
server/src/validators/vendorMonitoringSchemas.ts,CLEAN,server/src/validators/vendorMonitoringSchemas.ts:1,3.3,29 lines read
server/src/validators/vendorSchemas.ts,CLEAN,server/src/validators/vendorSchemas.ts:1,3.3,70 lines read
server/src/validators/webhookSchemas.ts,CLEAN,server/src/validators/webhookSchemas.ts:1,3.3,39 lines read
server/src/workers/blockchainAnchorWorker.ts,GAP_FOUND,server/src/workers/blockchainAnchorWorker.ts:1,3.3,throw new Error@42
server/src/workers/index.ts,CLEAN,server/src/workers/index.ts:1,3.3,14 lines read
server/src/zkp/test-zk-service.ts,GAP_FOUND,server/src/zkp/test-zk-service.ts:1,3.3,console@10; console@22; console@23; console@24; console@25
