site_number,file,line,call_signature,verdict,severity,evidence_quote,verified_at,verified_by,session
1,./server/src/config/database.ts,162,      logger.info('✅ Database connection established');,SAFE_LOG,N/A,      logger.info('✅ Database connection established');,2026-05-28T23:00:00Z,session8_subagents_1-20,session8
2,./server/src/config/database.ts,166,        logger.warn(`Database connection attempt ${i + 1} failed; retrying in ${delay}ms...`);,SAFE_LOG,N/A,        logger.warn(`Database connection attempt ${i + 1} failed; retrying in ${delay}ms...`);,2026-05-28T23:00:00Z,session8_subagents_1-20,session8
3,./server/src/config/database.ts,169,        logger.error('❌ Database connection failed after retries:'; error.message);,SAFE_LOG,N/A,        logger.error('❌ Database connection failed after retries:'; error.message);,2026-05-28T23:00:00Z,session8_subagents_1-20,session8
4,./server/src/config/database.ts,180,    logger.debug(`Query: ${e.query}`);,SAFE_LOG,N/A,    logger.debug(`Query: ${e.query}`);,2026-05-28T23:00:00Z,session8_subagents_1-20,session8
5,./server/src/config/database.ts,181,    logger.debug(`Duration: ${e.duration}ms`);,SAFE_LOG,N/A,    logger.debug(`Duration: ${e.duration}ms`);,2026-05-28T23:00:00Z,session8_subagents_1-20,session8
6,./server/src/config/database.ts,188,  logger.info('Database connection closed');,SAFE_LOG,N/A,  logger.info('Database connection closed');,2026-05-28T23:00:00Z,session8_subagents_1-20,session8
7,./server/src/config/monitoring.ts,18,  logger.warn('Sentry packages not installed. Install with: npm install @sentry/node @sentry/profiling-node');,SAFE_LOG,N/A,  logger.warn('Sentry packages not installed. Install with: npm install @sentry/node @sentry/profiling-node');,2026-05-28T23:00:00Z,session8_subagents_1-20,session8
8,./server/src/config/monitoring.ts,70,    logger.info('Sentry disabled or DSN not configured');,SAFE_LOG,N/A,    logger.info('Sentry disabled or DSN not configured');,2026-05-28T23:00:00Z,session8_subagents_1-20,session8
9,./server/src/config/monitoring.ts,75,    logger.warn('Sentry packages not installed. Install with: npm install @sentry/node @sentry/profiling-node');,SAFE_LOG,N/A,    logger.warn('Sentry packages not installed. Install with: npm install @sentry/node @sentry/profiling-node');,2026-05-28T23:00:00Z,session8_subagents_1-20,session8
10,./server/src/config/monitoring.ts,140,    logger.info('Sentry initialized successfully');,SAFE_LOG,N/A,    logger.info('Sentry initialized successfully');,2026-05-28T23:00:00Z,session8_subagents_1-20,session8
11,./server/src/config/monitoring.ts,142,    logger.error('Failed to initialize Sentry:'; error);,SAFE_LOG,N/A,    logger.error('Failed to initialize Sentry:'; error);,2026-05-28T23:00:00Z,session8_subagents_1-20,session8
12,./server/src/config/monitoring.ts,151,    logger.info('APM disabled');,SAFE_LOG,N/A,    logger.info('APM disabled');,2026-05-28T23:00:00Z,session8_subagents_1-20,session8
13,./server/src/config/monitoring.ts,169,      logger.info('APM initialized (Elastic APM)');,SAFE_LOG,N/A,      logger.info('APM initialized (Elastic APM)');,2026-05-28T23:00:00Z,session8_subagents_1-20,session8
14,./server/src/config/monitoring.ts,171,      logger.error('Failed to initialize Elastic APM:'; error);,SAFE_LOG,N/A,      logger.error('Failed to initialize Elastic APM:'; error);,2026-05-28T23:00:00Z,session8_subagents_1-20,session8
15,./server/src/config/monitoring.ts,180,      logger.info('APM initialized (New Relic)');,SAFE_LOG,N/A,      logger.info('APM initialized (New Relic)');,2026-05-28T23:00:00Z,session8_subagents_1-20,session8
16,./server/src/config/monitoring.ts,184,"        logger.warn('NEW_RELIC_LICENSE_KEY set but newrelic package not installed — skipping. Add ""newrelic"" to dependencies to enable.');",SAFE_LOG,N/A,        logger.warn('NEW_RELIC_LICENSE_KEY set but newrelic package not installed — skipping. Add 'newrelic' to dependencies to enable.');,2026-05-28T23:00:00Z,session8_subagents_1-20,session8
17,./server/src/config/monitoring.ts,186,        logger.error('Failed to initialize New Relic:'; error);,SAFE_LOG,N/A,        logger.error('Failed to initialize New Relic:'; error);,2026-05-28T23:00:00Z,session8_subagents_1-20,session8
18,./server/src/config/monitoring.ts,276,          logger.warn('Failed to start Sentry transaction (old API):'; error);,SAFE_LOG,N/A,          logger.warn('Failed to start Sentry transaction (old API):'; error);,2026-05-28T23:00:00Z,session8_subagents_1-20,session8
19,./server/src/config/monitoring.ts,283,      logger.warn('Sentry transaction API not available:'; error);,SAFE_LOG,N/A,      logger.warn('Sentry transaction API not available:'; error);,2026-05-28T23:00:00Z,session8_subagents_1-20,session8
20,./server/src/config/performanceMonitoring.ts,76,      logger.warn(,SAFE_LOG,N/A,      logger.warn(,2026-05-28T23:00:00Z,session8_subagents_1-20,session8
21,./server/src/config/performanceMonitoring.ts,106,      logger.warn(,SAFE_LOG,N/A,      logger.warn(,2026-05-28T23:00:00Z,session8_subagents_1-20,session8
22,./server/src/config/regions/multiRegionConfig.ts,311,      logger.warn(`[MultiRegion] Unknown region ${this.currentRegion}; defaulting to us-east-1`);,SAFE_LOG,N/A,      logger.warn(`[MultiRegion] Unknown region ${this.currentRegion}; defaulting to us-east-1`);,2026-05-28T23:00:00Z,session8_subagents_1-20,session8
23,./server/src/config/regions/multiRegionConfig.ts,315,    logger.info(`[MultiRegion] Initialized in region: ${REGIONS[this.currentRegion].name}`);,SAFE_LOG,N/A,    logger.info(`[MultiRegion] Initialized in region: ${REGIONS[this.currentRegion].name}`);,2026-05-28T23:00:00Z,session8_subagents_1-20,session8
24,./server/src/config/regions/multiRegionConfig.ts,335,          logger.debug('[MultiRegion] Failed to sync initial health state to Redis; using local state');,SAFE_LOG,N/A,          logger.debug('[MultiRegion] Failed to sync initial health state to Redis; using local state');,2026-05-28T23:00:00Z,session8_subagents_1-20,session8
25,./server/src/config/regions/multiRegionConfig.ts,491,    logger.info('[MultiRegion] Cross-region health checks started');,SAFE_LOG,N/A,    logger.info('[MultiRegion] Cross-region health checks started');,2026-05-28T23:00:00Z,session8_subagents_1-20,session8
26,./server/src/config/regions/multiRegionConfig.ts,528,        logger.error(`[MultiRegion] Region ${regionCode} is unhealthy (${consecutiveFailures} consecutive failures)`);,SAFE_LOG,N/A,        logger.error(`[MultiRegion] Region ${regionCode} is unhealthy (${consecutiveFailures} consecutive failures)`);,2026-05-28T23:00:00Z,session8_subagents_1-20,session8
27,./server/src/config/regions/multiRegionConfig.ts,530,          logger.warn(`[MultiRegion] Auto-failover triggered for ${regionCode} -> ${config.failover.target}`);,SAFE_LOG,N/A,          logger.warn(`[MultiRegion] Auto-failover triggered for ${regionCode} -> ${config.failover.target}`);,2026-05-28T23:00:00Z,session8_subagents_1-20,session8
28,./server/src/config/regions/multiRegionConfig.ts,545,      logger.debug('[MultiRegion] Failed to sync health state to Redis; using local state');,SAFE_LOG,N/A,      logger.debug('[MultiRegion] Failed to sync health state to Redis; using local state');,2026-05-28T23:00:00Z,session8_subagents_1-20,session8
29,./server/src/config/regions/multiRegionConfig.ts,582,    logger.info('[MultiRegion] Health checks stopped');,SAFE_LOG,N/A,    logger.info('[MultiRegion] Health checks stopped');,2026-05-28T23:00:00Z,session8_subagents_1-20,session8
30,./server/src/controllers/acosController.ts,34,      logger.error('Create goal error'; error);,SAFE_LOG,N/A,      logger.error('Create goal error'; error);,2026-05-28T23:00:00Z,session8_subagents_1-20,session8
31,./server/src/controllers/acosController.ts,36,      logger.error('Create goal error details:'; { error: errorMessage; stack: error?.stack });,SAFE_LOG,N/A,      logger.error('Create goal error details:'; { error: errorMessage; stack: error?.stack });,2026-05-28T23:00:00Z,session8_subagents_1-20,session8
32,./server/src/controllers/acosController.ts,52,      logger.error('Get goals error'; error);,SAFE_LOG,N/A,      logger.error('Get goals error'; error);,2026-05-28T23:00:00Z,session8_subagents_1-20,session8
33,./server/src/controllers/acosController.ts,64,      logger.error('Get goal error'; error);,SAFE_LOG,N/A,      logger.error('Get goal error'; error);,2026-05-28T23:00:00Z,session8_subagents_1-20,session8
34,./server/src/controllers/acosController.ts,81,      logger.error('Update goal error'; error);,SAFE_LOG,N/A,      logger.error('Update goal error'; error);,2026-05-28T23:00:00Z,session8_subagents_1-20,session8
35,./server/src/controllers/acosController.ts,93,      logger.error('Delete goal error'; error);,SAFE_LOG,N/A,      logger.error('Delete goal error'; error);,2026-05-28T23:00:00Z,session8_subagents_1-20,session8
36,./server/src/controllers/acosController.ts,105,      logger.error('Restore goal error'; error);,SAFE_LOG,N/A,      logger.error('Restore goal error'; error);,2026-05-28T23:00:00Z,session8_subagents_1-20,session8
37,./server/src/controllers/acosController.ts,134,      logger.error('Create control loop error'; error);,SAFE_LOG,N/A,      logger.error('Create control loop error'; error);,2026-05-28T23:00:00Z,session8_subagents_1-20,session8
38,./server/src/controllers/acosController.ts,136,      logger.error('Create control loop error details:'; { error: errorMessage; stack: error?.stack });,SAFE_LOG,N/A,      logger.error('Create control loop error details:'; { error: errorMessage; stack: error?.stack });,2026-05-28T23:00:00Z,session8_subagents_1-20,session8
39,./server/src/controllers/acosController.ts,152,      logger.error('Execute control loop error'; error);,SAFE_LOG,N/A,      logger.error('Execute control loop error'; error);,2026-05-28T23:00:00Z,session8_subagents_1-20,session8
40,./server/src/controllers/acosController.ts,166,      logger.error('Get control loop error'; error);,SAFE_LOG,N/A,      logger.error('Get control loop error'; error);,2026-05-28T23:00:00Z,session8_subagents_1-20,session8
41,./server/src/controllers/acosController.ts,178,      logger.error('Get control loop history error'; error);,SAFE_LOG,N/A,      logger.error('Get control loop history error'; error);,2026-05-28T23:00:00Z,session8_subagents_1-20,session8
42,./server/src/controllers/acosController.ts,190,      logger.error('Pause control loop error'; error);,SAFE_LOG,N/A,      logger.error('Pause control loop error'; error);,2026-05-28T23:00:00Z,session8_subagents_1-20,session8
43,./server/src/controllers/acosController.ts,202,      logger.error('Resume control loop error'; error);,SAFE_LOG,N/A,      logger.error('Resume control loop error'; error);,2026-05-28T23:00:00Z,session8_subagents_1-20,session8
44,./server/src/controllers/acosController.ts,214,      logger.error('Update control loop error'; error);,SAFE_LOG,N/A,      logger.error('Update control loop error'; error);,2026-05-28T23:00:00Z,session8_subagents_1-20,session8
45,./server/src/controllers/acosController.ts,226,      logger.error('Delete control loop error'; error);,SAFE_LOG,N/A,      logger.error('Delete control loop error'; error);,2026-05-28T23:00:00Z,session8_subagents_1-20,session8
46,./server/src/controllers/acosController.ts,241,      logger.error('Estimate blast radius error'; error);,SAFE_LOG,N/A,      logger.error('Estimate blast radius error'; error);,2026-05-28T23:00:00Z,session8_subagents_1-20,session8
47,./server/src/controllers/acosController.ts,257,      logger.error('Execute action error'; error);,SAFE_LOG,N/A,      logger.error('Execute action error'; error);,2026-05-28T23:00:00Z,session8_subagents_1-20,session8
48,./server/src/controllers/acosController.ts,273,      logger.error('Rollback action error'; error);,SAFE_LOG,N/A,      logger.error('Rollback action error'; error);,2026-05-28T23:00:00Z,session8_subagents_1-20,session8
49,./server/src/controllers/acosController.ts,292,      logger.error('Rollback multiple actions error'; error);,SAFE_LOG,N/A,      logger.error('Rollback multiple actions error'; error);,2026-05-28T23:00:00Z,session8_subagents_1-20,session8
50,./server/src/controllers/acosController.ts,316,      logger.error('Analyze evidence error'; error);,SAFE_LOG,N/A,      logger.error('Analyze evidence error'; error);,2026-05-28T23:00:00Z,session8_subagents_1-20,session8
51,./server/src/controllers/acosController.ts,334,      logger.error('Get evidence analysis error'; error);,SAFE_LOG,N/A,      logger.error('Get evidence analysis error'; error);,2026-05-28T23:00:00Z,session8_subagents_1-20,session8
52,./server/src/controllers/acosController.ts,358,      logger.error('Re-analyze evidence error'; error);,SAFE_LOG,N/A,      logger.error('Re-analyze evidence error'; error);,2026-05-28T23:00:00Z,session8_subagents_1-20,session8
53,./server/src/controllers/acosController.ts,373,      logger.error('Get analysis history error'; error);,SAFE_LOG,N/A,      logger.error('Get analysis history error'; error);,2026-05-28T23:00:00Z,session8_subagents_1-20,session8
54,./server/src/controllers/acosController.ts,393,      logger.error('Bulk analyze evidence error'; error);,SAFE_LOG,N/A,      logger.error('Bulk analyze evidence error'; error);,2026-05-28T23:00:00Z,session8_subagents_1-20,session8
55,./server/src/controllers/acosController.ts,412,      logger.error('Export analysis report error'; error);,SAFE_LOG,N/A,      logger.error('Export analysis report error'; error);,2026-05-28T23:00:00Z,session8_subagents_1-20,session8
56,./server/src/controllers/acosController.ts,433,      logger.error('Verify file hash error'; error);,SAFE_LOG,N/A,      logger.error('Verify file hash error'; error);,2026-05-28T23:00:00Z,session8_subagents_1-20,session8
57,./server/src/controllers/acosController.ts,454,      logger.error('Sign evidence error'; error);,SAFE_LOG,N/A,      logger.error('Sign evidence error'; error);,2026-05-28T23:00:00Z,session8_subagents_1-20,session8
58,./server/src/controllers/acosController.ts,476,      logger.error('Verify evidence signature error'; error);,SAFE_LOG,N/A,      logger.error('Verify evidence signature error'; error);,2026-05-28T23:00:00Z,session8_subagents_1-20,session8
59,./server/src/controllers/acosController.ts,497,      logger.error('Timestamp evidence error'; error);,SAFE_LOG,N/A,      logger.error('Timestamp evidence error'; error);,2026-05-28T23:00:00Z,session8_subagents_1-20,session8
60,./server/src/controllers/acosController.ts,521,      logger.error('Create chain of custody error'; error);,SAFE_LOG,N/A,      logger.error('Create chain of custody error'; error);,2026-05-28T23:00:00Z,session8_subagents_1-20,session8
61,./server/src/controllers/acosController.ts,545,      logger.error('Create multi-party attestation error'; error);,SAFE_LOG,N/A,      logger.error('Create multi-party attestation error'; error);,2026-05-28T23:00:00Z,session8_subagents_1-20,session8
62,./server/src/controllers/acosController.ts,584,      logger.error('Analyze and anchor error'; error);,SAFE_LOG,N/A,      logger.error('Analyze and anchor error'; error);,2026-05-28T23:00:00Z,session8_subagents_1-20,session8
63,./server/src/controllers/acosController.ts,607,      logger.error('Verify integrity error'; error);,SAFE_LOG,N/A,      logger.error('Verify integrity error'; error);,2026-05-28T23:00:00Z,session8_subagents_1-20,session8
64,./server/src/controllers/acosController.ts,623,      logger.error('Get provenance report error'; error);,SAFE_LOG,N/A,      logger.error('Get provenance report error'; error);,2026-05-28T23:00:00Z,session8_subagents_1-20,session8
65,./server/src/controllers/acosController.ts,634,      logger.error('Get anchor SLA error'; error);,SAFE_LOG,N/A,      logger.error('Get anchor SLA error'; error);,2026-05-28T23:00:00Z,session8_subagents_1-20,session8
66,./server/src/controllers/acosController.ts,662,      logger.error('Ingest regulation error'; error);,SAFE_LOG,N/A,      logger.error('Ingest regulation error'; error);,2026-05-28T23:00:00Z,session8_subagents_1-20,session8
67,./server/src/controllers/acosController.ts,678,      logger.error('Detect regulatory changes error'; error);,SAFE_LOG,N/A,      logger.error('Detect regulatory changes error'; error);,2026-05-28T23:00:00Z,session8_subagents_1-20,session8
68,./server/src/controllers/acosController.ts,693,      logger.error('Bulk conflict analysis error'; error);,SAFE_LOG,N/A,      logger.error('Bulk conflict analysis error'; error);,2026-05-28T23:00:00Z,session8_subagents_1-20,session8
69,./server/src/controllers/acosController.ts,708,      logger.error('Get conflict history error'; error);,SAFE_LOG,N/A,      logger.error('Get conflict history error'; error);,2026-05-28T23:00:00Z,session8_subagents_1-20,session8
70,./server/src/controllers/acosController.ts,725,      logger.error('Resolve conflict error'; error);,SAFE_LOG,N/A,      logger.error('Resolve conflict error'; error);,2026-05-28T23:00:00Z,session8_subagents_1-20,session8
71,./server/src/controllers/acosController.ts,742,      logger.error('Rollback auto-update error'; error);,SAFE_LOG,N/A,      logger.error('Rollback auto-update error'; error);,2026-05-28T23:00:00Z,session8_subagents_1-20,session8
72,./server/src/controllers/acosController.ts,759,      logger.error('Batch auto-update error'; error);,SAFE_LOG,N/A,      logger.error('Batch auto-update error'; error);,2026-05-28T23:00:00Z,session8_subagents_1-20,session8
73,./server/src/controllers/acosController.ts,774,      logger.error('Add feed error'; error);,SAFE_LOG,N/A,      logger.error('Add feed error'; error);,2026-05-28T23:00:00Z,session8_subagents_1-20,session8
74,./server/src/controllers/acosController.ts,790,      logger.error('Remove feed error'; error);,SAFE_LOG,N/A,      logger.error('Remove feed error'; error);,2026-05-28T23:00:00Z,session8_subagents_1-20,session8
75,./server/src/controllers/acosController.ts,803,      logger.error('Get feed status dashboard error'; error);,SAFE_LOG,N/A,      logger.error('Get feed status dashboard error'; error);,2026-05-28T23:00:00Z,session8_subagents_1-20,session8
76,./server/src/controllers/acosController.ts,819,      logger.error('Auto update controls error'; error);,SAFE_LOG,N/A,      logger.error('Auto update controls error'; error);,2026-05-28T23:00:00Z,session8_subagents_1-20,session8
77,./server/src/controllers/acosController.ts,840,      logger.error('Predict future risks error'; error);,SAFE_LOG,N/A,      logger.error('Predict future risks error'; error);,2026-05-28T23:00:00Z,session8_subagents_1-20,session8
78,./server/src/controllers/acosController.ts,853,      logger.error('Get historical accuracy error'; error);,SAFE_LOG,N/A,      logger.error('Get historical accuracy error'; error);,2026-05-28T23:00:00Z,session8_subagents_1-20,session8
79,./server/src/controllers/acosController.ts,868,      logger.error('Refresh risk predictions error'; error);,SAFE_LOG,N/A,      logger.error('Refresh risk predictions error'; error);,2026-05-28T23:00:00Z,session8_subagents_1-20,session8
80,./server/src/controllers/acosController.ts,902,      logger.error('Predict compliance trajectory error'; error);,SAFE_LOG,N/A,      logger.error('Predict compliance trajectory error'; error);,2026-05-28T23:00:00Z,session8_subagents_1-20,session8
81,./server/src/controllers/acosController.ts,919,      logger.error('Recalculate trajectory error'; error);,SAFE_LOG,N/A,      logger.error('Recalculate trajectory error'; error);,2026-05-28T23:00:00Z,session8_subagents_1-20,session8
82,./server/src/controllers/acosController.ts,940,      logger.error('Get early warnings error'; error);,SAFE_LOG,N/A,      logger.error('Get early warnings error'; error);,2026-05-28T23:00:00Z,session8_subagents_1-20,session8
83,./server/src/controllers/acosController.ts,958,      logger.error('Acknowledge warning error'; error);,SAFE_LOG,N/A,      logger.error('Acknowledge warning error'; error);,2026-05-28T23:00:00Z,session8_subagents_1-20,session8
84,./server/src/controllers/acosController.ts,978,      logger.error('Get warning history error'; error);,SAFE_LOG,N/A,      logger.error('Get warning history error'; error);,2026-05-28T23:00:00Z,session8_subagents_1-20,session8
85,./server/src/controllers/acosController.ts,991,      logger.error('Get false positive rate error'; error);,SAFE_LOG,N/A,      logger.error('Get false positive rate error'; error);,2026-05-28T23:00:00Z,session8_subagents_1-20,session8
86,./server/src/controllers/acosController.ts,1007,      logger.error('Run simulation error'; error);,SAFE_LOG,N/A,      logger.error('Run simulation error'; error);,2026-05-28T23:00:00Z,session8_subagents_1-20,session8
87,./server/src/controllers/acosController.ts,1024,      logger.error('Run simulation with constraints error'; error);,SAFE_LOG,N/A,      logger.error('Run simulation with constraints error'; error);,2026-05-28T23:00:00Z,session8_subagents_1-20,session8
88,./server/src/controllers/acosController.ts,1040,      logger.error('Compare scenarios error'; error);,SAFE_LOG,N/A,      logger.error('Compare scenarios error'; error);,2026-05-28T23:00:00Z,session8_subagents_1-20,session8
89,./server/src/controllers/acosController.ts,1058,      logger.error('Save simulation state error'; error);,SAFE_LOG,N/A,      logger.error('Save simulation state error'; error);,2026-05-28T23:00:00Z,session8_subagents_1-20,session8
90,./server/src/controllers/acosController.ts,1073,      logger.error('Load simulation state error'; error);,SAFE_LOG,N/A,      logger.error('Load simulation state error'; error);,2026-05-28T23:00:00Z,session8_subagents_1-20,session8
91,./server/src/controllers/acosController.ts,1089,      logger.error('Rollback simulation error'; error);,SAFE_LOG,N/A,      logger.error('Rollback simulation error'; error);,2026-05-28T23:00:00Z,session8_subagents_1-20,session8
92,./server/src/controllers/acosController.ts,1113,      logger.error('Run Monte Carlo error'; error);,SAFE_LOG,N/A,      logger.error('Run Monte Carlo error'; error);,2026-05-28T23:00:00Z,session8_subagents_1-20,session8
93,./server/src/controllers/acosController.ts,1129,      logger.error('Run red team simulation error'; error);,SAFE_LOG,N/A,      logger.error('Run red team simulation error'; error);,2026-05-28T23:00:00Z,session8_subagents_1-20,session8
94,./server/src/controllers/acosController.ts,1144,      logger.error('Run automated scan error'; error);,SAFE_LOG,N/A,      logger.error('Run automated scan error'; error);,2026-05-28T23:00:00Z,session8_subagents_1-20,session8
95,./server/src/controllers/acosController.ts,1159,      logger.error('Scan for compliance gaps error'; error);,SAFE_LOG,N/A,      logger.error('Scan for compliance gaps error'; error);,2026-05-28T23:00:00Z,session8_subagents_1-20,session8
96,./server/src/controllers/acosController.ts,1172,      logger.error('Scan for misconfigurations error'; error);,SAFE_LOG,N/A,      logger.error('Scan for misconfigurations error'; error);,2026-05-28T23:00:00Z,session8_subagents_1-20,session8
97,./server/src/controllers/acosController.ts,1185,      logger.error('Scan for policy violations error'; error);,SAFE_LOG,N/A,      logger.error('Scan for policy violations error'; error);,2026-05-28T23:00:00Z,session8_subagents_1-20,session8
98,./server/src/controllers/acosController.ts,1200,      logger.error('Schedule scan error'; error);,SAFE_LOG,N/A,      logger.error('Schedule scan error'; error);,2026-05-28T23:00:00Z,session8_subagents_1-20,session8
99,./server/src/controllers/acosController.ts,1214,      logger.error('Export scan results error'; error);,SAFE_LOG,N/A,      logger.error('Export scan results error'; error);,2026-05-28T23:00:00Z,session8_subagents_1-20,session8
100,./server/src/controllers/acosController.ts,1228,      logger.error('Compare scan results error'; error);,SAFE_LOG,N/A,      logger.error('Compare scan results error'; error);,2026-05-28T23:00:00Z,session8_subagents_1-20,session8
101,./server/src/controllers/acosController.ts,1245,      logger.error('Mark false positive error'; error);,SAFE_LOG,N/A,      logger.error('Mark false positive error'; error);,2026-05-28T23:00:00Z,session8_subagents_1-20,session8
102,./server/src/controllers/acosController.ts,1260,      logger.error('Join federation error'; error);,SAFE_LOG,N/A,      logger.error('Join federation error'; error);,2026-05-28T23:00:00Z,session8_subagents_1-20,session8
103,./server/src/controllers/acosController.ts,1275,      logger.error('Leave federation error'; error);,SAFE_LOG,N/A,      logger.error('Leave federation error'; error);,2026-05-28T23:00:00Z,session8_subagents_1-20,session8
104,./server/src/controllers/acosController.ts,1290,      logger.error('Contribute to federation error'; error);,SAFE_LOG,N/A,      logger.error('Contribute to federation error'; error);,2026-05-28T23:00:00Z,session8_subagents_1-20,session8
105,./server/src/controllers/acosController.ts,1306,      logger.error('Receive federated model error'; error);,SAFE_LOG,N/A,      logger.error('Receive federated model error'; error);,2026-05-28T23:00:00Z,session8_subagents_1-20,session8
106,./server/src/controllers/acosController.ts,1320,      logger.error('Recover federation error'; error);,SAFE_LOG,N/A,      logger.error('Recover federation error'; error);,2026-05-28T23:00:00Z,session8_subagents_1-20,session8
107,./server/src/controllers/acosController.ts,1345,      logger.error('Get swarm insights error'; error);,SAFE_LOG,N/A,      logger.error('Get swarm insights error'; error);,2026-05-28T23:00:00Z,session8_subagents_1-20,session8
108,./server/src/controllers/acosController.ts,1360,      logger.error('Get industry insights error'; error);,SAFE_LOG,N/A,      logger.error('Get industry insights error'; error);,2026-05-28T23:00:00Z,session8_subagents_1-20,session8
109,./server/src/controllers/acosController.ts,1375,      logger.error('Get sector insights error'; error);,SAFE_LOG,N/A,      logger.error('Get sector insights error'; error);,2026-05-28T23:00:00Z,session8_subagents_1-20,session8
110,./server/src/controllers/acosController.ts,1390,      logger.error('Get framework insights error'; error);,SAFE_LOG,N/A,      logger.error('Get framework insights error'; error);,2026-05-28T23:00:00Z,session8_subagents_1-20,session8
111,./server/src/controllers/acosController.ts,1405,      logger.error('Benchmark against peers error'; error);,SAFE_LOG,N/A,      logger.error('Benchmark against peers error'; error);,2026-05-28T23:00:00Z,session8_subagents_1-20,session8
112,./server/src/controllers/acosController.ts,1420,      logger.error('Identify trends error'; error);,SAFE_LOG,N/A,      logger.error('Identify trends error'; error);,2026-05-28T23:00:00Z,session8_subagents_1-20,session8
113,./server/src/controllers/acosController.ts,1434,      logger.error('Export insights error'; error);,SAFE_LOG,N/A,      logger.error('Export insights error'; error);,2026-05-28T23:00:00Z,session8_subagents_1-20,session8
114,./server/src/controllers/acosController.ts,1451,      logger.error('Rollback model error'; error);,SAFE_LOG,N/A,      logger.error('Rollback model error'; error);,2026-05-28T23:00:00Z,session8_subagents_1-20,session8
115,./server/src/controllers/acosController.ts,1466,      logger.error('Distribute model error'; error);,SAFE_LOG,N/A,      logger.error('Distribute model error'; error);,2026-05-28T23:00:00Z,session8_subagents_1-20,session8
116,./server/src/controllers/acosController.ts,1480,      logger.error('Get model audit trail error'; error);,SAFE_LOG,N/A,      logger.error('Get model audit trail error'; error);,2026-05-28T23:00:00Z,session8_subagents_1-20,session8
117,./server/src/controllers/acosController.ts,1501,      logger.error('Transcribe audio error'; error);,SAFE_LOG,N/A,      logger.error('Transcribe audio error'; error);,2026-05-28T23:00:00Z,session8_subagents_1-20,session8
118,./server/src/controllers/acosController.ts,1521,      logger.error('Analyze video error'; error);,SAFE_LOG,N/A,      logger.error('Analyze video error'; error);,2026-05-28T23:00:00Z,session8_subagents_1-20,session8
119,./server/src/controllers/acosController.ts,1537,      logger.error('Register device error'; error);,SAFE_LOG,N/A,      logger.error('Register device error'; error);,2026-05-28T23:00:00Z,session8_subagents_1-20,session8
120,./server/src/controllers/acosController.ts,1552,      logger.error('Perform edge compliance check error'; error);,SAFE_LOG,N/A,      logger.error('Perform edge compliance check error'; error);,2026-05-28T23:00:00Z,session8_subagents_1-20,session8
121,./server/src/controllers/acosController.ts,1568,      logger.error('Bulk register devices error'; error);,SAFE_LOG,N/A,      logger.error('Bulk register devices error'; error);,2026-05-28T23:00:00Z,session8_subagents_1-20,session8
122,./server/src/controllers/acosController.ts,1584,      logger.error('Deregister device error'; error);,SAFE_LOG,N/A,      logger.error('Deregister device error'; error);,2026-05-28T23:00:00Z,session8_subagents_1-20,session8
123,./server/src/controllers/acosController.ts,1600,      logger.error('Monitor device heartbeat error'; error);,SAFE_LOG,N/A,      logger.error('Monitor device heartbeat error'; error);,2026-05-28T23:00:00Z,session8_subagents_1-20,session8
124,./server/src/controllers/acosController.ts,1613,      logger.error('Detect offline devices error'; error);,SAFE_LOG,N/A,      logger.error('Detect offline devices error'; error);,2026-05-28T23:00:00Z,session8_subagents_1-20,session8
125,./server/src/controllers/acosController.ts,1628,      logger.error('Monitor battery level error'; error);,SAFE_LOG,N/A,      logger.error('Monitor battery level error'; error);,2026-05-28T23:00:00Z,session8_subagents_1-20,session8
126,./server/src/controllers/acosController.ts,1643,      logger.error('Monitor connectivity error'; error);,SAFE_LOG,N/A,      logger.error('Monitor connectivity error'; error);,2026-05-28T23:00:00Z,session8_subagents_1-20,session8
127,./server/src/controllers/acosController.ts,1658,      logger.error('Track firmware version error'; error);,SAFE_LOG,N/A,      logger.error('Track firmware version error'; error);,2026-05-28T23:00:00Z,session8_subagents_1-20,session8
128,./server/src/controllers/acosController.ts,1671,      logger.error('Get health dashboard error'; error);,SAFE_LOG,N/A,      logger.error('Get health dashboard error'; error);,2026-05-28T23:00:00Z,session8_subagents_1-20,session8
129,./server/src/controllers/acosController.ts,1688,      logger.error('Get health history error'; error);,SAFE_LOG,N/A,      logger.error('Get health history error'; error);,2026-05-28T23:00:00Z,session8_subagents_1-20,session8
130,./server/src/controllers/acosController.ts,1703,      logger.error('Perform predictive maintenance error'; error);,SAFE_LOG,N/A,      logger.error('Perform predictive maintenance error'; error);,2026-05-28T23:00:00Z,session8_subagents_1-20,session8
131,./server/src/controllers/acosController.ts,1716,      logger.error('Bulk health check error'; error);,SAFE_LOG,N/A,      logger.error('Bulk health check error'; error);,2026-05-28T23:00:00Z,session8_subagents_1-20,session8
132,./server/src/controllers/acosController.ts,1727,      logger.error('Get devices error'; error);,SAFE_LOG,N/A,      logger.error('Get devices error'; error);,2026-05-28T23:00:00Z,session8_subagents_1-20,session8
133,./server/src/controllers/acosController.ts,1743,      logger.error('Create VR session error'; error);,SAFE_LOG,N/A,      logger.error('Create VR session error'; error);,2026-05-28T23:00:00Z,session8_subagents_1-20,session8
134,./server/src/controllers/acosController.ts,1761,      logger.error('Join VR session error'; error);,SAFE_LOG,N/A,      logger.error('Join VR session error'; error);,2026-05-28T23:00:00Z,session8_subagents_1-20,session8
135,./server/src/controllers/acosController.ts,1789,      logger.error('Start VR session error'; error);,SAFE_LOG,N/A,      logger.error('Start VR session error'; error);,2026-05-28T23:00:00Z,session8_subagents_1-20,session8
136,./server/src/controllers/acosController.ts,1804,      logger.error('End VR session error'; error);,SAFE_LOG,N/A,      logger.error('End VR session error'; error);,2026-05-28T23:00:00Z,session8_subagents_1-20,session8
137,./server/src/controllers/acosController.ts,1819,      logger.error('Leave VR session error'; error);,SAFE_LOG,N/A,      logger.error('Leave VR session error'; error);,2026-05-28T23:00:00Z,session8_subagents_1-20,session8
138,./server/src/controllers/acosController.ts,1834,      logger.error('Get VR session details error'; error);,SAFE_LOG,N/A,      logger.error('Get VR session details error'; error);,2026-05-28T23:00:00Z,session8_subagents_1-20,session8
139,./server/src/controllers/acosController.ts,1850,      logger.error('Add VR annotation error'; error);,SAFE_LOG,N/A,      logger.error('Add VR annotation error'; error);,2026-05-28T23:00:00Z,session8_subagents_1-20,session8
140,./server/src/controllers/acosController.ts,1866,      logger.error('Add VR voice annotation error'; error);,SAFE_LOG,N/A,      logger.error('Add VR voice annotation error'; error);,2026-05-28T23:00:00Z,session8_subagents_1-20,session8
141,./server/src/controllers/acosController.ts,1883,      logger.error('Edit VR annotation error'; error);,SAFE_LOG,N/A,      logger.error('Edit VR annotation error'; error);,2026-05-28T23:00:00Z,session8_subagents_1-20,session8
142,./server/src/controllers/acosController.ts,1900,      logger.error('Delete VR annotation error'; error);,SAFE_LOG,N/A,      logger.error('Delete VR annotation error'; error);,2026-05-28T23:00:00Z,session8_subagents_1-20,session8
143,./server/src/controllers/acosController.ts,1915,      logger.error('Get VR annotation history error'; error);,SAFE_LOG,N/A,      logger.error('Get VR annotation history error'; error);,2026-05-28T23:00:00Z,session8_subagents_1-20,session8
144,./server/src/controllers/acosController.ts,1931,      logger.error('Export VR annotations error'; error);,SAFE_LOG,N/A,      logger.error('Export VR annotations error'; error);,2026-05-28T23:00:00Z,session8_subagents_1-20,session8
145,./server/src/controllers/acosController.ts,1944,      logger.error('Get active VR sessions error'; error);,SAFE_LOG,N/A,      logger.error('Get active VR sessions error'; error);,2026-05-28T23:00:00Z,session8_subagents_1-20,session8
146,./server/src/controllers/acosController.ts,1955,      logger.error('VR session health check error'; error);,SAFE_LOG,N/A,      logger.error('VR session health check error'; error);,2026-05-28T23:00:00Z,session8_subagents_1-20,session8
147,./server/src/controllers/acosController.ts,1970,      logger.error('Create VR training scenario error'; error);,SAFE_LOG,N/A,      logger.error('Create VR training scenario error'; error);,2026-05-28T23:00:00Z,session8_subagents_1-20,session8
148,./server/src/controllers/acosController.ts,1986,      logger.error('Start VR training error'; error);,SAFE_LOG,N/A,      logger.error('Start VR training error'; error);,2026-05-28T23:00:00Z,session8_subagents_1-20,session8
149,./server/src/controllers/acosController.ts,2004,      logger.error('Track VR training progress error'; error);,SAFE_LOG,N/A,      logger.error('Track VR training progress error'; error);,2026-05-28T23:00:00Z,session8_subagents_1-20,session8
150,./server/src/controllers/acosController.ts,2019,      logger.error('Evaluate VR training error'; error);,SAFE_LOG,N/A,      logger.error('Evaluate VR training error'; error);,2026-05-28T23:00:00Z,session8_subagents_1-20,session8
151,./server/src/controllers/acosController.ts,2034,      logger.error('Complete VR training error'; error);,SAFE_LOG,N/A,      logger.error('Complete VR training error'; error);,2026-05-28T23:00:00Z,session8_subagents_1-20,session8
152,./server/src/controllers/acosController.ts,2048,      logger.error('Get VR training history error'; error);,SAFE_LOG,N/A,      logger.error('Get VR training history error'; error);,2026-05-28T23:00:00Z,session8_subagents_1-20,session8
153,./server/src/controllers/acosController.ts,2065,      logger.error('Send VR chat message error'; error);,SAFE_LOG,N/A,      logger.error('Send VR chat message error'; error);,2026-05-28T23:00:00Z,session8_subagents_1-20,session8
154,./server/src/controllers/acosController.ts,2077,      logger.error('Get VR chat history error'; error);,SAFE_LOG,N/A,      logger.error('Get VR chat history error'; error);,2026-05-28T23:00:00Z,session8_subagents_1-20,session8
155,./server/src/controllers/acosController.ts,2094,      logger.error('Toggle VR voice chat error'; error);,SAFE_LOG,N/A,      logger.error('Toggle VR voice chat error'; error);,2026-05-28T23:00:00Z,session8_subagents_1-20,session8
156,./server/src/controllers/acosController.ts,2113,      logger.error('Mute VR participant error'; error);,SAFE_LOG,N/A,      logger.error('Mute VR participant error'; error);,2026-05-28T23:00:00Z,session8_subagents_1-20,session8
157,./server/src/controllers/acosController.ts,2131,      logger.error('Update VR pointer error'; error);,SAFE_LOG,N/A,      logger.error('Update VR pointer error'; error);,2026-05-28T23:00:00Z,session8_subagents_1-20,session8
158,./server/src/controllers/acosController.ts,2148,      logger.error('Enable VR screen sharing error'; error);,SAFE_LOG,N/A,      logger.error('Enable VR screen sharing error'; error);,2026-05-28T23:00:00Z,session8_subagents_1-20,session8
159,./server/src/controllers/acosController.ts,2163,      logger.error('Disable VR screen sharing error'; error);,SAFE_LOG,N/A,      logger.error('Disable VR screen sharing error'; error);,2026-05-28T23:00:00Z,session8_subagents_1-20,session8
160,./server/src/controllers/acosController.ts,2179,      logger.error('Enable VR follow mode error'; error);,SAFE_LOG,N/A,      logger.error('Enable VR follow mode error'; error);,2026-05-28T23:00:00Z,session8_subagents_1-20,session8
161,./server/src/controllers/acosController.ts,2195,      logger.error('Disable VR follow mode error'; error);,SAFE_LOG,N/A,      logger.error('Disable VR follow mode error'; error);,2026-05-28T23:00:00Z,session8_subagents_1-20,session8
162,./server/src/controllers/acosController.ts,2210,      logger.error('Enable VR presenter mode error'; error);,SAFE_LOG,N/A,      logger.error('Enable VR presenter mode error'; error);,2026-05-28T23:00:00Z,session8_subagents_1-20,session8
163,./server/src/controllers/acosController.ts,2226,      logger.error('Update VR environment error'; error);,SAFE_LOG,N/A,      logger.error('Update VR environment error'; error);,2026-05-28T23:00:00Z,session8_subagents_1-20,session8
164,./server/src/controllers/acosController.ts,2239,      logger.error('Set VR environment theme error'; error);,SAFE_LOG,N/A,      logger.error('Set VR environment theme error'; error);,2026-05-28T23:00:00Z,session8_subagents_1-20,session8
165,./server/src/controllers/acosController.ts,2255,      logger.error('Register swarm agent error'; error);,SAFE_LOG,N/A,      logger.error('Register swarm agent error'; error);,2026-05-28T23:00:00Z,session8_subagents_1-20,session8
166,./server/src/controllers/acosController.ts,2270,      logger.error('Submit swarm task error'; error);,SAFE_LOG,N/A,      logger.error('Submit swarm task error'; error);,2026-05-28T23:00:00Z,session8_subagents_1-20,session8
167,./server/src/controllers/acosController.ts,2284,      logger.error('Get swarm task status error'; error);,SAFE_LOG,N/A,      logger.error('Get swarm task status error'; error);,2026-05-28T23:00:00Z,session8_subagents_1-20,session8
168,./server/src/controllers/acosController.ts,2296,      logger.error('Get active swarm tasks error'; error);,SAFE_LOG,N/A,      logger.error('Get active swarm tasks error'; error);,2026-05-28T23:00:00Z,session8_subagents_1-20,session8
169,./server/src/controllers/acosController.ts,2312,      logger.error('Cancel swarm task error'; error);,SAFE_LOG,N/A,      logger.error('Cancel swarm task error'; error);,2026-05-28T23:00:00Z,session8_subagents_1-20,session8
170,./server/src/controllers/acosController.ts,2323,      logger.error('Get all swarm tasks error'; error);,SAFE_LOG,N/A,      logger.error('Get all swarm tasks error'; error);,2026-05-28T23:00:00Z,session8_subagents_1-20,session8
171,./server/src/controllers/acosController.ts,2339,      logger.error('Bulk submit swarm tasks error'; error);,SAFE_LOG,N/A,      logger.error('Bulk submit swarm tasks error'; error);,2026-05-28T23:00:00Z,session8_subagents_1-20,session8
172,./server/src/controllers/acosController.ts,2351,      logger.error('Report swarm task progress error'; error);,SAFE_LOG,N/A,      logger.error('Report swarm task progress error'; error);,2026-05-28T23:00:00Z,session8_subagents_1-20,session8
173,./server/src/controllers/acosController.ts,2370,      logger.error('Complete swarm task error'; error);,SAFE_LOG,N/A,      logger.error('Complete swarm task error'; error);,2026-05-28T23:00:00Z,session8_subagents_1-20,session8
174,./server/src/controllers/acosController.ts,2382,      logger.error('Get swarm metrics error'; error);,SAFE_LOG,N/A,      logger.error('Get swarm metrics error'; error);,2026-05-28T23:00:00Z,session8_subagents_1-20,session8
175,./server/src/controllers/acosController.ts,2398,      logger.error('Get swarm historical metrics error'; error);,SAFE_LOG,N/A,      logger.error('Get swarm historical metrics error'; error);,2026-05-28T23:00:00Z,session8_subagents_1-20,session8
176,./server/src/controllers/acosController.ts,2413,      logger.error('Get swarm metric alerts error'; error);,SAFE_LOG,N/A,      logger.error('Get swarm metric alerts error'; error);,2026-05-28T23:00:00Z,session8_subagents_1-20,session8
177,./server/src/controllers/acosController.ts,2429,      logger.error('Resolve swarm metric alert error'; error);,SAFE_LOG,N/A,      logger.error('Resolve swarm metric alert error'; error);,2026-05-28T23:00:00Z,session8_subagents_1-20,session8
178,./server/src/controllers/acosController.ts,2446,      logger.error('Export swarm metrics error'; error);,SAFE_LOG,N/A,      logger.error('Export swarm metrics error'; error);,2026-05-28T23:00:00Z,session8_subagents_1-20,session8
179,./server/src/controllers/acosController.ts,2457,      logger.error('Get swarm dashboard error'; error);,SAFE_LOG,N/A,      logger.error('Get swarm dashboard error'; error);,2026-05-28T23:00:00Z,session8_subagents_1-20,session8
180,./server/src/controllers/acosController.ts,2467,      logger.error('Get swarm agents error'; error);,SAFE_LOG,N/A,      logger.error('Get swarm agents error'; error);,2026-05-28T23:00:00Z,session8_subagents_1-20,session8
181,./server/src/controllers/acosController.ts,2481,      logger.error('Get swarm agent by ID error'; error);,SAFE_LOG,N/A,      logger.error('Get swarm agent by ID error'; error);,2026-05-28T23:00:00Z,session8_subagents_1-20,session8
182,./server/src/controllers/acosController.ts,2498,      logger.error('Update swarm agent status error'; error);,SAFE_LOG,N/A,      logger.error('Update swarm agent status error'; error);,2026-05-28T23:00:00Z,session8_subagents_1-20,session8
183,./server/src/controllers/acosController.ts,2514,      logger.error('Deactivate swarm agent error'; error);,SAFE_LOG,N/A,      logger.error('Deactivate swarm agent error'; error);,2026-05-28T23:00:00Z,session8_subagents_1-20,session8
184,./server/src/controllers/acosController.ts,2530,      logger.error('Reactivate swarm agent error'; error);,SAFE_LOG,N/A,      logger.error('Reactivate swarm agent error'; error);,2026-05-28T23:00:00Z,session8_subagents_1-20,session8
185,./server/src/controllers/acosController.ts,2542,      logger.error('Get swarm agent workload error'; error);,SAFE_LOG,N/A,      logger.error('Get swarm agent workload error'; error);,2026-05-28T23:00:00Z,session8_subagents_1-20,session8
186,./server/src/controllers/acosController.ts,2555,      logger.error('Get federation status error'; error);,SAFE_LOG,N/A,      logger.error('Get federation status error'; error);,2026-05-28T23:00:00Z,session8_subagents_1-20,session8
187,./server/src/controllers/acosController.ts,2570,      logger.error('Participate in swarm error'; error);,SAFE_LOG,N/A,      logger.error('Participate in swarm error'; error);,2026-05-28T23:00:00Z,session8_subagents_1-20,session8
188,./server/src/controllers/acosController.ts,2584,      logger.error('Monitor regulatory feeds error'; error);,SAFE_LOG,N/A,      logger.error('Monitor regulatory feeds error'; error);,2026-05-28T23:00:00Z,session8_subagents_1-20,session8
189,./server/src/controllers/acosController.ts,2599,      logger.error('Get regulatory changes error'; error);,SAFE_LOG,N/A,      logger.error('Get regulatory changes error'; error);,2026-05-28T23:00:00Z,session8_subagents_1-20,session8
190,./server/src/controllers/acosController.ts,2611,      logger.error('Get control loops error'; error);,SAFE_LOG,N/A,      logger.error('Get control loops error'; error);,2026-05-28T23:00:00Z,session8_subagents_1-20,session8
191,./server/src/controllers/acosController.ts,2635,      logger.error('Get compliance debts error'; error);,SAFE_LOG,N/A,      logger.error('Get compliance debts error'; error);,2026-05-28T23:00:00Z,session8_subagents_1-20,session8
192,./server/src/controllers/acosController.ts,2650,      logger.error('Track compliance debt error'; error);,SAFE_LOG,N/A,      logger.error('Track compliance debt error'; error);,2026-05-28T23:00:00Z,session8_subagents_1-20,session8
193,./server/src/controllers/acosController.ts,2666,      logger.error('Calculate debt from gap analysis error'; error);,SAFE_LOG,N/A,      logger.error('Calculate debt from gap analysis error'; error);,2026-05-28T23:00:00Z,session8_subagents_1-20,session8
194,./server/src/controllers/acosController.ts,2682,      logger.error('Resolve compliance debt error'; error);,SAFE_LOG,N/A,      logger.error('Resolve compliance debt error'; error);,2026-05-28T23:00:00Z,session8_subagents_1-20,session8
195,./server/src/controllers/acosController.ts,2697,      logger.error('Export debt report error'; error);,SAFE_LOG,N/A,      logger.error('Export debt report error'; error);,2026-05-28T23:00:00Z,session8_subagents_1-20,session8
196,./server/src/controllers/acosController.ts,2711,      logger.error('Get change impacts error'; error);,SAFE_LOG,N/A,      logger.error('Get change impacts error'; error);,2026-05-28T23:00:00Z,session8_subagents_1-20,session8
197,./server/src/controllers/acosController.ts,2726,      logger.error('Forecast change impact error'; error);,SAFE_LOG,N/A,      logger.error('Forecast change impact error'; error);,2026-05-28T23:00:00Z,session8_subagents_1-20,session8
198,./server/src/controllers/acosController.ts,2742,      logger.error('Resolve change impact error'; error);,SAFE_LOG,N/A,      logger.error('Resolve change impact error'; error);,2026-05-28T23:00:00Z,session8_subagents_1-20,session8
199,./server/src/controllers/acosController.ts,2758,      logger.error('Hybrid reasoning error'; error);,SAFE_LOG,N/A,      logger.error('Hybrid reasoning error'; error);,2026-05-28T23:00:00Z,session8_subagents_1-20,session8
200,./server/src/controllers/acosController.ts,2772,      logger.error('Rule inference error'; error);,SAFE_LOG,N/A,      logger.error('Rule inference error'; error);,2026-05-28T23:00:00Z,session8_subagents_1-20,session8
201,./server/src/controllers/acosController.ts,2786,      logger.error('Causal reasoning error'; error);,SAFE_LOG,N/A,      logger.error('Causal reasoning error'; error);,2026-05-28T23:00:00Z,session8_subagents_1-20,session8
202,./server/src/controllers/acosController.ts,2800,      logger.error('Explainable decision error'; error);,SAFE_LOG,N/A,      logger.error('Explainable decision error'; error);,2026-05-28T23:00:00Z,session8_subagents_1-20,session8
203,./server/src/controllers/acosController.ts,2815,      logger.error('Get reasoning history error'; error);,SAFE_LOG,N/A,      logger.error('Get reasoning history error'; error);,2026-05-28T23:00:00Z,session8_subagents_1-20,session8
204,./server/src/controllers/acosController.ts,2833,      logger.error('Validate inferred rule error'; error);,SAFE_LOG,N/A,      logger.error('Validate inferred rule error'; error);,2026-05-28T23:00:00Z,session8_subagents_1-20,session8
205,./server/src/controllers/acosController.ts,2844,      logger.info('JIT Access request received'; {,GAP_MEDIUM,MEDIUM,      logger.info('JIT Access request received'; {,2026-05-28T23:00:00Z,session8_subagents_1-20,session8
206,./server/src/controllers/acosController.ts,2862,      logger.error('Request JIT access error'; {,GAP_HIGH,HIGH,      logger.error('Request JIT access error'; {,2026-05-28T23:00:00Z,session8_subagents_1-20,session8
207,./server/src/controllers/acosController.ts,2878,      logger.error('Get JIT access sessions error'; error);,SAFE_LOG,N/A,      logger.error('Get JIT access sessions error'; error);,2026-05-28T23:00:00Z,session8_subagents_1-20,session8
208,./server/src/controllers/acosController.ts,2892,      logger.error('Revoke JIT session error'; error);,SAFE_LOG,N/A,      logger.error('Revoke JIT session error'; error);,2026-05-28T23:00:00Z,session8_subagents_1-20,session8
209,./server/src/controllers/acosController.ts,2905,      logger.error('Cancel JIT access request error'; error);,SAFE_LOG,N/A,      logger.error('Cancel JIT access request error'; error);,2026-05-28T23:00:00Z,session8_subagents_1-20,session8
210,./server/src/controllers/acosController.ts,2938,      logger.error('Get pending JIT access requests error'; error);,SAFE_LOG,N/A,      logger.error('Get pending JIT access requests error'; error);,2026-05-28T23:00:00Z,session8_subagents_1-20,session8
211,./server/src/controllers/acosController.ts,2979,      logger.error('Get all JIT access requests error'; error);,SAFE_LOG,N/A,      logger.error('Get all JIT access requests error'; error);,2026-05-28T23:00:00Z,session8_subagents_1-20,session8
212,./server/src/controllers/acosController.ts,3002,      logger.error('Approve JIT access request error'; error);,SAFE_LOG,N/A,      logger.error('Approve JIT access request error'; error);,2026-05-28T23:00:00Z,session8_subagents_1-20,session8
213,./server/src/controllers/acosController.ts,3030,      logger.error('Deny JIT access request error'; error);,SAFE_LOG,N/A,      logger.error('Deny JIT access request error'; error);,2026-05-28T23:00:00Z,session8_subagents_1-20,session8
214,./server/src/controllers/acosController.ts,3051,      logger.info(`Generated ${scheme} homomorphic keys for user ${authReq.user!.id}`);,GAP_MEDIUM,MEDIUM,      logger.info(`Generated ${scheme} homomorphic keys for user ${authReq.user!.id}`);,2026-05-28T23:00:00Z,session8_subagents_1-20,session8
215,./server/src/controllers/acosController.ts,3055,      logger.error('Generate homomorphic keys error'; error);,SAFE_LOG,N/A,      logger.error('Generate homomorphic keys error'; error);,2026-05-28T23:00:00Z,session8_subagents_1-20,session8
216,./server/src/controllers/acosController.ts,3083,      logger.error('Encrypt data error'; error);,SAFE_LOG,N/A,      logger.error('Encrypt data error'; error);,2026-05-28T23:00:00Z,session8_subagents_1-20,session8
217,./server/src/controllers/acosController.ts,3103,      logger.error('Decrypt data error'; error);,SAFE_LOG,N/A,      logger.error('Decrypt data error'; error);,2026-05-28T23:00:00Z,session8_subagents_1-20,session8
218,./server/src/controllers/acosController.ts,3132,      logger.error('Encrypted linear regression error'; error);,SAFE_LOG,N/A,      logger.error('Encrypted linear regression error'; error);,2026-05-28T23:00:00Z,session8_subagents_1-20,session8
219,./server/src/controllers/acosController.ts,3156,      logger.error('Encrypted statistics error'; error);,SAFE_LOG,N/A,      logger.error('Encrypted statistics error'; error);,2026-05-28T23:00:00Z,session8_subagents_1-20,session8
220,./server/src/controllers/acosController.ts,3185,      logger.error('Encrypted neural network error'; error);,SAFE_LOG,N/A,      logger.error('Encrypted neural network error'; error);,2026-05-28T23:00:00Z,session8_subagents_1-20,session8
221,./server/src/controllers/aiController.ts,27,      logger.error('Generate report error'; {,GAP_MEDIUM,MEDIUM,      logger.error('Generate report error'; {,2026-05-28T23:00:00Z,session8_subagents_1-20,session8
222,./server/src/controllers/aiController.ts,57,      logger.error('Generate policy error'; {,GAP_MEDIUM,MEDIUM,      logger.error('Generate policy error'; {,2026-05-28T23:00:00Z,session8_subagents_1-20,session8
223,./server/src/controllers/aiController.ts,82,      logger.error('Analyze contract error'; error);,SAFE_LOG,N/A,      logger.error('Analyze contract error'; error);,2026-05-28T23:00:00Z,session8_subagents_1-20,session8
224,./server/src/controllers/aiController.ts,95,      logger.error('Gap analysis error'; error);,SAFE_LOG,N/A,      logger.error('Gap analysis error'; error);,2026-05-28T23:00:00Z,session8_subagents_1-20,session8
225,./server/src/controllers/aiController.ts,108,      logger.error('RFP response error'; error);,SAFE_LOG,N/A,      logger.error('RFP response error'; error);,2026-05-28T23:00:00Z,session8_subagents_1-20,session8
226,./server/src/controllers/aiController.ts,127,      logger.error('Generate phishing error'; error);,SAFE_LOG,N/A,      logger.error('Generate phishing error'; error);,2026-05-28T23:00:00Z,session8_subagents_1-20,session8
227,./server/src/controllers/aiController.ts,140,      logger.error('Score vendor error'; error);,SAFE_LOG,N/A,      logger.error('Score vendor error'; error);,2026-05-28T23:00:00Z,session8_subagents_1-20,session8
228,./server/src/controllers/aiController.ts,152,      logger.error('Generate data map error'; error);,SAFE_LOG,N/A,      logger.error('Generate data map error'; error);,2026-05-28T23:00:00Z,session8_subagents_1-20,session8
229,./server/src/controllers/aiController.ts,170,      logger.error('Generate BCP error'; error);,SAFE_LOG,N/A,      logger.error('Generate BCP error'; error);,2026-05-28T23:00:00Z,session8_subagents_1-20,session8
230,./server/src/controllers/aiController.ts,198,      logger.error('Chat error'; {,GAP_MEDIUM,MEDIUM,      logger.error('Chat error'; {,2026-05-28T23:00:00Z,session8_subagents_1-20,session8
231,./server/src/controllers/aiController.ts,235,      logger.error('Cross-framework mapping error'; { error: error.message; userId: (req as AuthRequest).user?.id });,GAP_MEDIUM,MEDIUM,      logger.error('Cross-framework mapping error'; { error: error.message; userId: (req as AuthRequest).user?.id });,2026-05-28T23:00:00Z,session8_subagents_1-20,session8
232,./server/src/controllers/aiController.ts,259,      logger.error('Auto-remediation error'; { error: error.message; userId: (req as AuthRequest).user?.id });,GAP_MEDIUM,MEDIUM,      logger.error('Auto-remediation error'; { error: error.message; userId: (req as AuthRequest).user?.id });,2026-05-28T23:00:00Z,session8_subagents_1-20,session8
233,./server/src/controllers/aiController.ts,282,      logger.error('Evidence completeness error'; { error: error.message; userId: (req as AuthRequest).user?.id });,GAP_MEDIUM,MEDIUM,      logger.error('Evidence completeness error'; { error: error.message; userId: (req as AuthRequest).user?.id });,2026-05-28T23:00:00Z,session8_subagents_1-20,session8
234,./server/src/controllers/aiController.ts,305,      logger.error('Agentic vendor risk error'; { error: error.message; userId: (req as AuthRequest).user?.id });,GAP_MEDIUM,MEDIUM,      logger.error('Agentic vendor risk error'; { error: error.message; userId: (req as AuthRequest).user?.id });,2026-05-28T23:00:00Z,session8_subagents_1-20,session8
235,./server/src/controllers/aiController.ts,330,      logger.error('Audit simulation error'; { error: error.message; userId: (req as AuthRequest).user?.id });,GAP_MEDIUM,MEDIUM,      logger.error('Audit simulation error'; { error: error.message; userId: (req as AuthRequest).user?.id });,2026-05-28T23:00:00Z,session8_subagents_1-20,session8
236,./server/src/controllers/aiController.ts,353,      logger.error('NL query error'; { error: error.message; userId: (req as AuthRequest).user?.id });,GAP_MEDIUM,MEDIUM,      logger.error('NL query error'; { error: error.message; userId: (req as AuthRequest).user?.id });,2026-05-28T23:00:00Z,session8_subagents_1-20,session8
237,./server/src/controllers/aiController.ts,377,      logger.error('Copilot error'; { error: error.message; userId: (req as AuthRequest).user?.id });,GAP_MEDIUM,MEDIUM,      logger.error('Copilot error'; { error: error.message; userId: (req as AuthRequest).user?.id });,2026-05-28T23:00:00Z,session8_subagents_1-20,session8
238,./server/src/controllers/aiController.ts,401,      logger.error('Forecasting error'; { error: error.message; userId: (req as AuthRequest).user?.id });,GAP_MEDIUM,MEDIUM,      logger.error('Forecasting error'; { error: error.message; userId: (req as AuthRequest).user?.id });,2026-05-28T23:00:00Z,session8_subagents_1-20,session8
239,./server/src/controllers/aiController.ts,425,      logger.error('Process analysis error'; { error: error.message; userId: (req as AuthRequest).user?.id });,GAP_MEDIUM,MEDIUM,      logger.error('Process analysis error'; { error: error.message; userId: (req as AuthRequest).user?.id });,2026-05-28T23:00:00Z,session8_subagents_1-20,session8
240,./server/src/controllers/aiRmfController.ts,31,      logger.error('Create AI system error:'; error);,SAFE_LOG,N/A,      logger.error('Create AI system error:'; error);,2026-05-28T23:00:00Z,session8_subagents_1-20,session8
241,./server/src/controllers/aiRmfController.ts,52,      logger.error('Get AI systems error:'; error);,SAFE_LOG,N/A,      logger.error('Get AI systems error:'; error);,2026-05-28T23:00:00Z,session8_subagents_1-20,session8
242,./server/src/controllers/aiRmfController.ts,68,      logger.error('Get AI system error:'; error);,SAFE_LOG,N/A,      logger.error('Get AI system error:'; error);,2026-05-28T23:00:00Z,session8_subagents_1-20,session8
243,./server/src/controllers/aiRmfController.ts,92,      logger.error('Update AI system error:'; error);,SAFE_LOG,N/A,      logger.error('Update AI system error:'; error);,2026-05-28T23:00:00Z,session8_subagents_1-20,session8
244,./server/src/controllers/aiRmfController.ts,115,      logger.error('Delete AI system error:'; error);,SAFE_LOG,N/A,      logger.error('Delete AI system error:'; error);,2026-05-28T23:00:00Z,session8_subagents_1-20,session8
245,./server/src/controllers/aiRmfController.ts,144,      logger.error('Update core function error:'; error);,SAFE_LOG,N/A,      logger.error('Update core function error:'; error);,2026-05-28T23:00:00Z,session8_subagents_1-20,session8
246,./server/src/controllers/aiRmfController.ts,172,      logger.error('Update category error:'; error);,SAFE_LOG,N/A,      logger.error('Update category error:'; error);,2026-05-28T23:00:00Z,session8_subagents_1-20,session8
247,./server/src/controllers/aiRmfController.ts,196,      logger.error('Update subcategory error:'; error);,SAFE_LOG,N/A,      logger.error('Update subcategory error:'; error);,2026-05-28T23:00:00Z,session8_subagents_1-20,session8
248,./server/src/controllers/aiRmfController.ts,225,      logger.error('Update trustworthiness characteristic error:'; error);,SAFE_LOG,N/A,      logger.error('Update trustworthiness characteristic error:'; error);,2026-05-28T23:00:00Z,session8_subagents_1-20,session8
249,./server/src/controllers/aiRmfController.ts,254,      logger.error('Update lifecycle stage error:'; error);,SAFE_LOG,N/A,      logger.error('Update lifecycle stage error:'; error);,2026-05-28T23:00:00Z,session8_subagents_1-20,session8
250,./server/src/controllers/aiRmfController.ts,274,      logger.error('Add actor error:'; error);,SAFE_LOG,N/A,      logger.error('Add actor error:'; error);,2026-05-28T23:00:00Z,session8_subagents_1-20,session8
251,./server/src/controllers/aiRmfController.ts,290,      logger.error('Remove actor error:'; error);,SAFE_LOG,N/A,      logger.error('Remove actor error:'; error);,2026-05-28T23:00:00Z,session8_subagents_1-20,session8
252,./server/src/controllers/aiRmfController.ts,318,      logger.error('Create assessment error:'; error);,SAFE_LOG,N/A,      logger.error('Create assessment error:'; error);,2026-05-28T23:00:00Z,session8_subagents_1-20,session8
253,./server/src/controllers/aiRmfController.ts,334,      logger.error('Get assessments error:'; error);,SAFE_LOG,N/A,      logger.error('Get assessments error:'; error);,2026-05-28T23:00:00Z,session8_subagents_1-20,session8
254,./server/src/controllers/aiRmfController.ts,357,      logger.error('Delete assessment error:'; error);,SAFE_LOG,N/A,      logger.error('Delete assessment error:'; error);,2026-05-28T23:00:00Z,session8_subagents_1-20,session8
255,./server/src/controllers/aiRmfController.ts,377,      logger.error('Create profile error:'; error);,SAFE_LOG,N/A,      logger.error('Create profile error:'; error);,2026-05-28T23:00:00Z,session8_subagents_1-20,session8
256,./server/src/controllers/aiRmfController.ts,405,      logger.error('Create risk activity error:'; error);,SAFE_LOG,N/A,      logger.error('Create risk activity error:'; error);,2026-05-28T23:00:00Z,session8_subagents_1-20,session8
257,./server/src/controllers/aiRmfController.ts,429,      logger.error('Update risk activity error:'; error);,SAFE_LOG,N/A,      logger.error('Update risk activity error:'; error);,2026-05-28T23:00:00Z,session8_subagents_1-20,session8
258,./server/src/controllers/aiRmfController.ts,449,      logger.error('Calculate trustworthiness score error:'; error);,SAFE_LOG,N/A,      logger.error('Calculate trustworthiness score error:'; error);,2026-05-28T23:00:00Z,session8_subagents_1-20,session8
259,./server/src/controllers/aiRmfController.ts,464,      logger.error('Get dashboard data error:'; error);,SAFE_LOG,N/A,      logger.error('Get dashboard data error:'; error);,2026-05-28T23:00:00Z,session8_subagents_1-20,session8
260,./server/src/controllers/auditController.ts,54,      logger.error('List audit logs error'; error);,SAFE_LOG,N/A,      logger.error('List audit logs error'; error);,2026-05-28T23:00:00Z,session8_subagents_1-20,session8
261,./server/src/controllers/auditController.ts,125,            logger.error('Failed to update audit log with blockchain info'; error);,SAFE_LOG,N/A,            logger.error('Failed to update audit log with blockchain info'; error);,2026-05-28T23:00:00Z,session8_subagents_1-20,session8
262,./server/src/controllers/auditController.ts,128,          logger.info(`Audit log ${auditLog.id} submitted to blockchain: ${blockchainRecord.transactionHash}`);,SAFE_LOG,N/A,          logger.info(`Audit log ${auditLog.id} submitted to blockchain: ${blockchainRecord.transactionHash}`);,2026-05-28T23:00:00Z,session8_subagents_1-20,session8
263,./server/src/controllers/auditController.ts,131,          logger.warn('Failed to submit audit log to blockchain'; error);,SAFE_LOG,N/A,          logger.warn('Failed to submit audit log to blockchain'; error);,2026-05-28T23:00:00Z,session8_subagents_1-20,session8
264,./server/src/controllers/auditController.ts,137,      logger.error('Create audit log error'; error);,SAFE_LOG,N/A,      logger.error('Create audit log error'; error);,2026-05-28T23:00:00Z,session8_subagents_1-20,session8
265,./server/src/controllers/auditController.ts,187,      logger.error('Export audit logs error'; error);,SAFE_LOG,N/A,      logger.error('Export audit logs error'; error);,2026-05-28T23:00:00Z,session8_subagents_1-20,session8
266,./server/src/controllers/auditController.ts,242,      logger.error('Archive audit logs error'; error);,SAFE_LOG,N/A,      logger.error('Archive audit logs error'; error);,2026-05-28T23:00:00Z,session8_subagents_1-20,session8
267,./server/src/controllers/authController.ts,62,      logger.warn('[Auth] No CAPTCHA secret configured (dev mode)');,SAFE_LOG,N/A,      logger.warn('[Auth] No CAPTCHA secret configured (dev mode)');,2026-05-28T23:00:00Z,session8_subagents_1-20,session8
268,./server/src/controllers/authController.ts,90,        logger.warn('[Auth] CAPTCHA verification failed'; { errors: result['error-codes'] });,SAFE_LOG,N/A,        logger.warn('[Auth] CAPTCHA verification failed'; { errors: result['error-codes'] });,2026-05-28T23:00:00Z,session8_subagents_1-20,session8
269,./server/src/controllers/authController.ts,95,      logger.error('[Auth] CAPTCHA verification service error'; error);,SAFE_LOG,N/A,      logger.error('[Auth] CAPTCHA verification service error'; error);,2026-05-28T23:00:00Z,session8_subagents_1-20,session8
270,./server/src/controllers/authController.ts,178,        logger.info(`New user registered: ${email}`);,GAP_MEDIUM,MEDIUM,        logger.info(`New user registered: ${email}`);,2026-05-28T23:00:00Z,session8_subagents_1-20,session8
271,./server/src/controllers/authController.ts,198,          logger.warn(`Failed to send magic link email to ${email}; but continuing with token generation`);,GAP_MEDIUM,MEDIUM,          logger.warn(`Failed to send magic link email to ${email}; but continuing with token generation`);,2026-05-28T23:00:00Z,session8_subagents_1-20,session8
272,./server/src/controllers/authController.ts,202,        logger.error(`Failed to send magic link email to ${email}:`; error.message);,GAP_MEDIUM,MEDIUM,        logger.error(`Failed to send magic link email to ${email}:`; error.message);,2026-05-28T23:00:00Z,session8_subagents_1-20,session8
273,./server/src/controllers/authController.ts,218,        logger.debug(`[DEV] Magic link token for ${response.email || 'user'}: ${token}`);,GAP_HIGH,HIGH,        logger.debug(`[DEV] Magic link token for ${response.email || 'user'}: ${token}`);,2026-05-28T23:00:00Z,session8_subagents_1-20,session8
274,./server/src/controllers/authController.ts,223,      logger.error('Request magic link error'; {,GAP_MEDIUM,MEDIUM,      logger.error('Request magic link error'; {,2026-05-28T23:00:00Z,session8_subagents_1-20,session8
275,./server/src/controllers/authController.ts,344,        logger.warn('Failed to update lastLogin; continuing with login'; updateErr?.message);,SAFE_LOG,N/A,        logger.warn('Failed to update lastLogin; continuing with login'; updateErr?.message);,2026-05-28T23:00:00Z,session8_subagents_1-20,session8
276,./server/src/controllers/authController.ts,360,        logger.warn('Failed to create audit log; continuing with login'; auditErr?.message);,SAFE_LOG,N/A,        logger.warn('Failed to create audit log; continuing with login'; auditErr?.message);,2026-05-28T23:00:00Z,session8_subagents_1-20,session8
277,./server/src/controllers/authController.ts,394,      logger.info(`User logged in: ${user.email}`);,GAP_MEDIUM,MEDIUM,      logger.info(`User logged in: ${user.email}`);,2026-05-28T23:00:00Z,session8_subagents_1-20,session8
278,./server/src/controllers/authController.ts,396,      logger.error('Verify magic link error'; error);,SAFE_LOG,N/A,      logger.error('Verify magic link error'; error);,2026-05-28T23:00:00Z,session8_subagents_1-20,session8
279,./server/src/controllers/authController.ts,449,      logger.error('Refresh token error'; error);,SAFE_LOG,N/A,      logger.error('Refresh token error'; error);,2026-05-28T23:00:00Z,session8_subagents_1-20,session8
280,./server/src/controllers/authController.ts,554,          logger.info(`[Auth] Migrated password hash to PBKDF2-SHA256 for user ${user.id}`);,GAP_MEDIUM,MEDIUM,          logger.info(`[Auth] Migrated password hash to PBKDF2-SHA256 for user ${user.id}`);,2026-05-28T23:00:00Z,session8_subagents_1-20,session8
281,./server/src/controllers/authController.ts,556,          logger.warn('[Auth] Failed to rehash password during login'; err?.message);,SAFE_LOG,N/A,          logger.warn('[Auth] Failed to rehash password during login'; err?.message);,2026-05-28T23:00:00Z,session8_subagents_1-20,session8
282,./server/src/controllers/authController.ts,567,        logger.warn('[Auth] Failed to update lastLogin'; err?.message);,SAFE_LOG,N/A,        logger.warn('[Auth] Failed to update lastLogin'; err?.message);,2026-05-28T23:00:00Z,session8_subagents_1-20,session8
283,./server/src/controllers/authController.ts,599,        logger.warn('[Auth] Session management not available; continuing without it'; error?.message);,SAFE_LOG,N/A,        logger.warn('[Auth] Session management not available; continuing without it'; error?.message);,2026-05-28T23:00:00Z,session8_subagents_1-20,session8
284,./server/src/controllers/authController.ts,615,        logger.warn('[Auth] Failed to write audit log'; auditErr?.message);,SAFE_LOG,N/A,        logger.warn('[Auth] Failed to write audit log'; auditErr?.message);,2026-05-28T23:00:00Z,session8_subagents_1-20,session8
285,./server/src/controllers/authController.ts,650,      logger.error('Login error'; error);,SAFE_LOG,N/A,      logger.error('Login error'; error);,2026-05-28T23:00:00Z,session8_subagents_1-20,session8
286,./server/src/controllers/authController.ts,706,        logger.info(`User ${email} already exists; sending magic link for login`);,GAP_MEDIUM,MEDIUM,        logger.info(`User ${email} already exists; sending magic link for login`);,2026-05-28T23:00:00Z,session8_subagents_1-20,session8
287,./server/src/controllers/authController.ts,725,            logger.warn(`Failed to send magic link email to ${email}; but continuing with token generation`);,GAP_MEDIUM,MEDIUM,            logger.warn(`Failed to send magic link email to ${email}; but continuing with token generation`);,2026-05-28T23:00:00Z,session8_subagents_1-20,session8
288,./server/src/controllers/authController.ts,728,          logger.error(`Failed to send magic link email to ${email}:`; error.message);,GAP_MEDIUM,MEDIUM,          logger.error(`Failed to send magic link email to ${email}:`; error.message);,2026-05-28T23:00:00Z,session8_subagents_1-20,session8
289,./server/src/controllers/authController.ts,744,          logger.debug(`[Dev] Magic link token for existing user ${email}: ${token}`);,GAP_HIGH,HIGH,          logger.debug(`[Dev] Magic link token for existing user ${email}: ${token}`);,2026-05-28T23:00:00Z,session8_subagents_1-20,session8
290,./server/src/controllers/authController.ts,801,        logger.warn('Registration: email send failed'; { email; error: emailError?.message });,GAP_MEDIUM,MEDIUM,        logger.warn('Registration: email send failed'; { email; error: emailError?.message });,2026-05-28T23:00:00Z,session8_subagents_1-20,session8
291,./server/src/controllers/authController.ts,819,        logger.debug(`[DEV] Magic link token for ${email}: ${token}`);,GAP_HIGH,HIGH,        logger.debug(`[DEV] Magic link token for ${email}: ${token}`);,2026-05-28T23:00:00Z,session8_subagents_1-20,session8
292,./server/src/controllers/authController.ts,824,      logger.info(`New user registered: ${email}`);,GAP_MEDIUM,MEDIUM,      logger.info(`New user registered: ${email}`);,2026-05-28T23:00:00Z,session8_subagents_1-20,session8
293,./server/src/controllers/authController.ts,826,      logger.error('Registration error'; error);,SAFE_LOG,N/A,      logger.error('Registration error'; error);,2026-05-28T23:00:00Z,session8_subagents_1-20,session8
294,./server/src/controllers/authController.ts,963,      logger.info(`User completed 2FA login: ${user.email}`);,GAP_MEDIUM,MEDIUM,      logger.info(`User completed 2FA login: ${user.email}`);,2026-05-28T23:00:00Z,session8_subagents_1-20,session8
295,./server/src/controllers/authController.ts,965,      logger.error('Complete 2FA login error'; error);,SAFE_LOG,N/A,      logger.error('Complete 2FA login error'; error);,2026-05-28T23:00:00Z,session8_subagents_1-20,session8
296,./server/src/controllers/authController.ts,1022,          logger.warn('Failed to send email confirmation; but profile was updated'; emailError);,SAFE_LOG,N/A,          logger.warn('Failed to send email confirmation; but profile was updated'; emailError);,2026-05-28T23:00:00Z,session8_subagents_1-20,session8
297,./server/src/controllers/authController.ts,1059,      logger.info(`User profile updated: ${userId}`);,GAP_MEDIUM,MEDIUM,      logger.info(`User profile updated: ${userId}`);,2026-05-28T23:00:00Z,session8_subagents_1-20,session8
298,./server/src/controllers/authController.ts,1061,      logger.error('Update profile error'; error);,SAFE_LOG,N/A,      logger.error('Update profile error'; error);,2026-05-28T23:00:00Z,session8_subagents_1-20,session8
299,./server/src/controllers/authController.ts,1141,      logger.info(`Password changed for user: ${userId}`);,GAP_MEDIUM,MEDIUM,      logger.info(`Password changed for user: ${userId}`);,2026-05-28T23:00:00Z,session8_subagents_1-20,session8
300,./server/src/controllers/authController.ts,1143,      logger.error('Change password error'; error);,SAFE_LOG,N/A,      logger.error('Change password error'; error);,2026-05-28T23:00:00Z,session8_subagents_1-20,session8
301,./server/src/controllers/authController.ts,1208,      logger.info(`Avatar uploaded for user: ${userId}`);,GAP_MEDIUM,MEDIUM,      logger.info(`Avatar uploaded for user: ${userId}`);,2026-05-28T23:00:00Z,session8_subagents_1-20,session8
302,./server/src/controllers/authController.ts,1210,      logger.error('Upload avatar error'; error);,SAFE_LOG,N/A,      logger.error('Upload avatar error'; error);,2026-05-28T23:00:00Z,session8_subagents_1-20,session8
303,./server/src/controllers/authController.ts,1278,        logger.warn('[Auth] Session termination not available'; error);,SAFE_LOG,N/A,        logger.warn('[Auth] Session termination not available'; error);,2026-05-28T23:00:00Z,session8_subagents_1-20,session8
304,./server/src/controllers/authController.ts,1286,      logger.error('Logout error'; error);,SAFE_LOG,N/A,      logger.error('Logout error'; error);,2026-05-28T23:00:00Z,session8_subagents_1-20,session8
305,./server/src/controllers/authController.ts,1315,        logger.info(`[Auth] Password reset requested for ${email}`);,GAP_MEDIUM,MEDIUM,        logger.info(`[Auth] Password reset requested for ${email}`);,2026-05-28T23:00:00Z,session8_subagents_1-20,session8
306,./server/src/controllers/authController.ts,1317,        logger.info(`[Auth] Password reset requested for unknown/inactive email: ${email}`);,GAP_MEDIUM,MEDIUM,        logger.info(`[Auth] Password reset requested for unknown/inactive email: ${email}`);,2026-05-28T23:00:00Z,session8_subagents_1-20,session8
307,./server/src/controllers/authController.ts,1320,      logger.error('[Auth] Error processing forgot password'; error);,SAFE_LOG,N/A,      logger.error('[Auth] Error processing forgot password'; error);,2026-05-28T23:00:00Z,session8_subagents_1-20,session8
308,./server/src/controllers/authController.ts,1363,    logger.info(`[Auth] Password reset completed for user ${user.email}`);,GAP_MEDIUM,MEDIUM,    logger.info(`[Auth] Password reset completed for user ${user.email}`);,2026-05-28T23:00:00Z,session8_subagents_1-20,session8
309,./server/src/controllers/billingController.ts,92,      logger.error('Create checkout error'; error);,SAFE_LOG,N/A,      logger.error('Create checkout error'; error);,2026-05-28T23:00:00Z,session8_subagents_1-20,session8
310,./server/src/controllers/billingController.ts,123,      logger.error('Create portal session error'; error);,SAFE_LOG,N/A,      logger.error('Create portal session error'; error);,2026-05-28T23:00:00Z,session8_subagents_1-20,session8
311,./server/src/controllers/billingController.ts,175,      logger.error('Stripe webhook error'; error);,SAFE_LOG,N/A,      logger.error('Stripe webhook error'; error);,2026-05-28T23:00:00Z,session8_subagents_1-20,session8
312,./server/src/controllers/billingController.ts,197,      logger.error('Get subscription error'; error);,SAFE_LOG,N/A,      logger.error('Get subscription error'; error);,2026-05-28T23:00:00Z,session8_subagents_1-20,session8
313,./server/src/controllers/billingController.ts,218,      logger.error('Get available tiers error'; error);,SAFE_LOG,N/A,      logger.error('Get available tiers error'; error);,2026-05-28T23:00:00Z,session8_subagents_1-20,session8
314,./server/src/controllers/billingController.ts,263,      logger.error('Preview tier change error'; error);,SAFE_LOG,N/A,      logger.error('Preview tier change error'; error);,2026-05-28T23:00:00Z,session8_subagents_1-20,session8
315,./server/src/controllers/billingController.ts,315,      logger.error('Change tier error'; error);,SAFE_LOG,N/A,      logger.error('Change tier error'; error);,2026-05-28T23:00:00Z,session8_subagents_1-20,session8
316,./server/src/controllers/billingController.ts,353,      logger.error('Cancel subscription error'; error);,SAFE_LOG,N/A,      logger.error('Cancel subscription error'; error);,2026-05-28T23:00:00Z,session8_subagents_1-20,session8
317,./server/src/controllers/billingController.ts,379,      logger.error('Reactivate subscription error'; error);,SAFE_LOG,N/A,      logger.error('Reactivate subscription error'; error);,2026-05-28T23:00:00Z,session8_subagents_1-20,session8
318,./server/src/controllers/billingController.ts,423,      logger.error('Add add-on error'; error);,SAFE_LOG,N/A,      logger.error('Add add-on error'; error);,2026-05-28T23:00:00Z,session8_subagents_1-20,session8
319,./server/src/controllers/billingController.ts,454,      logger.error('Remove add-on error'; error);,SAFE_LOG,N/A,      logger.error('Remove add-on error'; error);,2026-05-28T23:00:00Z,session8_subagents_1-20,session8
320,./server/src/controllers/billingController.ts,475,      logger.error('Get usage metrics error'; error);,SAFE_LOG,N/A,      logger.error('Get usage metrics error'; error);,2026-05-28T23:00:00Z,session8_subagents_1-20,session8
321,./server/src/controllers/billingController.ts,502,      logger.error('Get subscription history error'; error);,SAFE_LOG,N/A,      logger.error('Get subscription history error'; error);,2026-05-28T23:00:00Z,session8_subagents_1-20,session8
322,./server/src/controllers/billingController.ts,533,      logger.error('Request quote error'; error);,SAFE_LOG,N/A,      logger.error('Request quote error'; error);,2026-05-28T23:00:00Z,session8_subagents_1-20,session8
323,./server/src/controllers/billingController.ts,603,      logger.error('Process refund error'; error);,SAFE_LOG,N/A,      logger.error('Process refund error'; error);,2026-05-28T23:00:00Z,session8_subagents_1-20,session8
324,./server/src/controllers/billingController.ts,640,      logger.error('Get available features error'; error);,SAFE_LOG,N/A,      logger.error('Get available features error'; error);,2026-05-28T23:00:00Z,session8_subagents_1-20,session8
325,./server/src/controllers/billingController.ts,679,      logger.error('Get feature subscriptions error'; error);,SAFE_LOG,N/A,      logger.error('Get feature subscriptions error'; error);,2026-05-28T23:00:00Z,session8_subagents_1-20,session8
326,./server/src/controllers/billingController.ts,708,      logger.error('Subscribe to feature error'; error);,SAFE_LOG,N/A,      logger.error('Subscribe to feature error'; error);,2026-05-28T23:00:00Z,session8_subagents_1-20,session8
327,./server/src/controllers/billingController.ts,728,      logger.error('Unsubscribe from feature error'; error);,SAFE_LOG,N/A,      logger.error('Unsubscribe from feature error'; error);,2026-05-28T23:00:00Z,session8_subagents_1-20,session8
328,./server/src/controllers/billingController.ts,757,      logger.error('Subscribe to bundle error'; error);,SAFE_LOG,N/A,      logger.error('Subscribe to bundle error'; error);,2026-05-28T23:00:00Z,session8_subagents_1-20,session8
329,./server/src/controllers/billingController.ts,790,      logger.error('Get available bundles error'; error);,SAFE_LOG,N/A,      logger.error('Get available bundles error'; error);,2026-05-28T23:00:00Z,session8_subagents_1-20,session8
330,./server/src/controllers/billingController.ts,818,      logger.error('Check feature access error'; error);,SAFE_LOG,N/A,      logger.error('Check feature access error'; error);,2026-05-28T23:00:00Z,session8_subagents_1-20,session8
331,./server/src/controllers/controlMappingsController.ts,92,      logger.error('Create mapping error'; error);,SAFE_LOG,N/A,      logger.error('Create mapping error'; error);,2026-05-28T23:00:00Z,session8_subagents_1-20,session8
332,./server/src/controllers/controlMappingsController.ts,129,      logger.error('List mappings error'; error);,SAFE_LOG,N/A,      logger.error('List mappings error'; error);,2026-05-28T23:00:00Z,session8_subagents_1-20,session8
333,./server/src/controllers/controlMappingsController.ts,189,      logger.error('Get mappings error'; error);,SAFE_LOG,N/A,      logger.error('Get mappings error'; error);,2026-05-28T23:00:00Z,session8_subagents_1-20,session8
334,./server/src/controllers/controlMappingsController.ts,259,      logger.error('Update mapping error'; error);,SAFE_LOG,N/A,      logger.error('Update mapping error'; error);,2026-05-28T23:00:00Z,session8_subagents_1-20,session8
335,./server/src/controllers/controlMappingsController.ts,316,      logger.error('Delete mapping error'; error);,SAFE_LOG,N/A,      logger.error('Delete mapping error'; error);,2026-05-28T23:00:00Z,session8_subagents_1-20,session8
336,./server/src/controllers/controlMappingsController.ts,394,      logger.error('Export mappings error'; error);,SAFE_LOG,N/A,      logger.error('Export mappings error'; error);,2026-05-28T23:00:00Z,session8_subagents_1-20,session8
337,./server/src/controllers/demoController.ts,110,      logger.info(`Demo request submitted: ${demoRequest.email} (${demoRequest.company})`);,GAP_MEDIUM,MEDIUM,      logger.info(`Demo request submitted: ${demoRequest.email} (${demoRequest.company})`);,2026-05-28T23:00:00Z,session8_subagents_1-20,session8
338,./server/src/controllers/demoController.ts,259,      logger.info(`Demo request updated: ${id} - Status: ${status}`);,SAFE_LOG,N/A,      logger.info(`Demo request updated: ${id} - Status: ${status}`);,2026-05-28T23:00:00Z,session8_subagents_1-20,session8
339,./server/src/controllers/demoController.ts,299,      logger.info(`Demo scheduled for ${demoRequest.email} at ${scheduledAt}`);,GAP_MEDIUM,MEDIUM,      logger.info(`Demo scheduled for ${demoRequest.email} at ${scheduledAt}`);,2026-05-28T23:00:00Z,session8_subagents_1-20,session8
340,./server/src/controllers/demoController.ts,341,      logger.info(`Demo request converted: ${id} -> User ${userId}`);,SAFE_LOG,N/A,      logger.info(`Demo request converted: ${id} -> User ${userId}`);,2026-05-28T23:00:00Z,session8_subagents_1-20,session8
341,./server/src/controllers/demoController.ts,458,      logger.info(`Demo request deleted: ${id}`);,SAFE_LOG,N/A,      logger.info(`Demo request deleted: ${id}`);,2026-05-28T23:00:00Z,session8_subagents_1-20,session8
342,./server/src/controllers/demoController.ts,629,      logger.info(`Demo request email sent to contact@complyeasyai.com for ${demoRequest.email}`);,GAP_MEDIUM,MEDIUM,      logger.info(`Demo request email sent to contact@complyeasyai.com for ${demoRequest.email}`);,2026-05-28T23:00:00Z,session8_subagents_1-20,session8
343,./server/src/controllers/demoController.ts,631,      logger.error('Failed to send demo request email'; error);,SAFE_LOG,N/A,      logger.error('Failed to send demo request email'; error);,2026-05-28T23:00:00Z,session8_subagents_1-20,session8
344,./server/src/controllers/demoController.ts,634,        logger.error(`Email error details: ${error.message}`);,SAFE_LOG,N/A,        logger.error(`Email error details: ${error.message}`);,2026-05-28T23:00:00Z,session8_subagents_1-20,session8
345,./server/src/controllers/demoController.ts,692,      logger.info(`Welcome email webhook dispatched for ${demoRequest.email}`);,GAP_MEDIUM,MEDIUM,      logger.info(`Welcome email webhook dispatched for ${demoRequest.email}`);,2026-05-28T23:00:00Z,session8_subagents_1-20,session8
346,./server/src/controllers/demoController.ts,694,      logger.error('Failed to dispatch welcome email webhook'; error);,SAFE_LOG,N/A,      logger.error('Failed to dispatch welcome email webhook'; error);,2026-05-28T23:00:00Z,session8_subagents_1-20,session8
347,./server/src/controllers/demoController.ts,743,      logger.info(`Demo request notification webhook dispatched for ${demoRequest.email}`);,GAP_MEDIUM,MEDIUM,      logger.info(`Demo request notification webhook dispatched for ${demoRequest.email}`);,2026-05-28T23:00:00Z,session8_subagents_1-20,session8
348,./server/src/controllers/demoController.ts,745,      logger.error('Failed to dispatch demo request notification webhook'; error);,SAFE_LOG,N/A,      logger.error('Failed to dispatch demo request notification webhook'; error);,2026-05-28T23:00:00Z,session8_subagents_1-20,session8
349,./server/src/controllers/demoController.ts,785,      logger.error('Failed to dispatch status change webhook'; error);,SAFE_LOG,N/A,      logger.error('Failed to dispatch status change webhook'; error);,2026-05-28T23:00:00Z,session8_subagents_1-20,session8
350,./server/src/controllers/demoController.ts,825,      logger.info(`Schedule confirmation webhook dispatched for ${demoRequest.email}`);,GAP_MEDIUM,MEDIUM,      logger.info(`Schedule confirmation webhook dispatched for ${demoRequest.email}`);,2026-05-28T23:00:00Z,session8_subagents_1-20,session8
351,./server/src/controllers/demoController.ts,827,      logger.error('Failed to dispatch schedule confirmation webhook'; error);,SAFE_LOG,N/A,      logger.error('Failed to dispatch schedule confirmation webhook'; error);,2026-05-28T23:00:00Z,session8_subagents_1-20,session8
352,./server/src/controllers/demoController.ts,867,      logger.info(`Conversion webhook dispatched for ${demoRequest.email}`);,GAP_MEDIUM,MEDIUM,      logger.info(`Conversion webhook dispatched for ${demoRequest.email}`);,2026-05-28T23:00:00Z,session8_subagents_1-20,session8
353,./server/src/controllers/demoController.ts,869,      logger.error('Failed to dispatch conversion webhook'; error);,SAFE_LOG,N/A,      logger.error('Failed to dispatch conversion webhook'; error);,2026-05-28T23:00:00Z,session8_subagents_1-20,session8
354,./server/src/controllers/evidenceVersioningController.ts,51,      logger.error('Get versions error'; { error: error.message; stack: error.stack; controlId: controlId });,SAFE_LOG,N/A,      logger.error('Get versions error'; { error: error.message; stack: error.stack; controlId: controlId });,2026-05-28T23:00:00Z,session8_subagents_1-20,session8
355,./server/src/controllers/evidenceVersioningController.ts,96,      logger.error('Get version error'; { error: error.message; stack: error.stack });,SAFE_LOG,N/A,      logger.error('Get version error'; { error: error.message; stack: error.stack });,2026-05-28T23:00:00Z,session8_subagents_1-20,session8
356,./server/src/controllers/evidenceVersioningController.ts,172,      logger.error('Create version error'; error);,SAFE_LOG,N/A,      logger.error('Create version error'; error);,2026-05-28T23:00:00Z,session8_subagents_1-20,session8
357,./server/src/controllers/evidenceVersioningController.ts,238,      logger.error('Restore version error'; error);,SAFE_LOG,N/A,      logger.error('Restore version error'; error);,2026-05-28T23:00:00Z,session8_subagents_1-20,session8
358,./server/src/controllers/evidenceVersioningController.ts,293,      logger.error('Delete version error'; error);,SAFE_LOG,N/A,      logger.error('Delete version error'; error);,2026-05-28T23:00:00Z,session8_subagents_1-20,session8
359,./server/src/controllers/featureModulesController.ts,289,    logger.error('Error fetching CE products:'; error);,SAFE_LOG,N/A,    logger.error('Error fetching CE products:'; error);,2026-05-28T23:00:00Z,session8_subagents_1-20,session8
360,./server/src/controllers/featureModulesController.ts,382,    logger.error('Error fetching CE documents:'; error);,SAFE_LOG,N/A,    logger.error('Error fetching CE documents:'; error);,2026-05-28T23:00:00Z,session8_subagents_1-20,session8
361,./server/src/controllers/featureModulesController.ts,397,    logger.error('Error fetching CE risk items:'; error);,SAFE_LOG,N/A,    logger.error('Error fetching CE risk items:'; error);,2026-05-28T23:00:00Z,session8_subagents_1-20,session8
362,./server/src/controllers/featureModulesController.ts,443,    logger.error('Error fetching CE surveillance checks:'; error);,SAFE_LOG,N/A,    logger.error('Error fetching CE surveillance checks:'; error);,2026-05-28T23:00:00Z,session8_subagents_1-20,session8
363,./server/src/controllers/featureModulesController.ts,460,    logger.error('Error fetching digital product passports:'; error);,SAFE_LOG,N/A,    logger.error('Error fetching digital product passports:'; error);,2026-05-28T23:00:00Z,session8_subagents_1-20,session8
364,./server/src/controllers/featureModulesController.ts,524,    logger.error('Error fetching DPP materials:'; error);,SAFE_LOG,N/A,    logger.error('Error fetching DPP materials:'; error);,2026-05-28T23:00:00Z,session8_subagents_1-20,session8
365,./server/src/controllers/featureModulesController.ts,546,    logger.error('Error fetching DPP carbon data:'; error);,SAFE_LOG,N/A,    logger.error('Error fetching DPP carbon data:'; error);,2026-05-28T23:00:00Z,session8_subagents_1-20,session8
366,./server/src/controllers/featureModulesController.ts,565,    logger.error('Error fetching DPP supply chain:'; error);,SAFE_LOG,N/A,    logger.error('Error fetching DPP supply chain:'; error);,2026-05-28T23:00:00Z,session8_subagents_1-20,session8
367,./server/src/controllers/featureModulesController.ts,590,    logger.error('Error fetching DPP sustainability:'; error);,SAFE_LOG,N/A,    logger.error('Error fetching DPP sustainability:'; error);,2026-05-28T23:00:00Z,session8_subagents_1-20,session8
368,./server/src/controllers/featureModulesController.ts,607,    logger.error('Error fetching DPP certifications:'; error);,SAFE_LOG,N/A,    logger.error('Error fetching DPP certifications:'; error);,2026-05-28T23:00:00Z,session8_subagents_1-20,session8
369,./server/src/controllers/featureModulesController.ts,898,    logger.error('Error aggregating SBOM licenses:'; error);,SAFE_LOG,N/A,    logger.error('Error aggregating SBOM licenses:'; error);,2026-05-28T23:00:00Z,session8_subagents_1-20,session8
370,./server/src/controllers/featureModulesController.ts,916,    logger.error('Error fetching surveillance plans:'; error);,SAFE_LOG,N/A,    logger.error('Error fetching surveillance plans:'; error);,2026-05-28T23:00:00Z,session8_subagents_1-20,session8
371,./server/src/controllers/featureModulesController.ts,977,    logger.error('Error fetching product recalls:'; error);,SAFE_LOG,N/A,    logger.error('Error fetching product recalls:'; error);,2026-05-28T23:00:00Z,session8_subagents_1-20,session8
372,./server/src/controllers/frameworksController.ts,54,      logger.error('List frameworks error'; error);,SAFE_LOG,N/A,      logger.error('List frameworks error'; error);,2026-05-28T23:00:00Z,session8_subagents_1-20,session8
373,./server/src/controllers/frameworksController.ts,118,      logger.error('Get framework error'; error);,SAFE_LOG,N/A,      logger.error('Get framework error'; error);,2026-05-28T23:00:00Z,session8_subagents_1-20,session8
374,./server/src/controllers/frameworksController.ts,171,          logger.info(`Auto-created ${controlsCreated.length} controls for EU framework: ${sanitizedName}`; {,SAFE_LOG,N/A,          logger.info(`Auto-created ${controlsCreated.length} controls for EU framework: ${sanitizedName}`; {,2026-05-28T23:00:00Z,session8_subagents_1-20,session8
375,./server/src/controllers/frameworksController.ts,176,          logger.error(`Failed to auto-create controls for EU framework: ${sanitizedName}`; controlError);,SAFE_LOG,N/A,          logger.error(`Failed to auto-create controls for EU framework: ${sanitizedName}`; controlError);,2026-05-28T23:00:00Z,session8_subagents_1-20,session8
376,./server/src/controllers/frameworksController.ts,192,      logger.info(`Framework created: ${framework.id}`);,SAFE_LOG,N/A,      logger.info(`Framework created: ${framework.id}`);,2026-05-28T23:00:00Z,session8_subagents_1-20,session8
377,./server/src/controllers/frameworksController.ts,194,      logger.error('Create framework error'; error);,SAFE_LOG,N/A,      logger.error('Create framework error'; error);,2026-05-28T23:00:00Z,session8_subagents_1-20,session8
378,./server/src/controllers/frameworksController.ts,263,          logger.warn(`Framework ${id} audit date set to past date: ${auditDate.toISOString()}`);,SAFE_LOG,N/A,          logger.warn(`Framework ${id} audit date set to past date: ${auditDate.toISOString()}`);,2026-05-28T23:00:00Z,session8_subagents_1-20,session8
379,./server/src/controllers/frameworksController.ts,295,      logger.error('Update framework error'; error);,SAFE_LOG,N/A,      logger.error('Update framework error'; error);,2026-05-28T23:00:00Z,session8_subagents_1-20,session8
380,./server/src/controllers/frameworksController.ts,382,          logger.warn('[Framework] Notification service not available'; notifError);,SAFE_LOG,N/A,          logger.warn('[Framework] Notification service not available'; notifError);,2026-05-28T23:00:00Z,session8_subagents_1-20,session8
381,./server/src/controllers/frameworksController.ts,398,      logger.error('Resolve conflict error'; error);,SAFE_LOG,N/A,      logger.error('Resolve conflict error'; error);,2026-05-28T23:00:00Z,session8_subagents_1-20,session8
382,./server/src/controllers/frameworksController.ts,431,      logger.error('Delete framework error'; error);,SAFE_LOG,N/A,      logger.error('Delete framework error'; error);,2026-05-28T23:00:00Z,session8_subagents_1-20,session8
383,./server/src/controllers/frameworksController.ts,498,      logger.error('Export control error'; error);,SAFE_LOG,N/A,      logger.error('Export control error'; error);,2026-05-28T23:00:00Z,session8_subagents_1-20,session8
384,./server/src/controllers/frameworksController.ts,567,      logger.error('Create control error'; error);,SAFE_LOG,N/A,      logger.error('Create control error'; error);,2026-05-28T23:00:00Z,session8_subagents_1-20,session8
385,./server/src/controllers/frameworksController.ts,631,          logger.warn('Failed to update control loop confidence'; acosError);,SAFE_LOG,N/A,          logger.warn('Failed to update control loop confidence'; acosError);,2026-05-28T23:00:00Z,session8_subagents_1-20,session8
386,./server/src/controllers/frameworksController.ts,653,          logger.warn('Failed to send owner assignment notification'; notificationError);,SAFE_LOG,N/A,          logger.warn('Failed to send owner assignment notification'; notificationError);,2026-05-28T23:00:00Z,session8_subagents_1-20,session8
387,./server/src/controllers/frameworksController.ts,660,        logger.warn(`Control ${control.id} status updated to ${updateData.status} but evidence is required and not uploaded`);,SAFE_LOG,N/A,        logger.warn(`Control ${control.id} status updated to ${updateData.status} but evidence is required and not uploaded`);,2026-05-28T23:00:00Z,session8_subagents_1-20,session8
388,./server/src/controllers/frameworksController.ts,687,      logger.error('Update control error'; error);,SAFE_LOG,N/A,      logger.error('Update control error'; error);,2026-05-28T23:00:00Z,session8_subagents_1-20,session8
389,./server/src/controllers/frameworksController.ts,750,      logger.error('Bulk update controls error'; error);,SAFE_LOG,N/A,      logger.error('Bulk update controls error'; error);,2026-05-28T23:00:00Z,session8_subagents_1-20,session8
390,./server/src/controllers/frameworksController.ts,762,      logger.info(`Upload evidence request: frameworkId=${frameworkId}; controlId=${controlId}; organizationId=${organizationId}`);,SAFE_LOG,N/A,      logger.info(`Upload evidence request: frameworkId=${frameworkId}; controlId=${controlId}; organizationId=${organizationId}`);,2026-05-28T23:00:00Z,session8_subagents_1-20,session8
391,./server/src/controllers/frameworksController.ts,770,        logger.warn(`Framework not found: ${frameworkId} for organization ${organizationId}`);,SAFE_LOG,N/A,        logger.warn(`Framework not found: ${frameworkId} for organization ${organizationId}`);,2026-05-28T23:00:00Z,session8_subagents_1-20,session8
392,./server/src/controllers/frameworksController.ts,779,        logger.warn(`Control not found: ${controlId} for framework ${frameworkId}`);,SAFE_LOG,N/A,        logger.warn(`Control not found: ${controlId} for framework ${frameworkId}`);,2026-05-28T23:00:00Z,session8_subagents_1-20,session8
393,./server/src/controllers/frameworksController.ts,786,        logger.warn('No file uploaded in request');,SAFE_LOG,N/A,        logger.warn('No file uploaded in request');,2026-05-28T23:00:00Z,session8_subagents_1-20,session8
394,./server/src/controllers/frameworksController.ts,790,      logger.info(`File received: ${file.originalname}; size: ${file.size}; type: ${file.mimetype}`);,SAFE_LOG,N/A,      logger.info(`File received: ${file.originalname}; size: ${file.size}; type: ${file.mimetype}`);,2026-05-28T23:00:00Z,session8_subagents_1-20,session8
395,./server/src/controllers/frameworksController.ts,802,        logger.info(`File uploaded to S3: ${uploadResult.url}`);,SAFE_LOG,N/A,        logger.info(`File uploaded to S3: ${uploadResult.url}`);,2026-05-28T23:00:00Z,session8_subagents_1-20,session8
396,./server/src/controllers/frameworksController.ts,804,        logger.error('S3 upload error'; s3Error);,SAFE_LOG,N/A,        logger.error('S3 upload error'; s3Error);,2026-05-28T23:00:00Z,session8_subagents_1-20,session8
397,./server/src/controllers/frameworksController.ts,828,        logger.warn('Failed to create evidence version'; versionError);,SAFE_LOG,N/A,        logger.warn('Failed to create evidence version'; versionError);,2026-05-28T23:00:00Z,session8_subagents_1-20,session8
398,./server/src/controllers/frameworksController.ts,850,        logger.info(`Evidence updated for control: ${controlId}`);,SAFE_LOG,N/A,        logger.info(`Evidence updated for control: ${controlId}`);,2026-05-28T23:00:00Z,session8_subagents_1-20,session8
399,./server/src/controllers/frameworksController.ts,861,        logger.error('Database update error'; dbError);,SAFE_LOG,N/A,        logger.error('Database update error'; dbError);,2026-05-28T23:00:00Z,session8_subagents_1-20,session8
400,./server/src/controllers/frameworksController.ts,865,      logger.error('Upload evidence error'; error);,SAFE_LOG,N/A,      logger.error('Upload evidence error'; error);,2026-05-28T23:00:00Z,session8_subagents_1-20,session8
401,./server/src/controllers/frameworksController.ts,928,        logger.error('Failed to generate signed URL'; s3Error);,SAFE_LOG,N/A,        logger.error('Failed to generate signed URL'; s3Error);,2026-05-28T23:00:00Z,session8_subagents_1-20,session8
402,./server/src/controllers/frameworksController.ts,931,        logger.error('S3 Key used:'; s3Key);,SAFE_LOG,N/A,        logger.error('S3 Key used:'; s3Key);,2026-05-28T23:00:00Z,session8_subagents_1-20,session8
403,./server/src/controllers/frameworksController.ts,932,        logger.error('Original evidence URL:'; control.evidence);,SAFE_LOG,N/A,        logger.error('Original evidence URL:'; control.evidence);,2026-05-28T23:00:00Z,session8_subagents_1-20,session8
404,./server/src/controllers/frameworksController.ts,936,      logger.error('Get evidence URL error'; error);,SAFE_LOG,N/A,      logger.error('Get evidence URL error'; error);,2026-05-28T23:00:00Z,session8_subagents_1-20,session8
405,./server/src/controllers/frameworksController.ts,1077,      logger.error('Smart upload error'; error);,SAFE_LOG,N/A,      logger.error('Smart upload error'; error);,2026-05-28T23:00:00Z,session8_subagents_1-20,session8
406,./server/src/controllers/frameworksController.ts,1148,      logger.error('Accept suggestion error'; error);,SAFE_LOG,N/A,      logger.error('Accept suggestion error'; error);,2026-05-28T23:00:00Z,session8_subagents_1-20,session8
407,./server/src/controllers/frameworksController.ts,1197,      logger.error('Reject suggestion error'; error);,SAFE_LOG,N/A,      logger.error('Reject suggestion error'; error);,2026-05-28T23:00:00Z,session8_subagents_1-20,session8
408,./server/src/controllers/frameworksController.ts,1241,      logger.error('Get suggestions error'; error);,SAFE_LOG,N/A,      logger.error('Get suggestions error'; error);,2026-05-28T23:00:00Z,session8_subagents_1-20,session8
409,./server/src/controllers/frameworksController.ts,1291,      logger.error('Delete control error'; error);,SAFE_LOG,N/A,      logger.error('Delete control error'; error);,2026-05-28T23:00:00Z,session8_subagents_1-20,session8
410,./server/src/controllers/integrationsController.ts,155,    logger.error('Error generating Google auth URL'; error);,SAFE_LOG,N/A,    logger.error('Error generating Google auth URL'; error);,2026-05-28T23:00:00Z,session8_subagents_1-20,session8
411,./server/src/controllers/integrationsController.ts,198,          logger.warn(`Google OAuth token exchange attempt ${attempt + 1} failed; retrying in ${delay}ms...`);,SAFE_LOG,N/A,          logger.warn(`Google OAuth token exchange attempt ${attempt + 1} failed; retrying in ${delay}ms...`);,2026-05-28T23:00:00Z,session8_subagents_1-20,session8
412,./server/src/controllers/integrationsController.ts,220,        logger.error('Error in Google OAuth callback (non-retryable)'; error);,SAFE_LOG,N/A,        logger.error('Error in Google OAuth callback (non-retryable)'; error);,2026-05-28T23:00:00Z,session8_subagents_1-20,session8
413,./server/src/controllers/integrationsController.ts,234,        logger.warn(`Google OAuth callback attempt ${attempt + 1} failed; retrying in ${delay}ms...`; error.message);,SAFE_LOG,N/A,        logger.warn(`Google OAuth callback attempt ${attempt + 1} failed; retrying in ${delay}ms...`; error.message);,2026-05-28T23:00:00Z,session8_subagents_1-20,session8
414,./server/src/controllers/integrationsController.ts,242,  logger.error('Error in Google OAuth callback after retries'; lastError);,SAFE_LOG,N/A,  logger.error('Error in Google OAuth callback after retries'; lastError);,2026-05-28T23:00:00Z,session8_subagents_1-20,session8
415,./server/src/controllers/integrationsController.ts,273,    logger.error('Error syncing Google data'; error);,SAFE_LOG,N/A,    logger.error('Error syncing Google data'; error);,2026-05-28T23:00:00Z,session8_subagents_1-20,session8
416,./server/src/controllers/integrationsController.ts,286,    logger.error('Error disconnecting Google'; error);,SAFE_LOG,N/A,    logger.error('Error disconnecting Google'; error);,2026-05-28T23:00:00Z,session8_subagents_1-20,session8
417,./server/src/controllers/integrationsController.ts,305,    logger.error('Error generating GitHub auth URL'; error);,SAFE_LOG,N/A,    logger.error('Error generating GitHub auth URL'; error);,2026-05-28T23:00:00Z,session8_subagents_1-20,session8
418,./server/src/controllers/integrationsController.ts,336,    logger.error('Error in GitHub OAuth callback'; error);,SAFE_LOG,N/A,    logger.error('Error in GitHub OAuth callback'; error);,2026-05-28T23:00:00Z,session8_subagents_1-20,session8
419,./server/src/controllers/integrationsController.ts,374,    logger.error('Error syncing GitHub data'; error);,SAFE_LOG,N/A,    logger.error('Error syncing GitHub data'; error);,2026-05-28T23:00:00Z,session8_subagents_1-20,session8
420,./server/src/controllers/integrationsController.ts,387,    logger.error('Error disconnecting GitHub'; error);,SAFE_LOG,N/A,    logger.error('Error disconnecting GitHub'; error);,2026-05-28T23:00:00Z,session8_subagents_1-20,session8
421,./server/src/controllers/integrationsController.ts,406,    logger.error('Error generating Slack auth URL'; error);,SAFE_LOG,N/A,    logger.error('Error generating Slack auth URL'; error);,2026-05-28T23:00:00Z,session8_subagents_1-20,session8
422,./server/src/controllers/integrationsController.ts,434,    logger.error('Error in Slack OAuth callback'; error);,SAFE_LOG,N/A,    logger.error('Error in Slack OAuth callback'; error);,2026-05-28T23:00:00Z,session8_subagents_1-20,session8
423,./server/src/controllers/integrationsController.ts,466,    logger.error('Error syncing Slack data'; error);,SAFE_LOG,N/A,    logger.error('Error syncing Slack data'; error);,2026-05-28T23:00:00Z,session8_subagents_1-20,session8
424,./server/src/controllers/integrationsController.ts,485,    logger.error('Error posting Slack message'; error);,SAFE_LOG,N/A,    logger.error('Error posting Slack message'; error);,2026-05-28T23:00:00Z,session8_subagents_1-20,session8
425,./server/src/controllers/integrationsController.ts,498,    logger.error('Error disconnecting Slack'; error);,SAFE_LOG,N/A,    logger.error('Error disconnecting Slack'; error);,2026-05-28T23:00:00Z,session8_subagents_1-20,session8
426,./server/src/controllers/integrationsController.ts,517,    logger.error('Error generating Jira auth URL'; error);,SAFE_LOG,N/A,    logger.error('Error generating Jira auth URL'; error);,2026-05-28T23:00:00Z,session8_subagents_1-20,session8
427,./server/src/controllers/integrationsController.ts,562,    logger.error('Error in Jira OAuth callback'; error);,SAFE_LOG,N/A,    logger.error('Error in Jira OAuth callback'; error);,2026-05-28T23:00:00Z,session8_subagents_1-20,session8
428,./server/src/controllers/integrationsController.ts,594,    logger.error('Error syncing Jira data'; error);,SAFE_LOG,N/A,    logger.error('Error syncing Jira data'; error);,2026-05-28T23:00:00Z,session8_subagents_1-20,session8
429,./server/src/controllers/integrationsController.ts,619,    logger.error('Error creating Jira issue'; error);,SAFE_LOG,N/A,    logger.error('Error creating Jira issue'; error);,2026-05-28T23:00:00Z,session8_subagents_1-20,session8
430,./server/src/controllers/integrationsController.ts,632,    logger.error('Error disconnecting Jira'; error);,SAFE_LOG,N/A,    logger.error('Error disconnecting Jira'; error);,2026-05-28T23:00:00Z,session8_subagents_1-20,session8
431,./server/src/controllers/integrationsController.ts,673,    logger.error('Error connecting AWS'; error);,SAFE_LOG,N/A,    logger.error('Error connecting AWS'; error);,2026-05-28T23:00:00Z,session8_subagents_1-20,session8
432,./server/src/controllers/integrationsController.ts,712,    logger.error('Error syncing AWS data'; error);,SAFE_LOG,N/A,    logger.error('Error syncing AWS data'; error);,2026-05-28T23:00:00Z,session8_subagents_1-20,session8
433,./server/src/controllers/integrationsController.ts,725,    logger.error('Error disconnecting AWS'; error);,SAFE_LOG,N/A,    logger.error('Error disconnecting AWS'; error);,2026-05-28T23:00:00Z,session8_subagents_1-20,session8
434,./server/src/controllers/integrationsController.ts,756,    logger.error('Error listing integrations'; error);,SAFE_LOG,N/A,    logger.error('Error listing integrations'; error);,2026-05-28T23:00:00Z,session8_subagents_1-20,session8
435,./server/src/controllers/integrationsController.ts,793,    logger.error('Error getting integration status'; error);,SAFE_LOG,N/A,    logger.error('Error getting integration status'; error);,2026-05-28T23:00:00Z,session8_subagents_1-20,session8
436,./server/src/controllers/integrationsController.ts,846,      logger.info(`Azure credentials validated for tenant ${tenantId}; subscription ${subscriptionId}`);,SAFE_LOG,N/A,      logger.info(`Azure credentials validated for tenant ${tenantId}; subscription ${subscriptionId}`);,2026-05-28T23:00:00Z,session8_subagents_1-20,session8
437,./server/src/controllers/integrationsController.ts,853,      logger.error('Azure credential validation failed'; errorMsg);,SAFE_LOG,N/A,      logger.error('Azure credential validation failed'; errorMsg);,2026-05-28T23:00:00Z,session8_subagents_1-20,session8
438,./server/src/controllers/integrationsController.ts,904,    logger.error('Error connecting Azure'; error);,SAFE_LOG,N/A,    logger.error('Error connecting Azure'; error);,2026-05-28T23:00:00Z,session8_subagents_1-20,session8
439,./server/src/controllers/integrationsController.ts,962,    logger.error('Error syncing Azure data'; error);,SAFE_LOG,N/A,    logger.error('Error syncing Azure data'; error);,2026-05-28T23:00:00Z,session8_subagents_1-20,session8
440,./server/src/controllers/integrationsController.ts,999,    logger.error('Error disconnecting Azure'; error);,SAFE_LOG,N/A,    logger.error('Error disconnecting Azure'; error);,2026-05-28T23:00:00Z,session8_subagents_1-20,session8
441,./server/src/controllers/integrationsController.ts,1046,    logger.error('Error running Azure full sync'; error);,SAFE_LOG,N/A,    logger.error('Error running Azure full sync'; error);,2026-05-28T23:00:00Z,session8_subagents_1-20,session8
442,./server/src/controllers/integrationsController.ts,1061,    logger.error('Error getting Azure sync status'; error);,SAFE_LOG,N/A,    logger.error('Error getting Azure sync status'; error);,2026-05-28T23:00:00Z,session8_subagents_1-20,session8
443,./server/src/controllers/integrationsController.ts,1081,    logger.error('Error getting Azure sync history'; error);,SAFE_LOG,N/A,    logger.error('Error getting Azure sync history'; error);,2026-05-28T23:00:00Z,session8_subagents_1-20,session8
444,./server/src/controllers/integrationsController.ts,1109,    logger.error('Error getting Azure synced resources'; error);,SAFE_LOG,N/A,    logger.error('Error getting Azure synced resources'; error);,2026-05-28T23:00:00Z,session8_subagents_1-20,session8
445,./server/src/controllers/integrationsController.ts,1137,    logger.error('Error getting Azure synced security findings'; error);,SAFE_LOG,N/A,    logger.error('Error getting Azure synced security findings'; error);,2026-05-28T23:00:00Z,session8_subagents_1-20,session8
446,./server/src/controllers/integrationsController.ts,1165,    logger.error('Error getting Azure synced security alerts'; error);,SAFE_LOG,N/A,    logger.error('Error getting Azure synced security alerts'; error);,2026-05-28T23:00:00Z,session8_subagents_1-20,session8
447,./server/src/controllers/integrationsController.ts,1193,    logger.error('Error getting Azure synced users'; error);,SAFE_LOG,N/A,    logger.error('Error getting Azure synced users'; error);,2026-05-28T23:00:00Z,session8_subagents_1-20,session8
448,./server/src/controllers/integrationsController.ts,1220,    logger.error('Error getting Azure synced policies'; error);,SAFE_LOG,N/A,    logger.error('Error getting Azure synced policies'; error);,2026-05-28T23:00:00Z,session8_subagents_1-20,session8
449,./server/src/controllers/integrationsController.ts,1332,          logger.info(`API key validated successfully for ${provider}`; {,GAP_MEDIUM,MEDIUM,          logger.info(`API key validated successfully for ${provider}`; {,2026-05-28T23:00:00Z,session8_subagents_1-20,session8
450,./server/src/controllers/integrationsController.ts,1348,          logger.error(`API key validation failed for ${provider}:`; { message: errorMessage; status: validationError?.response?.status });,SAFE_LOG,N/A,          logger.error(`API key validation failed for ${provider}:`; { message: errorMessage; status: validationError?.response?.status });,2026-05-28T23:00:00Z,session8_subagents_1-20,session8
451,./server/src/controllers/integrationsController.ts,1390,          logger.info(`API key and secret validated successfully for ${provider}`; {,SAFE_LOG,N/A,          logger.info(`API key and secret validated successfully for ${provider}`; {,2026-05-28T23:00:00Z,session8_subagents_1-20,session8
452,./server/src/controllers/integrationsController.ts,1395,          logger.error(`API key validation failed for ${provider}:`; validationError);,SAFE_LOG,N/A,          logger.error(`API key validation failed for ${provider}:`; validationError);,2026-05-28T23:00:00Z,session8_subagents_1-20,session8
453,./server/src/controllers/integrationsController.ts,1446,        logger.info(`PAT validated successfully for ${provider}`; {,GAP_MEDIUM,MEDIUM,        logger.info(`PAT validated successfully for ${provider}`; {,2026-05-28T23:00:00Z,session8_subagents_1-20,session8
454,./server/src/controllers/integrationsController.ts,1462,        logger.error(`PAT validation failed for ${provider}:`; { message: errorMessage; status: validationError?.response?.status });,SAFE_LOG,N/A,        logger.error(`PAT validation failed for ${provider}:`; { message: errorMessage; status: validationError?.response?.status });,2026-05-28T23:00:00Z,session8_subagents_1-20,session8
455,./server/src/controllers/integrationsController.ts,1580,    logger.error('Error connecting provider'; error);,SAFE_LOG,N/A,    logger.error('Error connecting provider'; error);,2026-05-28T23:00:00Z,session8_subagents_1-20,session8
456,./server/src/controllers/integrationsController.ts,1606,    logger.error('Error in generic authorize'; error);,SAFE_LOG,N/A,    logger.error('Error in generic authorize'; error);,2026-05-28T23:00:00Z,session8_subagents_1-20,session8
457,./server/src/controllers/integrationsController.ts,1667,        logger.info(`Integration sync collected ${syncResult.evidenceCollected.length} evidence artifacts from ${integration.name}`);,SAFE_LOG,N/A,        logger.info(`Integration sync collected ${syncResult.evidenceCollected.length} evidence artifacts from ${integration.name}`);,2026-05-28T23:00:00Z,session8_subagents_1-20,session8
458,./server/src/controllers/integrationsController.ts,1670,      logger.info(,SAFE_LOG,N/A,      logger.info(,2026-05-28T23:00:00Z,session8_subagents_1-20,session8
459,./server/src/controllers/integrationsController.ts,1716,    logger.info(`Integration synced: ${provider} for organization ${organizationId}`);,SAFE_LOG,N/A,    logger.info(`Integration synced: ${provider} for organization ${organizationId}`);,2026-05-28T23:00:00Z,session8_subagents_1-20,session8
460,./server/src/controllers/integrationsController.ts,1718,    logger.error('Error syncing provider'; error);,SAFE_LOG,N/A,    logger.error('Error syncing provider'; error);,2026-05-28T23:00:00Z,session8_subagents_1-20,session8
461,./server/src/controllers/integrationsController.ts,1781,    logger.error('Error testing provider connection'; error);,SAFE_LOG,N/A,    logger.error('Error testing provider connection'; error);,2026-05-28T23:00:00Z,session8_subagents_1-20,session8
462,./server/src/controllers/integrationsController.ts,1820,    logger.info(`Collected ${evidence.length} evidence items from ${integration.name}`);,SAFE_LOG,N/A,    logger.info(`Collected ${evidence.length} evidence items from ${integration.name}`);,2026-05-28T23:00:00Z,session8_subagents_1-20,session8
463,./server/src/controllers/integrationsController.ts,1846,    logger.error('Error collecting provider evidence'; error);,SAFE_LOG,N/A,    logger.error('Error collecting provider evidence'; error);,2026-05-28T23:00:00Z,session8_subagents_1-20,session8
464,./server/src/controllers/integrationsController.ts,1923,    logger.error('Error bulk testing connections'; error);,SAFE_LOG,N/A,    logger.error('Error bulk testing connections'; error);,2026-05-28T23:00:00Z,session8_subagents_1-20,session8
465,./server/src/controllers/integrationsController.ts,1951,    logger.error('Error getting registry stats'; error);,SAFE_LOG,N/A,    logger.error('Error getting registry stats'; error);,2026-05-28T23:00:00Z,session8_subagents_1-20,session8
466,./server/src/controllers/integrationsController.ts,1999,    logger.info(`Integration disconnected: ${provider} for organization ${organizationId}`);,SAFE_LOG,N/A,    logger.info(`Integration disconnected: ${provider} for organization ${organizationId}`);,2026-05-28T23:00:00Z,session8_subagents_1-20,session8
467,./server/src/controllers/integrationsController.ts,2001,    logger.error('Error disconnecting provider'; error);,SAFE_LOG,N/A,    logger.error('Error disconnecting provider'; error);,2026-05-28T23:00:00Z,session8_subagents_1-20,session8
468,./server/src/controllers/onboardingController.ts,50,      logger.error('Failed to get onboarding progress:'; error);,SAFE_LOG,N/A,      logger.error('Failed to get onboarding progress:'; error);,2026-05-28T23:00:00Z,session8_subagents_1-20,session8
469,./server/src/controllers/onboardingController.ts,131,      logger.error('Failed to update onboarding progress:'; error);,SAFE_LOG,N/A,      logger.error('Failed to update onboarding progress:'; error);,2026-05-28T23:00:00Z,session8_subagents_1-20,session8
470,./server/src/controllers/onboardingController.ts,163,      logger.error('Failed to track onboarding event:'; error);,SAFE_LOG,N/A,      logger.error('Failed to track onboarding event:'; error);,2026-05-28T23:00:00Z,session8_subagents_1-20,session8
471,./server/src/controllers/onboardingController.ts,259,      logger.error('Failed to complete milestone:'; error);,SAFE_LOG,N/A,      logger.error('Failed to complete milestone:'; error);,2026-05-28T23:00:00Z,session8_subagents_1-20,session8
472,./server/src/controllers/onboardingController.ts,294,      logger.error('Failed to update onboarding preferences:'; error);,SAFE_LOG,N/A,      logger.error('Failed to update onboarding preferences:'; error);,2026-05-28T23:00:00Z,session8_subagents_1-20,session8
473,./server/src/controllers/onboardingController.ts,353,      logger.error('Failed to skip flow:'; error);,SAFE_LOG,N/A,      logger.error('Failed to skip flow:'; error);,2026-05-28T23:00:00Z,session8_subagents_1-20,session8
474,./server/src/controllers/onboardingController.ts,402,      logger.error('Failed to reset onboarding:'; error);,SAFE_LOG,N/A,      logger.error('Failed to reset onboarding:'; error);,2026-05-28T23:00:00Z,session8_subagents_1-20,session8
475,./server/src/controllers/onboardingController.ts,425,      logger.error('Failed to get onboarding checklist:'; error);,SAFE_LOG,N/A,      logger.error('Failed to get onboarding checklist:'; error);,2026-05-28T23:00:00Z,session8_subagents_1-20,session8
476,./server/src/controllers/onboardingController.ts,499,      logger.error('Failed to update onboarding checklist:'; error);,SAFE_LOG,N/A,      logger.error('Failed to update onboarding checklist:'; error);,2026-05-28T23:00:00Z,session8_subagents_1-20,session8
477,./server/src/controllers/organizationController.ts,33,      logger.error('Get organization error'; error);,SAFE_LOG,N/A,      logger.error('Get organization error'; error);,2026-05-28T23:00:00Z,session8_subagents_1-20,session8
478,./server/src/controllers/organizationController.ts,96,      logger.info(`Organization updated: ${organizationId}`);,SAFE_LOG,N/A,      logger.info(`Organization updated: ${organizationId}`);,2026-05-28T23:00:00Z,session8_subagents_1-20,session8
479,./server/src/controllers/organizationController.ts,98,      logger.error('Update organization error'; error);,SAFE_LOG,N/A,      logger.error('Update organization error'; error);,2026-05-28T23:00:00Z,session8_subagents_1-20,session8
480,./server/src/controllers/risksController.ts,66,      logger.error('List risks error'; error);,SAFE_LOG,N/A,      logger.error('List risks error'; error);,2026-05-28T23:00:00Z,session8_subagents_1-20,session8
481,./server/src/controllers/risksController.ts,100,      logger.error('Get risk error'; error);,SAFE_LOG,N/A,      logger.error('Get risk error'; error);,2026-05-28T23:00:00Z,session8_subagents_1-20,session8
482,./server/src/controllers/risksController.ts,165,      logger.info(`Risk created: ${risk.id}`);,SAFE_LOG,N/A,      logger.info(`Risk created: ${risk.id}`);,2026-05-28T23:00:00Z,session8_subagents_1-20,session8
483,./server/src/controllers/risksController.ts,167,      logger.error('Create risk error'; error);,SAFE_LOG,N/A,      logger.error('Create risk error'; error);,2026-05-28T23:00:00Z,session8_subagents_1-20,session8
484,./server/src/controllers/risksController.ts,280,      logger.info(`Risk updated: ${risk.id}`);,SAFE_LOG,N/A,      logger.info(`Risk updated: ${risk.id}`);,2026-05-28T23:00:00Z,session8_subagents_1-20,session8
485,./server/src/controllers/risksController.ts,282,      logger.error('Update risk error'; error);,SAFE_LOG,N/A,      logger.error('Update risk error'; error);,2026-05-28T23:00:00Z,session8_subagents_1-20,session8
486,./server/src/controllers/risksController.ts,319,      logger.info(`Risk deleted: ${id}`);,SAFE_LOG,N/A,      logger.info(`Risk deleted: ${id}`);,2026-05-28T23:00:00Z,session8_subagents_1-20,session8
487,./server/src/controllers/risksController.ts,321,      logger.error('Delete risk error'; error);,SAFE_LOG,N/A,      logger.error('Delete risk error'; error);,2026-05-28T23:00:00Z,session8_subagents_1-20,session8
488,./server/src/controllers/risksController.ts,371,      logger.info(`Risks prioritized: ${prioritized.length}`);,SAFE_LOG,N/A,      logger.info(`Risks prioritized: ${prioritized.length}`);,2026-05-28T23:00:00Z,session8_subagents_1-20,session8
489,./server/src/controllers/risksController.ts,373,      logger.error('Prioritize risks error'; error);,SAFE_LOG,N/A,      logger.error('Prioritize risks error'; error);,2026-05-28T23:00:00Z,session8_subagents_1-20,session8
490,./server/src/controllers/risksController.ts,405,      logger.info(`Remediation plan generated for risk: ${id}`);,SAFE_LOG,N/A,      logger.info(`Remediation plan generated for risk: ${id}`);,2026-05-28T23:00:00Z,session8_subagents_1-20,session8
491,./server/src/controllers/risksController.ts,407,      logger.error('Generate remediation error'; error);,SAFE_LOG,N/A,      logger.error('Generate remediation error'; error);,2026-05-28T23:00:00Z,session8_subagents_1-20,session8
492,./server/src/controllers/risksController.ts,607,      logger.info(`Risk scan completed for organization: ${organizationId}; found ${newRisks.length} new risks`);,SAFE_LOG,N/A,      logger.info(`Risk scan completed for organization: ${organizationId}; found ${newRisks.length} new risks`);,2026-05-28T23:00:00Z,session8_subagents_1-20,session8
493,./server/src/controllers/risksController.ts,609,      logger.error('Risk scan error'; error);,SAFE_LOG,N/A,      logger.error('Risk scan error'; error);,2026-05-28T23:00:00Z,session8_subagents_1-20,session8
494,./server/src/controllers/securityController.ts,56,      logger.error('Verify device trust error'; error);,SAFE_LOG,N/A,      logger.error('Verify device trust error'; error);,2026-05-28T23:00:00Z,session8_subagents_1-20,session8
495,./server/src/controllers/securityController.ts,89,      logger.error('Evaluate access request error'; error);,SAFE_LOG,N/A,      logger.error('Evaluate access request error'; error);,2026-05-28T23:00:00Z,session8_subagents_1-20,session8
496,./server/src/controllers/securityController.ts,103,      logger.error('Create Zero Trust policy error'; error);,SAFE_LOG,N/A,      logger.error('Create Zero Trust policy error'; error);,2026-05-28T23:00:00Z,session8_subagents_1-20,session8
497,./server/src/controllers/securityController.ts,114,      logger.error('Get Zero Trust policies error'; error);,SAFE_LOG,N/A,      logger.error('Get Zero Trust policies error'; error);,2026-05-28T23:00:00Z,session8_subagents_1-20,session8
498,./server/src/controllers/securityController.ts,130,      logger.error('Get Zero Trust policy error'; error);,SAFE_LOG,N/A,      logger.error('Get Zero Trust policy error'; error);,2026-05-28T23:00:00Z,session8_subagents_1-20,session8
499,./server/src/controllers/securityController.ts,165,      logger.error('Update Zero Trust policy error'; error);,SAFE_LOG,N/A,      logger.error('Update Zero Trust policy error'; error);,2026-05-28T23:00:00Z,session8_subagents_1-20,session8
500,./server/src/controllers/securityController.ts,197,      logger.error('Delete Zero Trust policy error'; error);,SAFE_LOG,N/A,      logger.error('Delete Zero Trust policy error'; error);,2026-05-28T23:00:00Z,session8_subagents_1-20,session8
